school_id,name,historical_names,zip,district_operator,school_type,opened_year,opened_confidence,opened_citation,closed_year,closed_confidence,closed_citation,successor_school_id,successor_confidence,successor_citation,notes,entity_type,reca_scope_status
ALL-001,Combs Intermediate School,St. Ferdinand Public School; Florissant School; Combs Elementary School; Combs School,63031,Ferguson-Florissant R-II School District (Florissant School District before the 1952 reorganization),"Public Elementary (now Intermediate, grades 3-5)",1876,probable,https://genealogy.mohistory.org/?page=2&q=genealogy%2Fbrowse%2F816,n/a,confirmed,https://cis.fergflor.org/,none,confirmed,,"Seed's 1876 opening is plausible: the Missouri Historical Society genealogy index (from Gretchen Crank's 'Reflections of the Florissant Valley', 1990) lists a 'St. Ferdinand Public School' at Washington St. between St. Jacques and St. Jean — the same block as today's Combs at 300 Rue St. Jean — and a district-history summary states the Florissant School District formed in 1871 and built St. Ferdinand Public School in 1876 (repeated on Grokipedia, an AI source, so year kept at 'probable'). The school's own website does not carry a founding year. Combs is 'famous for cherished artifact, the old St. Ferdinand School bell' (nomoz.org school listing), supporting the site lineage. The village public school was staffed by the Sisters of Loretto from the mid-1850s until 1887, when the public school board declined to license them (Florissant Valley Quarterly, July 2024). The origin of the 'Combs' name and when it was adopted were not found. School still operates as Combs Intermediate (grades 3-5).",individual_school,in_scope
ALL-003,Cross Keys School,Cross Keys School; Cross Keys one-room school,63031,"Florissant-area public school district (predecessor of Ferguson-Florissant R-II, exact district unverified)",Public Elementary (rural school),unknown,unknown,,unknown,unknown,,unknown,unknown,,"Real school, thinly documented online. The Missouri Historical Society genealogy index (from 'Reflections of the Florissant Valley', 1990) places 'Cross Keys School' on New Halls Ferry Road just north of Parker Road — in the old Cross Keys hamlet (which also had a general store and a post office per TownTapestry's Florissant history). The Florissant Valley Quarterly (Oct. 2022) prints a photo captioned 'Don Zykan Sr. in the 8th Grade class at Cross Keys School, Ferguson, 1942', confirming operation at least into 1942. Seed's 'Before 1951' opening and '1950s?' closing could not be verified; the 1950s hint is consistent with the 1952 Ferguson-Florissant R-II consolidation, but no source was found saying when the school closed or what absorbed it. A modern 'Cross Keys Middle School' (14205 Cougar Dr, Florissant 63033, still open) carries the community name but is a different institution — successor left 'unknown' rather than asserting continuity. Recommended human follow-up: Florissant Valley Historical Society files or FFSD records could pin down dates.",individual_school,unknown_insufficient_data
ALL-004,DeSmet School,DeSmet Elementary; De Smet Elementary,63031,Ferguson-Florissant R-II School District,Public Elementary,1953,probable,https://grokipedia.com/page/ferguson_florissant_school_district,unknown,unknown,,unknown,unknown,,"PARTIALLY UNVERIFIED: seed says 'Known Ferguson-Florissant school built in 1953' and an aggregated district history (Grokipedia, an AI-generated source that cites a district history) states 'DeSmet Elementary School opened in 1953 as the first new facility post-merger.' However, no independent confirmation was found: no 'DeSmet' school appears on current or recent FFSD rosters (2023-24 and 2026-27 district directories), on Wikipedia's list of former FFSD schools, or in the Missouri Historical Society's index of historic Florissant-area schools ('Reflections of the Florissant Valley'). Searches surface only De Smet Jesuit High School in Creve Coeur (unrelated, est. 1967) and DeSmet Public School in Missoula, MT. The school presumably existed (name honors Fr. Pierre DeSmet, ordained at St. Ferdinand in 1827) but has likely been renamed or closed — candidate renames could not be established. Recommend human follow-up: FFSD records center or Florissant Valley Historical Society should confirm the school, its address, and its fate before Track B spends effort on it.",individual_school,unknown_insufficient_data
ALL-005,Sacred Heart Catholic School,Sacred Heart Parish School; Sacred Heart School (Florissant),63031,Sacred Heart Parish / Archdiocese of St. Louis,Parochial Elementary (PK-8),1866,confirmed,https://www.sacredheartflorissant.org/history,n/a,confirmed,https://www.shcs-flo.org/history,none,confirmed,,"Seed confirmed: the parish's own history page states the first building constructed was the school — a two-story brick building at the corner of Jefferson and St. Louis Streets, opened September 1866; the upper floor served as the convent. Corroborated by the State Historical Society of Missouri finding aid for the Sacred Heart Church of Florissant records (S0052): 'Jesuits established Sacred Heart in 1866... that year, the first combination school and convent opened.' Sisters of St. Joseph taught first, joined/replaced by Sisters of the Most Precious Blood in 1877, who served until 1994. A second two-story classroom/teacherage was added in 1872 (not a separate seed row). The parish school remains open as Sacred Heart Catholic School at 501 St. Louis St (school site live, PK-8), independent of the 2018 All Saints Academy partnership. Building-level lineage is split across ALL-006/007/008. NOTE: the school website (shcs-flo.org/history) prints 'September 15, 1886' for the first day of school — internally inconsistent with its own 'twenty years later in 1866' framing and with the parish history and SHSMO; treated as a typo for 1866.",individual_school,in_scope
ALL-006,Sacred Heart School - 1866 Building,Original Sacred Heart School; Sacred Heart combination school and convent,63031,Sacred Heart Parish / Archdiocese of St. Louis,Parochial Elementary (building),1866,confirmed,https://www.sacredheartflorissant.org/history,1889,confirmed,https://www.sacredheartflorissant.org/history,ALL-007,confirmed,https://www.sacredheartflorissant.org/history,"First school building of the Sacred Heart parish school lineage (see ALL-005): two-story brick at Jefferson & St. Louis Sts, opened September 1866 with classrooms below and convent above. When the new school at St. Denis & Jefferson was dedicated November 28, 1889, this building 'remained as a convent for the Sisters' — it ceased school use in 1889 and the convent portion burned in 1903 (replaced 1904 by the convent building still standing at St. Louis & Jefferson). Successor recorded as the 1889 building (ALL-007), which took over classes.",individual_school,out_of_scope_closed_before_1949
ALL-007,Sacred Heart School - 1889 Building,Sacred Heart Parish School (1889 building),63031,Sacred Heart Parish / Archdiocese of St. Louis,Parochial Elementary (building),1889,confirmed,https://www.sacredheartflorissant.org/history,1952,probable,https://www.shcs-flo.org/history,ALL-008,confirmed,https://www.sacredheartflorissant.org/history,"Seed confirmed: replacement school at the corner of St. Denis and Jefferson Streets, plans drawn fall 1888, 'solemnly dedicated by the Very Rev. Henry Muehlsiepen, Vicar General of St. Louis, on Thanksgiving Day, November 28, 1889' (parish and school history pages). Upper-grade classes moved to the new St. Louis Street building in 1952 — the basis for 'closed 1952' — but the building did not stop being used for education: the school's own history says it is 'today home for Preschool and Kindergarten students' and 'was also used by the Archdiocesan Special Education Learning Center for over 30 years.' Closed_year kept at 1952 (probable) meaning 'ceased to be the main school,' with the continued PreK/K use noted here.",individual_school,in_scope
ALL-008,Sacred Heart School - 1952 Building,Sacred Heart Catholic School (current building),63031,Sacred Heart Parish / Archdiocese of St. Louis,Parochial Elementary (building),1952,confirmed,https://www.sacredheartflorissant.org/history,n/a,confirmed,https://www.shcs-flo.org/,none,confirmed,,"Seed confirmed: 'In 1952 it became necessary to build a new school. The corner stone was laid on March 23, 1952. It faced St. Louis Street' (parish history); the school opened for the 1952-53 year per the seed and remains the operating Sacred Heart Catholic School at 501 St. Louis St. Still open (school website active; independent of All Saints Academy).",individual_school,in_scope
ALL-009,St. Ferdinand School,St. Ferdinand Catholic School; St. Ferdinand Parish School; St. Ferdinand Elementary,63031,St. Ferdinand Parish / Archdiocese of St. Louis,Parochial Elementary (PK-8),1887,confirmed,https://florissantvalleyhs.com/newsletters/202407.pdf,2018,confirmed,https://www.stlouisreview.com/story/new-north-county-partnership-school-to-be-named-all-saints-academy/,ALL-014,confirmed,https://www.stlouisreview.com/story/new-north-county-partnership-school-to-be-named-all-saints-academy/,"Resolved seed's 'Unknown' opening: the parish school of St. Ferdinand's dates from 1887 — Gilbert Garraghan's 1923 history (Jesuit Archives, chap. 42) states the parish school 'dates from 1887' and opened September 1887 in temporary quarters in the Sisters' house, and the Florissant Valley Quarterly (July 2024) gives the exact opening as September 5, 1887 after the public school board declined to license the Sisters of Loretto. A permanent parochial schoolhouse at Old St. Ferdinand was built in 1888 (May 1888 bid letter). Older school tradition on the site: St. Rose Philippine Duchesne's girls' school (1819) and the Loretto-staffed village public school (from the 1840s/mid-1850s until 1887) — related institutions, not the parochial school itself. The school moved to the current Charbonier Road campus in 1955 (parish history: first Mass 1955 in the 'combination church and school building'; additions through the 1960s). In 2018 the school merged into the All Saints Academy partnership and its campus became All Saints Academy - St. Ferdinand Campus (ALL-014); recorded closed 2018 as an independent school. St. Sabina and St. Martin de Porres parishes were merged into St. Ferdinand Parish in 2023 (post-dates the school merger).",individual_school,in_scope
ALL-011,St. Sabina School,St. Sabina Parish School; St. Sabina Catholic School,63031,St. Sabina Parish / Archdiocese of St. Louis,Parochial Elementary,1961,confirmed,https://stferdinandstl.org/history,2010,confirmed,https://stferdinandstl.org/history,unknown,unknown,,"Seed confirmed verbatim by the (now-merged) parish's surviving history page: 'St. Sabina Parish was founded in 1960... St. Sabina School opened in 1961 and closed in 2010. The parish was merged into St. Ferdinand Parish in 2023.' The church at 1625 Swallow Lane was built as 'a gymnasium attached to a school' and dedicated in 1963 (April 2026 canonical closure decree, St. Louis Review). NUANCE: after the parish school closed, the site hosted 'The Academy at St. Sabina' — an Archdiocese of St. Louis Department of Special Education school for students with special needs (~29-30 students, NCES PSS 2015-16 and 2017-18; still open as of January 2019 per flovalleynews.com). It closed within 2016-2021 per the Feb. 2021 St. Louis Review article on Trinity Catholic. The Academy was a different institution (special-education program), so no successor school_id is recorded; the site detail is noted for whoever surveys yearbooks there.",individual_school,in_scope
ALL-012,St. Norbert School,St. Norbert Catholic School; St. Norbert Parish School,63031,St. Norbert Parish / Archdiocese of St. Louis,Parochial Elementary (PK-8),1988,confirmed,https://www.saintnorbert.com/school-history.html,2018,confirmed,https://www.stlouisreview.com/story/new-north-county-partnership-school-to-be-named-all-saints-academy/,ALL-013,confirmed,https://www.stlouisreview.com/story/new-north-county-partnership-school-to-be-named-all-saints-academy/,"Seed confirmed by the parish's own history pages: St. Norbert School opened September 1988 with grades K-3 (first principal Sr. Rosalie Wisneski, OSF), added a grade each year, and graduated its first class in 1995. In August 2018 it became part of the All Saints Academy partnership school — its campus is now All Saints Academy - St. Norbert Campus (ALL-013). Parish itself was founded May 18, 1965 (Cardinal Ritter); church first Mass Sept. 3, 1967. MINOR FLAG: seed and the parish use 16455 New Halls Ferry Road; the academy's admissions page prints '16475 New Halls Ferry Rd' — likely a typo on the academy site.",individual_school,in_scope
ALL-013,All Saints Academy - St. Norbert Campus,St. Norbert School (continues as campus),63031,"All Saints Academy (partnership of St. Norbert, St. Ferdinand and formerly St. Rose Philippine Duchesne parishes) / Archdiocese of St. Louis",Parochial Elementary (PK-8),2018,confirmed,https://www.stlouisreview.com/story/new-north-county-partnership-school-to-be-named-all-saints-academy/,n/a,confirmed,https://www.allsaintsacademystl.org/admissions/st-norbert-campus,none,confirmed,,"Seed confirmed: All Saints Academy was announced January 25, 2018 and opened for the 2018-19 school year as a partnership-model school uniting St. Ferdinand, St. Norbert and St. Rose Philippine Duchesne schools (St. Louis Review, Feb. 2018 and Aug. 2018). The St. Norbert campus continues at the former St. Norbert School site on New Halls Ferry Rd. Still operating — the academy's admissions site lists St. Ferdinand and St. Norbert campuses; the third campus (St. Rose Philippine Duchesne) closed after the 2022-23 year amid enrollment decline (St. Louis Review, June 2023).",individual_school,in_scope
ALL-014,All Saints Academy - St. Ferdinand Campus,St. Ferdinand School (continues as campus),63031,"All Saints Academy (partnership of St. Ferdinand, St. Norbert and formerly St. Rose Philippine Duchesne parishes) / Archdiocese of St. Louis",Parochial Elementary (PK-8),2018,confirmed,https://www.stlouisreview.com/story/new-north-county-partnership-school-to-be-named-all-saints-academy/,n/a,confirmed,https://www.allsaintsacademystl.org/,none,confirmed,,"Seed confirmed: this is the St. Ferdinand School campus operating under the All Saints Academy partnership since the 2018-19 school year (successor entity to ALL-009). Still operating at 1735 Charbonier Rd (~180 students per the St. Ferdinand parish history page). The third ASA campus, St. Rose Philippine Duchesne, closed in 2023, leaving St. Ferdinand and St. Norbert as the two remaining campuses.",individual_school,in_scope
ALL-015,North County Christian School,North County Day School; North County Christian Academy,63031,Private (founded by Ferguson Church of the Nazarene),Private PK-12 Christian,1962,confirmed,https://www.greaternorthcountychamber.com/north-county-christian-school/,n/a,confirmed,https://www.privateschoolreview.com/north-county-christian-school-profile/63031,none,confirmed,,"SEED ERROR: seed lists opened 1994; the school was actually founded in 1962 as 'North County Day School' by Rev. Udell G. Moss, starting as a kindergarten in the Ferguson Church of the Nazarene basement (one teacher, twelve students). Confirmed by the school's history as republished by the Greater North County Chamber and by a 2012 Florissant Patch article marking its 50th anniversary. It moved to 1309 N. Elizabeth in Ferguson in 1966, then purchased the current 14-acre campus at 845 Dunn Road, Florissant on July 8, 2004 — grades 1-12 moved in within 50 days, preschool/kindergarten followed August 2005, remaining fields acquired 2007. privateschoolreview lists 'Year Founded 1962'. Still operating (PK-12). The seed's 1994 is unexplained — possibly a conflation with a re-incorporation or expansion year.",individual_school,in_scope
ALL-016,Atonement Lutheran School,Atonement Lutheran Church School,63031,Lutheran Church of the Atonement (ELCA),Parochial/Private Elementary (PK-8),1956,probable,https://www.privateschoolreview.com/popular-comparisons/atonement-lutheran-school-vs-north-county-christian-school/15628/15855,n/a,confirmed,https://www.alcs-web.com/celebrate2,none,confirmed,,"Seed's 'Unknown' opening resolved to 1956 (probable): privateschoolreview states 'Established in 1956, Atonement Lutheran School is a non-profit parochial school in Florissant, MO operated by the Lutheran Church of the Atonement.' The congregation itself was founded in 1951 per St. Louis Patina's profile of the church building — consistent with a 1956 school start. Still operating (PK-8, ~220 students per elementaryschools.org; school site alcs-web.com active). SEED ERROR: district/operator listed as 'LCMS' — the school is ELCA (the comparison profile explicitly says 'E.L.C.A.', and the congregation's materials use ELCA branding). One source (MoHistory index, 'Reflections of the Florissant Valley') maps a 'Lutheran Church of the Atonement' at St. Francois at St. Ferdinand St. — an earlier church site; the school/church sit on N. New Florissant Rd today.",individual_school,in_scope
ALL-017,Grace Christian Academy,Grace Christian School; Foundation Christian Academy,63031,Private Christian (ministry of Dorsett Village Church since 2012),Private PK-8 Christian,1981,confirmed,https://www.fcastl.org/about,n/a,confirmed,https://nces.ed.gov/surveys/pss/privateschoolsearch/school_detail.asp?ID=BB220387,none,confirmed,,"Seed's 'Unknown' opening resolved: the school's own history page (fcastl.org) says 'On August 31st, 1981, the doors of Grace Christian School were opened for the very first time' with 96 students. Same address and phone as the NCES 'Grace Christian Academy' listing (2890 Patterson Rd, 314-837-8283; PSS 2023-24, K-8, 54 students) — the school now brands itself 'Foundation Christian Academy' and the legal nonprofit is 'Grace Christian Academy St Louis' (EIN 83-4588278, 501(c)(3) ruling March 2023). Itinerary: opened 1981 → purchased Penn Junction Elementary from Pattonville SD in May 1985 (home for 28 years) → became a ministry of Dorsett Village Church January 2012 → ~4 years in the Briarcrest building (Pattonville) → ~1 year in Overland → moved in 2018 into the Christ First Church facility at 2890 Patterson Rd, Florissant. So the school only arrived at the seed's address in 2018; pre-2018 attendance records would live under earlier names/addresses. Still operating.",individual_school,in_scope
ALL-018,Marygrove School / Marygrove Services,Marygrove; House of the Good Shepherd (St. Louis); Convent of the Good Shepherd,63031,Catholic Charities of St. Louis (founded by the Sisters of the Good Shepherd),Private Special Education,1969,probable,https://theclio.com/entry/149142,n/a,probable,https://marygrovechildren.org/about/,none,confirmed,,"The Florissant campus at 2705 Mullanphy Lane was established in 1969 when the Sisters of the Good Shepherd relocated from their Gravois Avenue convent (operated there 1895-1969; the order has served St. Louis since 1849 and counts the institution's heritage to that date). Operated by Catholic Charities of St. Louis since ~1983 (GuideStar EIN 43-1024440, 'Child Center - Marygrove'). The on-campus 'Marygrove School' is a private special-education day school for residents; NCES PSS lists 'Marygrove Services, Inc.' (grades 5-11, nonsectarian) through 2021-22. Organization is still operating (active site, 2024-25 reports), though GuideStar notes residential program consolidation after 2021 - whether the on-campus school still operates as a separate school should be confirmed; the residential program has shrunk. Recommended human follow-up: Catholic Charities program office can confirm current on-campus school status. Note the school serves girls/boys in residential treatment - yearbook output likely minimal or nonexistent.",individual_school,in_scope
ALL-019,Oak Bridge School,Oak Bridge,63031,"Private (independent, MNSAA-accredited)",Private Elementary (nursery-6),unknown,unknown,,n/a,probable,http://www.oakbridgeschool.org/,none,confirmed,,"Small private accredited school (MNSAA) at 3465 Shackelford Rd, Florissant, nursery/6 weeks through grade 6, using a Howard Gardner Multiple Intelligences curriculum. Founding date not found online; earliest hard evidence is its first NCES Private School Universe Survey response for 2017-18 (enrollment 40, dropping to 17 by 2021-22) per ProPublica's private-school demographics tool, and the school's own site copyrighted 2018 - so it was operating by ~2017. Currently open and offering tours (oakbridgeschool.org; listed open on third-party directories).",individual_school,in_scope
ALL-020,Hazelwood High School - Original (Dunn Road),Hazelwood High School; Original Hazelwood High School,63138,Hazelwood School District,Public High School,1954,confirmed,https://chs.hazelwoodschools.org/about-us/about-us,1966,probable,https://chs.hazelwoodschools.org/about-us/about-us,ALL-021,confirmed,https://chs.hazelwoodschools.org/about-us/about-us,"The first Hazelwood High School building, completed 1954 at 1865 Dunn Road in the Spanish Lake area of unincorporated north St. Louis County, per Hazelwood Central HS's own About Us history page (ninth grade initiated in the district in 1954-55 per the stipulated history in United States v. Hazelwood School District, 392 F. Supp. 1276 (E.D. Mo. 1975)). Seed's closed year of 1965 is off by one: the second Hazelwood High School was built in 1965 and opened in 1966, ending this building's tenure as the district high school - 1966 is the correct 'closed as Hazelwood HS' year. The building was never demolished or idled: it remained a district school and today houses the Hazelwood Opportunity Center (alternative HS program) at the same address (cross-reference: ALL-476 in another batch). SEED ZIP FLAG: 1865 Dunn Road is ZIP 63138 (Spanish Lake), not 63031. This school is also duplicated as ALL-063/ALL-084/ALL-125/ALL-259/ALL-458/ALL-459 elsewhere in the seed data.",individual_school,in_scope
ALL-021,Hazelwood High School - Second Building (New Halls Ferry),Hazelwood High School,63031,Hazelwood School District,Public High School,1966,confirmed,https://chs.hazelwoodschools.org/about-us/about-us,1974,probable,https://en.wikipedia.org/wiki/Hazelwood_Central_High_School,ALL-022,confirmed,https://chs.hazelwoodschools.org/about-us/about-us,"The second Hazelwood High School opened in 1966 at 15875 New Halls Ferry Road with 2,515 students in grades 10-12, per the school's own history page (Wikipedia gives 'built 1965, opened 1966'). It never actually closed: 'Hazelwood High School' here is the same institution as today's Hazelwood Central High School (ALL-022) - the 'Central' designator appeared in 1974 to distinguish it from the new East and West schools (opened 1977), so 1974 is recorded as the year this name/identity ended. Row kept separate from ALL-022 per no-silent-merge rule, but this is a rename, not a replacement. The school was so overcrowded it ran split double shifts in 1970-72.",individual_school,in_scope
ALL-022,Hazelwood Central High School,Hazelwood High School (1966-1974),63031,Hazelwood School District,Public High School,1966,confirmed,https://chs.hazelwoodschools.org/about-us/about-us,n/a,confirmed,https://chs.hazelwoodschools.org/about-us/about-us,none,confirmed,,"Continuation of ALL-021 under the 'Central' name adopted ~1974 when Hazelwood East and West opened (they began classes 1977). Some sources, including Wikipedia's infobox, list 'Established 1954' - that counts the whole Hazelwood High School lineage back to the Dunn Road building (ALL-020), not this campus. Still operating at 15875 New Halls Ferry Rd (NCES ID 291383000622, ~1,718 students 2024-25). Yearbook name: 'Torch'. Duplicated in other batches as ALL-062/ALL-086/ALL-124/ALL-258/ALL-531 (and mislabeled ALL-460 'Dunn Road Campus').",individual_school,in_scope
ALL-023,Brown School,James School; Douglas and James School; Brown School,63031,Brown rural school district / Hazelwood School District (from 1950),Public Elementary (one-room),1859,probable,https://oldjamestownassociation.org/old-jamestown-history-highlights/,1950,probable,https://oldjamestownassociation.org/old-jamestown-history-highlights/,unknown,unknown,,"One-room rural school on the north side of Old Jamestown Road east of Douglas Rd (near Carrico Rd), per Ch. 1 of Franzwa's 1977 'History of the Hazelwood School District' as excerpted by the Old Jamestown Association. Founded when 'Uncle Billy' James deeded 3/4 acre to the school board on December 9, 1859; the brick school was originally called James School, then Douglas and James, finally Brown School (named for the adjoining Brown family - David, Clement, William). Taken over by the new Hazelwood School District in 1950, after which the building became a residence/parsonage for Salem Baptist Church across the street (still standing). Seed's '1950s?' close is consistent. The modern namesake successor serving the area is Brown Elementary (3325 Chickory Creek Lane, brn.hazelwoodschools.org - matches seed 'Current Address'); it appears in other seed batches as ALL-092/ALL-120. Not merged per no-silent-merge rule.",individual_school,in_scope
ALL-024,Cold Water School,Cold Water School; Coldwater School; Old Cold Water School,63031,Cold Water rural school district / Hazelwood School District (from 1950),Public Elementary (one-room),unknown,unknown,,1954,confirmed,https://de.stlouiscountymo.gov/st-louis-county-departments/parks/about-us/st-louis-county-landmarks/florissant-vicinity/,unknown,unknown,,"County District #2. A log Cold Water School near Vaile & Old Halls Ferry Rd existed by the 1840s (the school the Brown School pupils were walking miles to, per Franzwa ch. 1); it burned in 1850 and the surviving one-room brick building was built in 1859 (150th anniversary celebrated 2009, per the Hazelwood district press release carried by flovalleynews.com). Annexed into Hazelwood School District February 18, 1950; closed spring 1954 per the St. Louis County landmarks page. Building survives as a museum on the HSD Learning Center grounds at 15875 New Halls Ferry Rd, in front of Hazelwood Central HS. Namesake modern successor: Cold Water Elementary, 1105 Wiethaupt Rd (cws.hazelwoodschools.org - matches seed 'Current Address'); appears in other batches as ALL-093/ALL-119. Building-dating nuance: opened_year left unknown because the school entity predates 1859 (the 1859 date is the surviving building).",individual_school,in_scope
ALL-025,Prigge School / Larimore School,Prigge School; Larimore School,63031,Prigge (Larimore) rural school district / Hazelwood School District (from 1951),Public Elementary (one-room),unknown,unknown,,1951,probable,https://pipes.family/2025/05/the-education-of-st-ferdinand/,unknown,unknown,,"CONFLATED NAME: 'Prigge' and 'Larimore' are not two schools - per Franzwa's 1977 district history (Ch. 6), 'Prigge is the predecessor name for the Larimore district.' The Prigge district elected to join Hazelwood in a special election on July 29, 1951. Franzwa notes at least three 'Prigge'-annotated schoolhouse sites on a 1927 map (named for Charles F. Prigge family), plus a possible 'colored school' on Prigge land whose location is unrecorded. The school line continued as Larimore; the namesake modern successor is Larimore Elementary, 1025 Trampe Lane (63138, lar.hazelwoodschools.org), appearing in other batches as ALL-464/ALL-534. Closed_year 1951 = end of independent-district operation, not necessarily last day classes met in the building.",individual_school,in_scope
ALL-026,Hyatt School,Hyatt School,63031,Hyatt rural school district / Hazelwood School District,Public Elementary (one-room),unknown,unknown,,1951,probable,https://law.justia.com/cases/federal/district-courts/FSupp/392/1276/1580584/,unknown,unknown,,"County District #10 per a sibling seed row (ALL-254, 'Closed/Converted'). One of the 13 schoolhouses that became the Hazelwood School District (district press release via flovalleynews.com, 2009). Located on/near Shackelford Road; almost certainly named for the Hyatt family whose farms anchored that area - the Joseph Hyatt House (2625 Shackelford Rd, c.1860) is a St. Louis County landmark. Exact annexation/closure year not found; '1951' recorded as probable = end of the district's 1949-1951 annexation window documented in United States v. Hazelwood School District, 392 F. Supp. 1276 (E.D. Mo. 1975). Building may have continued as a Hazelwood district school afterward. No namesake modern school.",individual_school,in_scope
ALL-027,Elm Grove School,Elm Grove School; Old Elm Grove School; The Little Red Schoolhouse,63042,Elm Grove rural school district / Hazelwood School District,Public Elementary (one-room),1852,confirmed,https://www.hmdb.org/m.asp?m=217345,1952,confirmed,https://www.hmdb.org/m.asp?m=217345,unknown,unknown,,"County District #9; established 1852, one of the earliest school buildings in the county. Closed 1952 'following the organization of the Hazelwood School District' per the City of Hazelwood historical marker; building moved to Brookes Park (450 Brookes Dr, Hazelwood 63042) in 1966 (Esley Hamilton's St. Louis County rural-schools survey says rebuilt in the park 1961 - minor discrepancy) and is preserved as 'The Little Red Schoolhouse,' a county landmark. SEED FLAG: address '450 Brookes Lane' is the relocated-museum site at 450 Brookes Dr, Hazelwood (ZIP 63042, not 63031), not the original school location, which I could not pin down online. A sibling seed row 'Old Elm Grove School' (ALL-249, ZIP 63045, 'Closed/Relocated') is the same school/building.",individual_school,in_scope
ALL-028,Pea Ridge School,Pea Ridge School,63031,Pea Ridge rural school district / Hazelwood School District,Public Elementary (one-room),unknown,unknown,,1951,probable,https://law.justia.com/cases/federal/district-courts/FSupp/392/1276/1580584/,unknown,unknown,,"Verified as a real school: USGS GNIS 'Pea Ridge School' (N38.810882, W90.195388) appears on the Columbia Bottom, MO topo quad in north St. Louis County (topoquest.com listing). One of the 13 schoolhouses consolidated into the Hazelwood School District 1949-1951 (federal court stipulation, 392 F. Supp. 1276; district press release list via flovalleynews.com). 1951 = end of the documented annexation window; exact school-level closure year not found online. Building no longer stands or is a private residence. No successor school identified - students would have fed Hazelwood district elementaries.",individual_school,in_scope
ALL-029,Columbia Bottom School,Columbia Bottom School,63031,Columbia Bottom rural school district / Hazelwood School District,Public Elementary (one-room),unknown,unknown,,1951,probable,https://law.justia.com/cases/federal/district-courts/FSupp/392/1276/1580584/,unknown,unknown,,Named in the Hazelwood district's own 2009 list of the 13 schoolhouses consolidated into the district (via flovalleynews.com) and in the 1949-1951 annexation history stipulated in 392 F. Supp. 1276. Presumably in the Columbia Bottoms/Columbia Bottom Road area at the confluence of the Missouri and Mississippi rivers (northeast corner of the county - the 'Columbia Bottom' USGS quad); no building record or dates found online. 1951 = probable end of independent operation. Nothing further found; likely requires Franzwa's 1977 'History of the Hazelwood School District' (print) or county deed records - recommended human follow-up.,individual_school,in_scope
ALL-030,Vossenkemper School,Vossenkemper School,63031,Vossenkemper rural school district / Hazelwood School District,Public Elementary (one-room),unknown,unknown,,1951,probable,https://law.justia.com/cases/federal/district-courts/FSupp/392/1276/1580584/,unknown,unknown,,"Verified real: one of the 13 Hazelwood-consolidation schoolhouses (district press release list, flovalleynews.com 2009). Located at Robbins Mill (later Highway 67) near Jamestown per the 1989 St. Louis County North historic buildings inventory (Esley Hamilton, Phase II: Black Jack); also annotated as a family-named school on the 1935 USGS Columbia Bottom topo sheet (pastmaps.com). No operating dates found; '1951' = probable end of independent operation in the 1949-1951 annexation window. Likely named for the Vossenkemper family of the New Bielefeld/Black Jack area.",individual_school,in_scope
ALL-031,Black Jack School,Black Jack School,63033,Black Jack rural school district / Hazelwood School District,Public Elementary,unknown,unknown,,1951,probable,https://law.justia.com/cases/federal/district-courts/FSupp/392/1276/1580584/,unknown,unknown,,"One of the 13 schoolhouses consolidated into Hazelwood School District (1949-1951 window; court stipulation + district press release list). The community's school lot at what is now Black Jack City Hall (4655 Parker Road) was purchased by the local school board in the 1850s; the surviving 1928 school building at that address is now Black Jack City Hall per the St. Louis County historic buildings inventory. Not to be confused with the Salem Lutheran/Parker Road School (1895, private Lutheran school, county landmark) on the same road. ZIP: Black Jack addresses are 63033, not seed's 63031. No post-consolidation dates found; whether the 1928 building operated as a Hazelwood district school past 1951 is unresolved.",individual_school,in_scope
ALL-032,McCluer North High School,McCluer North,63033,Ferguson-Florissant School District R-II,Public High School,1971,probable,https://en.wikipedia.org/wiki/McCluer_North_High_School,n/a,confirmed,https://mnhs.fergflor.org/,none,confirmed,,"Seed's 1971 opening confirmed: founded 1971 at 705 Waterford Drive (bounded by St. Catherine and Parker Rd, facing the Florissant Civic Center) to relieve the original McCluer High School (built for 3,300, enrollment 4,500+ by 1971 with split sessions); students split into McCluer North and McCluer High Schools beginning with the 1972-73 year per the McCluer HS history. Still operating (mnhs.fergflor.org; 'Stars'). Sister schools elsewhere in the seed: McCluer HS (ALL-111 etc.) and McCluer South-Berkeley HS (ALL-113 etc.).",individual_school,in_scope
ALL-033,Cross Keys Middle School,Cross Keys Junior High School; Cross Keys Jr. High; Cross Keys School,63033,Ferguson-Florissant R-II School District,Public Middle School (grades 7-8; transitioning to 6-8),1960s,probable,https://wedgwoodsubdivision.com/wedgwood-history,n/a,confirmed,https://ckms.fergflor.org/our-school,none,confirmed,,"Refined seed's '1960s?' to probable 1960s: the Wedgwood subdivision HOA history states FFSD acquired the land on which the Wedgwood and Cross Keys schools were later built during the subdivision's construction (fall 1963 - May 1967); a classmates.com listing shows a Cross Keys alumnus from 1968-69 and a 1971 'The Padlock' yearbook for 'Cross Keys Jr. High' (grades 6-9) exists. Exact opening year not found online. Operated as Cross Keys Junior High (grades 6-9) before becoming a middle school. The Missouri Historical Society genealogy index lists an earlier 'Cross Keys School' at New Halls Ferry Road just north of Parker Road - a different site ~1 mi south, likely the rural predecessor school the current campus replaced; that lineage is unverified. FFSD's 2027-28 restructuring plan will convert Cross Keys to a 6-8 middle school (fergflor.org board post). Currently operating at 14205 Cougar Drive.",individual_school,in_scope
ALL-034,Wedgwood 6th Grade Center,Wedgwood Elementary School; Wedgewood Elementary School; Wedgwood School,63033,Ferguson-Florissant R-II School District,Public Sixth Grade Center (former elementary),1960s,probable,https://wedgwoodsubdivision.com/wedgwood-history,n/a,confirmed,https://nces.ed.gov/ccd/schoolsearch/school_detail.asp?ID=291201000478,none,confirmed,,"Same land-acquisition evidence as ALL-033: FFSD acquired the Wedgwood school site while the surrounding Wedgwood subdivision was being built (fall 1963 - May 1967), so the school opened in the mid-to-late 1960s; exact year not found. Originally Wedgwood Elementary (K-6); converted to a 6th Grade Center when FFSD reconfigured grades to primary (PreK-2) / intermediate (3-5) / 6th-grade-center / middle (7-8) around 2019-2021 (Wikipedia district article lists it as 'Wedgewood Sixth Grade Center, formerly Wedgwood Elementary School'). Spelling varies: NCES uses 'Wedgwood', Wikipedia and some FFSD materials use 'Wedgewood'. Still operating at 14275 New Halls Ferry Road per NCES (2024-25) and the FFSD 2023-24 directory.",individual_school,in_scope
ALL-035,Commons Lane Elementary School,Commons Lane Primary School; Commons Lane Elementary,63033,Ferguson-Florissant R-II School District,Public Primary School (PreK-2; formerly K-6 elementary),unknown,unknown,,n/a,confirmed,http://new.fergflor.k12.mo.us/district-staff-directory/docs/FFSD%2023-24.pdf,none,confirmed,,"Currently operating at 2700 Derhake Road - listed in the official FFSD 2023-24 building directory and has its own site (clps.fergflor.org, 'Commons Lane Primary School'). Reconfigured from K-6 elementary to a PreK-2 primary school in FFSD's grade-level restructuring; feeding into an intermediate partner (likely Robinwood). Opening year not found in web sources; the surrounding Derhake subdivisions were built in the early-mid 1960s, suggesting a mid-1960s construction, but no citation found - left unknown.",individual_school,in_scope
ALL-036,Halls Ferry Elementary School,Halls Ferry Intermediate School; Halls Ferry School,63033,Ferguson-Florissant R-II School District,Public Intermediate School (grades 3-5; formerly K-6 elementary),unknown,unknown,,n/a,confirmed,http://new.fergflor.k12.mo.us/district-staff-directory/docs/FFSD%2023-24.pdf,none,confirmed,,Currently operating at 13585 New Halls Ferry Road (FFSD 2023-24 directory; 2018-19 parent handbook at resources.finalsite.net). Now serves grades 3-5 as 'Halls Ferry Intermediate School' after FFSD's grade reconfiguration (Wikipedia district article). Opening year not found online. Note: the Halls Ferry name traces to the 19th-century Hall's Ferry route; a different rural 'Halls Ferry'-area school lineage may exist in the historical record but was not verified.,individual_school,in_scope
ALL-037,Jury Elementary School,Jury School,63033,Hazelwood School District,Public Elementary,unknown,unknown,,n/a,confirmed,https://hazelwoodmo.org/DocumentCenter/View/756/Hazelwood-School-District-Map-PDF,none,confirmed,,"Operating at 11950 Old Halls Ferry Road - listed as school #26 on the official Hazelwood School District map/directory (City of Hazelwood document center) and reported in flovalleynews as an active school in 2009+. Jury is NOT one of the 13 rural schoolhouses that formed Hazelwood SD in 1949-51 (per the district's 150th-anniversary Coldwater School article listing them: Brown, Coldwater, Vossenkemper, Pea Ridge, Columbia Bottom, Prigge, Twillman, Black Jack, Elm Grove, Hyatt, Rosary, Garrett, Bonfils), so it is a post-consolidation building; the 'Jury School' former name suggests it may continue an older rural Jury district/school name, but no founding date found - left unknown.",individual_school,in_scope
ALL-038,Jamestown Elementary School,Jamestown School,63033,Hazelwood School District,Public Elementary (PK-5),unknown,unknown,,n/a,confirmed,https://nces.ed.gov/ccd/schoolsearch/school_detail.asp?ID=291383000626,none,confirmed,,"Operating at 13750 Old Jamestown Road - NCES status 'Open' (PK-5, NCES ID 291383000626) and school #17 on the official HSD map; school site jam.hazelwoodschools.org. Named for the Old Jamestown community, first documented 1819 (Phenias James advertised 'James' Town' lots; the 1988 Old Jamestown Community Area Study, oldjamestownassociation.org, covers the community history). The school itself is NOT among the 13 schoolhouses that formed Hazelwood SD in 1949-51, so it is a post-consolidation building; opening year not found online - left unknown.",individual_school,in_scope
ALL-039,Parker Road Elementary School,Parker Road Primary School; Parker Road School; Parker Road Primary,63033,Ferguson-Florissant R-II School District,Public Primary School (PreK-2; formerly K-6 elementary),unknown,unknown,,n/a,confirmed,http://new.fergflor.k12.mo.us/district-staff-directory/docs/FFSD%2023-24.pdf,none,confirmed,,"Operating at 2800 Parker Road (FFSD 2023-24 directory). Served K-6 as recently as 2017 (flovalleynews Green Ribbon article mentions sixth-grade girls at Parker Road, May 2017); now a PreK-2 'Parker Road Primary School' under FFSD's grade reconfiguration. Opening year not found online - left unknown.",individual_school,in_scope
ALL-040,Robinwood Elementary School,Robinwood Intermediate School; Robinwood School,63033,Ferguson-Florissant R-II School District,Public Intermediate School (grades 3-5; formerly K-6 elementary),unknown,unknown,,n/a,confirmed,http://new.fergflor.k12.mo.us/district-staff-directory/docs/FFSD%2023-24.pdf,none,confirmed,,Operating at 955 Derhake Road (FFSD 2023-24 directory). Now serves grades 3-5 as 'Robinwood Intermediate School' after FFSD's reconfiguration. Opening year not found online - left unknown.,individual_school,in_scope
ALL-041,Townsend Elementary School,Townsend School,63033,Hazelwood School District,Public Elementary,unknown,unknown,,n/a,confirmed,https://tow.hazelwoodschools.org/contact-us,none,confirmed,,"Operating at 6645 Parker Road - school #19 on the official HSD map and its own site (tow.hazelwoodschools.org). Held a 'grand re-opening' on Nov. 24, 2008 after renovations under the Hazelwood 1st facilities program (flovalleynews, Nov. 2008). Not among the 13 original Hazelwood schoolhouses; original opening year not found - left unknown.",individual_school,in_scope
ALL-042,Ackerman School,Ackerman School,63033,Special School District of St. Louis County,Public Special Education School (ages 5-14 / K-8),1961,confirmed,https://www.ssdmo.org/our-story,n/a,confirmed,https://www.ssdmo.org/programs/special-education-in-ssd,none,confirmed,,"Seed's 'Unknown' resolved: SSD's own history page states 'In 1961, SSD opened Ackerman School in Florissant [as] the first special education school for the District' (SSD formed December 1957, began classes fall 1958). Still operating at 1550 Derhake Road serving students from Ferguson-Florissant, Hazelwood, Jennings and Riverview Gardens districts (flovalleynews, Aug. 2015; SSD site).",individual_school,in_scope
ALL-043,Northview High School,Northview School; Northview High,63033,Special School District of St. Louis County,Public Special Education High School (ages 14-21),unknown,unknown,,n/a,confirmed,https://northview.ssdmo.org/,none,confirmed,,"Operating at 1520 Derhake Road (northview.ssdmo.org). Building history: the previous Northview building was demolished in May 2015 and replaced by a new $30M facility designed by Bond Architects that opened Aug. 31, 2015 after weather delays (flovalleynews, Aug. 2015; bondarchitectsinc.com project page). The school's original founding year was not found online - presumably post-1958 as SSD expanded; left unknown. Serves the same attendance area as Ackerman (FFSD, Hazelwood, Jennings, Riverview Gardens).",individual_school,in_scope
ALL-044,North Technical High School,North Tech; North Technical School; North Technical High,63033,Special School District of St. Louis County,Public Career/Technical High School,1968,confirmed,https://appliedtech.edu/our-history/,n/a,confirmed,https://www.ssdmo.org/programs/special-education-in-ssd,none,confirmed,,"Seed's 'Unknown' resolved: SSD's official Applied Tech history page states the district moved into technical education in 1966, opened South Technical in 1967, and 'the following year, SSD opened North Technical High School in North St. Louis County' - i.e., 1968. Still operating at 1700 Derhake Road; one of SSD's two tech high schools and the only one enrolling full-time students eligible for athletic participation (flovalleynews, Aug. 2015). Hosts SSD's Applied Tech practical nursing program site. Named a Missouri A+ School in 2015 (ssdmo.org/our-story).",individual_school,in_scope
ALL-045,East Early Childhood Center,ECE East; Hazelwood East Early Childhood Education,63033,Hazelwood School District,Public Early Childhood Center (PreK),unknown,unknown,,n/a,confirmed,https://nces.ed.gov/ccd/schoolsearch/school_detail.asp?ID=291383003208,none,confirmed,,"SEED ERROR: the seed's District/Operator ('Special School District/Ferguson-Florissant') is wrong. NCES (ID 291383003208) places East Early Childhood Center in the Hazelwood district, and the official HSD map lists 'ECE East, 12555 Partridge Run' as Hazelwood site #29 - it is Hazelwood's early childhood education center, not an SSD or FFSD facility. Corrected district_operator accordingly. Still open per NCES. Opening year not found - left unknown.",individual_school,in_scope
ALL-046,Our Lady of Fatima School,Our Lady of Fatima Catholic School,63033,Our Lady of Fatima Parish / Archdiocese of St. Louis,Parochial Elementary (K-8),1950s,probable,https://stlouis.closedparishes.com/parish/our-lady-of-fatima-florissant/,2004,confirmed,https://www.privateschoolreview.com/our-lady-of-fatima-school-profile/63033,ALL-047,probable,https://www.stlpr.org/other/2005-05-08/burke-gives-new-names-to-consolidated-parishes-schools,"Parish founded 1950 and the church and school occupied the same building at 4500-50 Washington St. (closedparishes.com, sourcing Archdiocese 'Closed Parishes' records); the school likely opened in the early-mid 1950s - exact year not found, so '1950s' probable. School closed in 2004 (privateschoolreview.com NCES-derived record), one year BEFORE the parish itself closed in 2005. In 2005 the parish was dissolved: territory north of I-270 merged with St. Dismas and St. Thomas the Apostle to form St. Rose Philippine Duchesne Parish; the merged parish's school was placed at the former St. Thomas the Apostle School site - i.e., the school lineage continued at ALL-047, recorded as probable successor (students may also have gone to Blessed Teresa of Calcutta-parish-area schools south of I-270). The property sold for $1.6M in 2005: Johnny Londoff Chevrolet bought the site; Lindenwood University bought the church/school building for its North County campus (archbalt.org, Jan. 2012; flovalleynews, Mar. 2008 - the reuse is the separate seed row ALL-076). The convent at 4450 Washington was later sold to the City of Florissant.",individual_school,in_scope
ALL-047,St. Rose Philippine Duchesne School,St. Thomas the Apostle School; St. Rose Philippine Duchesne Catholic School,63033,St. Rose Philippine Duchesne Parish / Archdiocese of St. Louis,Parochial Elementary (K-8),1967,probable,Seed NCES-derived value; corroborated by parish/site history at stlouis.closedparishes.com/parish/st-thomas-the-apostle-florissant/,2018,confirmed,https://www.stlouisreview.com/story/new-north-county-partnership-school-to-be-named-all-saints-academy/,ALL-048,confirmed,https://www.stlouisreview.com/story/all-saints-academy-in-florissant-to-transition-from-three-campuses-to-two-for-2023-24-school-year/,"LINEAGE: the school at 3500 St. Catherine Street was originally St. Thomas the Apostle School (St. Thomas the Apostle Parish, founded 1960 - stlgs.org / closedparishes.com). The seed's NCES-derived 1967 opening is consistent with a mid-1960s school build on a 1960-founded parish site but was not independently verified - probable. In 2005 the parish merged with St. Dismas and Our Lady of Fatima (north of I-270) to form St. Rose Philippine Duchesne Parish; Archbishop Burke's announcement specified 'the school for the new parish will be at the current St. Thomas the Apostle School' (STLPR, May 2005), so the school was renamed St. Rose Philippine Duchesne School at that site (confirmed at 3500 St. Catherine in the 2017-18 MNSAA accredited-schools list). In 2018 the school joined St. Ferdinand and St. Norbert schools under the new All Saints Academy governance partnership (St. Louis Review) - recorded here as closed 2018 with successor ALL-048 (All Saints Academy - St. Rose campus, a separate seed row in batch04). That campus itself closed after the 2022-23 school year due to enrollment decline (St. Louis Review, June 2023); the parish was subsumed into Sacred Heart Parish, Florissant, on Aug. 1, 2023 under the 'All Things New' plan. NOTE: ALL-108 (batch05) is a cross-batch duplicate of successor ALL-048.",individual_school,in_scope
ALL-048,All Saints Academy - St. Rose Philippine Duchesne,All Saints Academy - St. Rose Philippine Duchesne Campus; All Saints Academy - St. Rose Campus,63033,Archdiocese of St. Louis (All Saints Academy partnership),Parochial Elementary,2018,confirmed,https://flovalleynews.com/?p=18945,2023,confirmed,https://www.stlouisreview.com/story/all-saints-academy-in-florissant-to-transition-from-three-campuses-to-two-for-2023-24-school-year/,ALL-013; ALL-014,probable,https://www.stlouisreview.com/story/all-saints-academy-in-florissant-to-transition-from-three-campuses-to-two-for-2023-24-school-year/,"All Saints Academy was created January 2018 as a three-campus partnership school combining St. Ferdinand, St. Norbert, and St. Rose Philippine Duchesne parish schools in Florissant (first year 2018-19). The St. Rose Philippine Duchesne campus at 3500 St. Catherine St closed for the 2023-24 school year after enrollment fell from 238 to 131 students with $878k+ deferred maintenance; enrolled students were offered transfers to the academy's St. Ferdinand (ALL-014) or St. Norbert (ALL-013) campuses, so the successor is the academy continuing at those two campuses (both ids listed - no single successor). Predecessor parish school on this site: St. Rose Philippine Duchesne School (ALL-047 in batch03), formed 2005 from the merger of the St. Thomas the Apostle and St. Dismas elementary schools (flovalleynews.com/?p=13919). DATA-QUALITY FLAG: seed row ALL-108 'All Saints Academy - St. Rose Campus' in batch05 is the same entity under a duplicate row - coordinator should reconcile. The parish itself (St. Rose Philippine Duchesne, formed 2005) was merged into Sacred Heart Parish in August 2023 under All Things New.",individual_school,in_scope
ALL-049,St. Thomas the Apostle School,St. Thomas the Apostle Catholic School; St. Thomas School,63033,St. Thomas the Apostle Parish / Archdiocese of St. Louis,Parochial Elementary,unknown,unknown,,2005,confirmed,https://www.stlpr.org/other/2005-05-08/burke-gives-new-names-to-consolidated-parishes-schools,ALL-047,confirmed,https://www.stlpr.org/other/2005-05-08/burke-gives-new-names-to-consolidated-parishes-schools,"SEED ADDRESS ERROR: seed lists '5300 Derby Lane' - no Derby Lane exists in Florissant; the parish and school were at 3500 St. Catherine St (Archdiocese closed-parishes list, St. Louis Genealogical Society, NCES-derived Education Bug listing all agree). Parish founded 1960 (formed from Our Lady of Fatima and St. Dismas territory); K-8 school documented at that address in NCES-derived records (~277 students). In the 2005 Northeast Deanery consolidation the parish was suppressed and merged with St. Dismas and part of Our Lady of Fatima to form St. Rose Philippine Duchesne Parish; per STLPR 'the school for the new parish will be at the current St. Thomas the Apostle School,' so the school entity continued as St. Rose Philippine Duchesne School (ALL-047 in batch03). Opening year not found online; school likely dates to the early-mid 1960s alongside the parish (founded 1960, church built 1966). Per St. Louis Review (Jan 2023), the current St. Rose school building previously housed Prep Seminary North, and 'the old St. Thomas School next door is now St. Catherine Retirement Community.'",individual_school,in_scope
ALL-050,St. Christopher School,St. Christopher Catholic School,63033,St. Christopher Parish / Archdiocese of St. Louis,Parochial Elementary,unknown,unknown,,2005,probable,https://public.files.capacity.com/b74c60b2-5d6b-4369-ae6a-8eed6e9bbb22/09dac8fb-8710-4c74-96a7-fe9c940e9898?FU=1727464698,ALL-080,probable,http://www.saintangelamerici.org/parishHistory.html,"Parish school of St. Christopher Parish, Florissant (1967-2005), at 11755 Mehl Ave / 11575 Old Halls Ferry Rd; school documented in NCES-derived listings (Education Bug, Trulia) at that address. In the 2005 consolidation the parish was suppressed: territory north of I-270 joined St. Angela Merici Parish in Florissant (school = ALL-080, batch05; St. Angela Merici's own parish history confirms it 'welcomed its newest members from Transfiguration and St. Christopher' in July 2005), while territory south of I-270 merged with four other parishes into Holy Name of Jesus Parish, whose students attended the new Christ, Light of the Nations School at the former St. John Neumann site in Spanish Lake (itself closed 2020). So the school closed with its parish in 2005 (probable - closure documented at parish level, school disposition inferred) and students split between ALL-080 and Christ, Light of the Nations (not in dataset). The school's own opening year not found; likely mid-1960s-1970s alongside the parish (founded 1967). The site later housed a 'St. Christopher Learning Center' (Archdiocese special-education site; see ALL-056 notes).",individual_school,in_scope
ALL-051,Salem Lutheran School,Salem Lutheran School; Salem Evangelical Lutheran School,63033,Salem Lutheran Church / LCMS,Parochial Elementary,1868,probable,https://salembjmo.org/about-us/,n/a,confirmed,https://salembjmo.org/re-enrollment2026/,none,confirmed,,"Corrected seed's 1895 (that is the one-room schoolhouse building date - see ALL-052). Per the congregation's own history: Salem Lutheran Church was organized November 1849 in New Bielefeld (now Black Jack), 'a school was organized soon after the church was established' with the pastor as teacher, and the first regular teacher (G. A. Just) was called in 1868 - 'school has been conducted without interruption to this day.' The founding year could be as early as ~1850; 1868 is the first firmly dated operation. Currently operating: re-enrollment open for 2026-27, PK-8, ~43 students (peak ~200 in the 2010s). Campus at 5180-5195 Parker Rd, Black Jack (mailing address Florissant 63033). Seed note about a 2026 all-school reunion is consistent with an active alumni association.",individual_school,in_scope
ALL-052,Salem Lutheran School - Original Building,Salem Lutheran School Old School House; Parker Road School,63033,Salem Lutheran Church / LCMS,Parochial Elementary (historic building),1895,confirmed,https://salembjmo.org/about-us/,1950,confirmed,https://salembjmo.org/about-us/,ALL-051,confirmed,https://salembjmo.org/about-us/,"BUILDING-VARIANT ROW, not a separate school: this is the 1895 one-room brick schoolhouse at ~5195 Parker Rd (St. Louis County Historic Buildings Inventory lists 'Salem Lutheran School, constructed c. 1895'). Per the church's own history it was built in 1895 across the street from the church and 'used as a classroom until 1950,' after which instruction continued in the school's newer facilities - so 'opened/closed' here are building-use dates for the same continuous school as ALL-051, which the seed deliberately split as an archival target. The 'Old School House' still stands, was designated a Historic Building of St. Louis County in 1970, and is used for youth group/Bible classes/applebutter canning. Note the county survey once incorrectly identified it as a public school. Kept as separate row per no-silent-merge rule; recommend coordinator treat as a campus of ALL-051.",individual_school,in_scope
ALL-053,Children's Village Christian School,Children's Village Christian School,63033,Private,Private Elementary,unknown,unknown,,n/a,probable,https://www.privateschoolreview.com/children-s-village-christian-school-profile,none,probable,,"Operating per NCES-derived directory data (privateschoolreview 2026-27 profile): PK-3, ~4 students, 1 teacher, at 13505 New Halls Ferry Rd, Florissant. Founding year not findable via web sources - the school has essentially no independent web presence beyond directory listings. A very small early-childhood program; low likelihood of yearbook production. Related seed row ALL-059 ('Children's Village Christian School - Historical', another batch) appears to be a duplicate of this entity.",individual_school,in_scope
ALL-054,Gateway Legacy Christian Academy,Gateway Legacy Christian Academy; Gateway Legacy Prep,63033,Private Christian,Private K-12 (international boarding/sports academy),2005,probable,https://www.privateschoolreview.com/gateway-legacy-christian-academy-profile,n/a,confirmed,https://www.gatewaylegacyprep.com/admissions.html,none,confirmed,,"Founded 2005 (NCES-derived 'Year Founded 2005') by Greg and Melissa Morrison; grew from one classroom to two campuses enrolling international boarding students from 35+ countries. Seed address 1360 Grandview Dr, Florissant 63033 is the current MS/HS campus per the school's site. In 2019 GLCA acquired the former St. Stanislaus Seminary / Urshan College property at 700 Howdershell Rd, Hazelwood 63031 as its second campus (ribbon cutting Oct 3, 2019). FOX 2 reported (Feb 2023) that Florissant shut the school down from Dec 2022 over fire/safety code violations, with partial reoccupancy allowed after; the school continued operating - its admissions site is live and privateschoolreview lists a 2026-27 profile.",individual_school,in_scope
ALL-055,Faith Christian School,Faith Christian School; Faith Christian School & Academy,63033,Private Christian,Private School,unknown,unknown,,unknown,unknown,,unknown,unknown,,"Only stale business-directory listings found: schools-us.org lists 'Faith Christian School' and 'Faith Christian Schl & Academy' at 2300 Parker Road, Florissant 63033-2299 (principal Warren Stump / administrator Vincent Kobash, phone 314-837-5343) with undated 'Active' status. No NCES record, school website, news coverage, or founding/closure dates surfaced - the school may be defunct or may never have been more than a small church-school program. Related seed row ALL-143 ('Faith Christian School', ZIP 63042) is likely the same entity listed under a different ZIP. Recommended human follow-up: check Missouri DESE nonpublic school registrations or the church at 2300 Parker Rd.",individual_school,unknown_insufficient_data
ALL-056,Academy at St. Rose Philippine Duchesne,The Academy at St. Rose Philippine Duchesne,63033,Archdiocese of St. Louis - Department of Special Education,Parochial Special Education (ungraded),unknown,unknown,,unknown,unknown,,unknown,probable,https://www.moqualityschools.com/cmss_files/attachmentlibrary/MNSAA---2017-2018-Accredited-Schools-by-Sponsoring-Agency.pdf,"IDENTITY RESOLVED: this is NOT the All Saints Academy campus (ALL-048) - it is a distinct special-education school operated by the Archdiocese Department of Special Education at 1220 Paddock Dr, Florissant (NCES PSS record 00752221: ~33 students, ungraded/special education; principal Ms. Jay Persinger c. 2012). It was one of the archdiocese's 'The Academy at ...' satellite sites alongside the St. Christopher Learning Center and The Academy at St. Sabina. It does NOT appear on the 2017-18 archdiocese accredited-schools list, where the only Florissant special-ed entry is 'The Academy at St. Sabina' (1625 Swallow Ln) - suggesting the St. Rose site was consolidated into St. Sabina between ~2012 and 2017 (probable successor, not in dataset; note ALL-011 'St. Sabina School' is the parish elementary school, a different entity). CAUTION for other researchers: 'Academy of St. Louis' (private special-ed school founded ~2002-2004, now in Manchester) is similarly named but a different school entirely. Special-ed academies are unlikely yearbook producers.",individual_school,unknown_insufficient_data
ALL-057,Tendercare Learning Center,Tendercare Learning Center #8; Visionary Academy Prep (possible rename),63033,Private (Tendercare Academy Inc.),Early Childhood/Private,unknown,unknown,,n/a,probable,https://webapp01.dhss.mo.gov/childcaresearch/Facility.aspx?LID=000566534,none,probable,,"Daycare/early-childhood center, not a K-12 school: 'Tendercare Learning Center #8' at 13775 New Halls Ferry Rd, Florissant holds an active Missouri DHSS child-care license (000566534, license holder Tendercare Academy Inc.), and tendercarelearningcenters.com lists an operating Florissant center. Note the address now also appears under the name 'Visionary Academy Prep' on childcarecenter.us - possible rebrand worth checking at archive-survey time. No yearbook value expected; retain for registry completeness only.",individual_school,in_scope
ALL-058,Alphabet Soup Learning Center,Alphabet Soup Learning Center,63033,Private,Early Childhood/Private,unknown,unknown,,unknown,unknown,,unknown,unknown,,"Weak-attestation entity: LinkedIn shows a Florissant-based 'Alphabet Soup Learning Center' with a director listed Apr 1999-Oct 2005 and an owner listed Oct 2002-present, so a real early-childhood business by that name operated c. 1999-2000s. No address, NCES record, DHSS license, or current web presence found - likely closed or renamed. No yearbook value expected. Recommended human follow-up: Missouri DHSS child-care license history or Secretary of State business filings could confirm dates and address.",individual_school,unknown_insufficient_data
ALL-060,Hazelwood Central Middle School,Central Middle School; Hazelwood Central Middle,63033,Hazelwood School District,Public Middle School,2007,confirmed,https://flovalleynews.com/?p=471,n/a,confirmed,https://www.hazelwoodmo.org/DocumentCenter/View/756/Hazelwood-School-District-Map-PDF,none,confirmed,,"Resolved seed's unknown: new-construction school at 13450 Old Jamestown Road (Black Jack), dedication held April 18, 2007, opened for the 2007-08 school year as one of four middle schools built that year (with Hazelwood Southeast, North, and West middle schools) when the district moved 6th graders out of elementary schools into middle schools. Currently operating (district map + March 2026 district newsletter). No predecessor school occupied this site - see ALL-061 flag.",individual_school,in_scope
ALL-061,Hazelwood Central Middle School predecessor,Central Junior High/Intermediate School,63033,Hazelwood School District,Public Middle School,unknown,unknown,,unknown,unknown,,unknown,unknown,,"LIKELY PHANTOM ROW: no 'Central Junior High' or 'Central Intermediate School' ever existed in the Hazelwood School District per available sources. Documented Hazelwood junior highs were Kirby Junior High (in the first 1954 Hazelwood High building at 1865 Dunn Rd; renamed Kirby Middle in 2000 and Hazelwood East Middle in 2007 - see ALL-065) and Hazelwood Junior High/Middle (now Hazelwood Northwest Middle). Hazelwood Central Middle (ALL-060) was greenfield construction in 2007; its students were drawn by attendance-boundary redrawing and the 6th-grade shift from elementaries, not from a same-named predecessor. Retained per no-silent-deletion rule; recommend coordinator delete or fold into ALL-060's notes.",ambiguous_unresolved,unknown_insufficient_data
ALL-064,Hazelwood East High School,Hazelwood East High School; East High School,63138,Hazelwood School District,Public High School,1974,confirmed,https://hsdportal.hazelwood.k12.mo.us/SchoolsAndPrograms/High%20Schools/HazelwoodEastHighSchool/Pages/default.aspx,n/a,confirmed,https://nces.ed.gov/ccd/schoolsearch/school_detail.asp?ID=291383002696,none,confirmed,,"SEED ERROR corrected: opened 1974, not 1965 - the school's own district page and Wikipedia both give 'Established 1974.' Classes of 1975-76 attended split sessions in the existing Hazelwood (Central) High building before the new facility at 11300 Dunn Rd (Spanish Lake, ZIP 63138 - seed's 63033 is attendance-zone metadata, not the address) opened fall 1976. Open-space classroom design; major renovation 2005. Currently operating (NCES CCD 2023-24, ~1,253 students). Yearbook: Pegasus; newspaper The Spartan Spectrum (of Hazelwood v. Kuhlmeier, 1988 Supreme Court fame). The Hazelwood East Middle School 8th Grade Center (ALL-065) shares the campus. Note related seed rows elsewhere: ALL-457 'Hazelwood East High School - Split Session 1974-1976' (batch16) documents the split-session period.",individual_school,in_scope
ALL-065,Hazelwood East Middle School,Kirby Junior High School; Kirby Middle School; East Middle School; Hazelwood East Middle School 8th Grade Center,63138,Hazelwood School District,Public Middle School,1966,probable,https://en-academic.com/dic.nsf/enwiki/8766716,n/a,confirmed,https://ems.hazelwoodschools.org/about-ems/ems-8th-grade-center/traditional-path,none,confirmed,,"COMPLEX LINEAGE: the entity's building at 1865 Dunn Rd opened 1954 as the first Hazelwood High School; when the second Hazelwood High opened in 1966 (now Hazelwood Central High), the old building became Kirby Junior High (renamed Kirby Middle School in 2000, renamed Hazelwood East Middle School in 2007 when four new middle schools opened - flovalleynews 2011 corroborates 'formerly Kirby Junior High and the first Hazelwood High School building'). Seed address 11300 Dunn Rd reflects the ~2017-18 move INTO the Hazelwood East High campus as the thematic '8th Grade Center' (accelerated + traditional paths, high-school credit in 8th grade), opened under Superintendent Collins-Hart; the vacated 1865 Dunn building became the Hazelwood Opportunity Center (ALL-476, batch17). Opened_year 1966 = conversion of the old high school to Kirby JH (probable - exact conversion year inferred from Central HS's 1966 opening; schooldesigns.com describes the building's high-school-to-junior-high-to-middle-school history). Still operating: accepting 8th-grade applications for 2026-27 per the March 2026 district newsletter. Note duplicate seed rows ALL-088/ALL-127 in other batches are the same school listed under other ZIPs.",individual_school,in_scope
ALL-073,Prigge/Larimore School,Prigge School; Larimore School; Prigge School District (Larimore district),63033,Prigge/Larimore rural school district (St. Ferdinand Township) / Hazelwood School District (after 1951),Public Elementary,unknown,unknown,,n/a,probable,https://lar.hazelwoodschools.org/about-us/contact-us,ALL-464,probable,https://pipes.family/2025/05/the-education-of-st-ferdinand/,"Rural one-school district of St. Ferdinand Township named for Charles F. Prigge; at least three schoolhouses carried the Prigge name on a 1927 district map, so a single founding date is not meaningful. Per Gregory Franzwa's History of the Hazelwood School District (1977), quoted at pipes.family: 'Prigge is the predecessor name for the Larimore district, which elected to join the growing Hazelwood School District in a special election on July 29, 1951.' That merger is corroborated by the pretrial stipulation in United States v. Hazelwood School District, 392 F.Supp. 1276 (E.D. Mo. 1975) — the district formed from thirteen rural districts between 1949 and 1951. The seed's 'Closed 1950s?' reflects the district merger, not a school closure: the school continued under Hazelwood and the lineage persists as Larimore Elementary (1025 Trampe Lane, 63138), which is the separate current-school row ALL-464 — recorded here as successor in the modern-entity sense. The exact date the school/district name changed from Prigge to Larimore was not found (Franzwa's book, not digitized, is the likely source). FLAG: duplicate coverage — same entity also appears as ALL-025 and ALL-096 ('Prigge/Larimore School', 63031/63034) and ALL-251 ('Prigge/Larimore School #6', the 1910 county district number).",individual_school,in_scope
ALL-075,Twillman School,Twillman School; Twillman School District,63033,Twillman rural school district (St. Ferdinand Township) / Hazelwood School District (after ~1949-51),Public Elementary,1927,probable,https://twi.hazelwoodschools.org/administration/principals-page,n/a,probable,https://projects.propublica.org/miseducation/school/291383000636,ALL-465,probable,https://twi.hazelwoodschools.org/,"Rural school of the Twillman district in St. Ferdinand Township, named for the Twillman(n) family — the John Henry Twillman House (built 1870, St. Louis County landmark) stands across the street at 11840 Bellefontaine Rd and spanishlakemo.org confirms 'the school across the street is named for the family.' The district was one of the thirteen rural districts merged into Hazelwood 1949-1951 (United States v. Hazelwood School District, 392 F.Supp. 1276). Twillman Elementary's own website brands the school 'Roaring To Excellence Since 1927' — used as probable opened_year; seed row ALL-467 ('Twillman School - 1928 Building', in another batch) corroborates a ~1927-28 building on the Bellefontaine Rd site, and ALL-466 'Twillman Schoolhouse' suggests an earlier schoolhouse. The school never closed: it continues as Twillman Elementary (11831 Bellefontaine Rd, 63138), which is the separate current-school row ALL-465 — recorded as successor in the modern-entity sense. The seed's 'Closed 1950s?' reflects the district merger, not a school closure.",individual_school,in_scope
ALL-076,Lindenwood University Florissant Campus (North County Center),"Lindenwood University North County Center; Florissant Campus, North County Center (Formerly Our Lady of Fatima School); Our Lady of Fatima School - Lindenwood campus",63033,Lindenwood University,College/University Extension Site,2006,confirmed,https://www.archbalt.org/old-parish-properties-have-new-owners/,2022,probable,https://lindenwood.smartcatalogiq.com/en/2021-2022/undergraduate-catalog/locations/,none,probable,https://lindenwood.smartcatalogiq.com/en/2022-2023/undergraduate-catalog/locations/,"Adult-education extension site occupying the former Our Lady of Fatima school/church building at 4500 Washington St. The parish school closed in 2004 and the parish itself in 2005; Johnny Londoff Chevrolet bought the property and Lindenwood bought the church/school building, running classes there 'since January 2006' per Lindenwood site director Jim Jump (Catholic Review / archbalt.org, Jan 2012). The site appears as 'Florissant Campus, North County Center (Formerly Our Lady of Fatima School)' in Lindenwood's 2021-22 catalog but is absent from the 2022-23 locations list, so closure ~2022 is probable. Seed's 'Opened 2019' is incorrect (site operated since 2006); seed's 'Closed 2021?' is roughly right. FLAG: this is a university satellite in a former school building, not a K-12 school — it produced no yearbooks; the underlying parochial school is a separate row (ALL-046, 'Our Lady of Fatima School').",individual_school,in_scope
ALL-077,Barrington Elementary School,Barrington School; Barrington Elementary,63034,Hazelwood School District,Public Elementary,unknown,unknown,,n/a,confirmed,https://bar.hazelwoodschools.org/about-us,none,confirmed,,"Currently operating Hazelwood elementary at 15600 Old Halls Ferry Road, Florissant 63034 (district site, SchoolDigger/NCES listings). No founding year found online — checked the school website, district map, flovalleynews archives, and architect/portfolio sites; NCES-derived enrollment data go back to 1995 but no dedication/opening article surfaced. Likely a late-20th-century suburban-growth school. Separate seed row ALL-081 ('Barrington Elementary predecessor', same ZIP) exists in another batch and may capture an earlier building/site of this school.",individual_school,in_scope
ALL-078,Hazelwood North Middle School,North Junior High; Hazelwood North Junior High School; North Middle,63034,Hazelwood School District,Public Middle School,unknown,unknown,,n/a,confirmed,https://nms.hazelwoodschools.org/,none,confirmed,,"Currently operating Hazelwood middle school at 4420 Vaile Ave, Florissant 63034. The present building is new-construction from the district's mid-2000s bond program: its dedication ceremony was April 25, 2007 (flovalleynews, 'New Hazelwood Middle Schools Near Completion'). Per the Hazelwood West High School history, all district junior highs were renamed middle schools in 2002, so 'North Middle' dates as a name to 2002 but the predecessor Hazelwood North Junior High's opening year was not found online. Building open-date (2007) vs. institution open-date (unknown, earlier) recorded separately per schema convention. Separate seed row ALL-082 ('North Middle predecessor') exists in another batch.",individual_school,in_scope
ALL-079,OLTC Institute,OLTC Institute,63034,"OLTC, Inc. (private)",Private/Alternative School,unknown,unknown,,n/a,probable,https://oltc.us/,unknown,unknown,,"Small private/alternative K-12 school at 5145 N. Hwy 67, Florissant 63034, run by OLTC, Inc. (office in Normandy; describes itself as 'Organizational Training, K-12/Home-School Online Training and Post-secondary Online Training'). Website is live and Niche lists it as a private PK/K-12 school (~460 students), so it appears to be operating. No founding year found — the site only claims 'over 20 years of professional education experience.' FLAG: unclear whether this is a conventional diploma-granting school or a homeschool-support/tutoring program; whether it ever published a yearbook is doubtful. Recommended human follow-up if the row matters.",individual_school,in_scope
ALL-080,St. Angela Merici School,St. Angela Merici Catholic School; St. Angela Merici Parish School,63034,St. Angela Merici Parish / Archdiocese of St. Louis,Parochial Elementary,1965,confirmed,http://saintangelamerici.org/schoolHistory.html,2017,confirmed,https://flovalleynews.com/?p=17280,unknown,probable,https://www.stlouisreview.com/story/renaissance-of-catholic-education-to-extend-to-north-county-schools/,"Parish school history page: parish founded June 1962 by Archbishop Joseph Ritter, church dedicated June 1964, and the Ursuline Sisters of Owensboro, KY established the school in September 1965 with 163 students in grades 1-4. Archbishop Carlson approved closure in May 2017 (declining enrollment, low 2017-18 registration, principal retirement); school closed at the end of the 2016-17 school year. No single successor: the Archdiocese directed students to the Federation of Catholic Schools in the Northeast Deanery — St. Ferdinand, St. Norbert and St. Rose Philippine Duchesne in Florissant plus other north-county schools — three of which consolidated as All Saints Academy in 2018 (see ALL-108).",individual_school,in_scope
ALL-090,Hazelwood Southeast Middle School,Southeast Junior High; Hazelwood Southeast Junior High School; Southeast Middle,63034,Hazelwood School District,Public Middle School,unknown,unknown,,n/a,confirmed,https://hazelwoodmo.org/DocumentCenter/View/756/Hazelwood-School-District-Map-PDF,none,confirmed,,"Currently operating Hazelwood middle school. The present building is new-construction from the district's mid-2000s bond program: dedication ceremony April 24, 2007 (flovalleynews, 'New Hazelwood Middle Schools Near Completion'). All district junior highs were renamed middle schools in 2002; the predecessor Hazelwood Southeast Junior High's opening year was not found online. FLAG — address discrepancy: the district map and 2007 article give '918 Prigge Road' (Spanish Lake), while the seed/NCES listing uses '9180 Riverview Drive, St. Louis MO 63137'; these appear to describe the same campus (Riverview Dr at Prigge Rd, Spanish Lake area), but the seed's ZIP of 63034 vs. the actual 63137 should be noted for the ZIP-attribution effort.",individual_school,in_scope
ALL-091,Arrowpoint Elementary School,Arrowpoint School; Arrowpoint Elementary,63034,Hazelwood School District,Public Elementary,2004,confirmed,https://schooldesigns.com/Projects/arrowpoint-elementary-school/,n/a,confirmed,https://arr.hazelwoodschools.org/about-us,none,confirmed,,"New-build Hazelwood elementary at 2017 Arrowpoint Drive, St. Louis 63138: architect TR,i Architects' project page gives completion date 08/2004, and a December 2006 flovalleynews article calls it 'the district's newest elementary school' that 'opened two years ago.' Still operating. Physical ZIP is 63138, not 63034 — seed included it for attendance-area overlap; flagged as borderline-ZIP row, kept per instructions.",individual_school,in_scope
ALL-094,Jana Elementary School,"Jana School; Jana Elementary; Hazelwood School District Logistics Center (building, 2024-)",63034,Hazelwood School District,Public Elementary,1970,confirmed,https://www.stltoday.com/news/local/metro/article_48cf074b-507d-5658-aa22-1cf02f8f47d5.html,2022,confirmed,https://fox2now.com/news/missouri/jana-elementary-school-shuts-down-after-radioactive-waste-concerns/,unknown,unknown,,"Construction completed 1970 (addition 1972) per St. Louis Post-Dispatch correction note; AP News corroborates 'opened 50 years ago' in 2022. Closed indefinitely October 2022 after independent testing found radioactive contamination — the school sits in the Coldwater Creek floodplain, contaminated by Mallinckrodt uranium-processing waste stored near Lambert Airport (directly the same RECA-relevant contamination this project documents). Students went virtual, then were redistricted to other Hazelwood elementaries starting Nov 28, 2022 (AP); the district confirmed in March 2023 there is 'no expectation that Jana Elementary will reopen' (FOX2). In 2024 the board renamed the building the 'Hazelwood School District Logistics Center' (Wikipedia). No single successor school — students dispersed across district elementaries; receiving-school assignments not published. Physical address 405 Jana Drive is in 63031, not 63034 (borderline-ZIP row, retained per instructions).",individual_school,in_scope
ALL-104,Oasis Institute,Oasis Institute,63034,Private,Private/Alternative School,unknown,unknown,,unknown,unknown,,unknown,unknown,,"FLAG — probable phantom row. No K-12 school named 'Oasis Institute' in the Florissant/North County area could be found in NCES PSS-derived directories (Niche, privateschoolreview, schools-info), or in web/news searches. The only 'Oasis Institute' in the region is the national lifelong-learning nonprofit for older adults headquartered in St. Ann, MO 63074 (oasisnet.org; EIN 43-1830354, tax-exempt since 2001) — a senior-education program that partners with schools but is not a school and publishes no yearbooks. The seed may have misclassified that nonprofit or conflated it with some other entity. Recommended human follow-up: ask the seed compiler what source generated this row.",ambiguous_unresolved,unknown_insufficient_data
ALL-108,All Saints Academy - St. Rose Philippine Duchesne Campus,All Saints Academy - St. Rose Campus; All Saints Academy - St. Rose Philippine Duchesne; St. Rose Philippine Duchesne School (predecessor),63034,"All Saints Academy / Archdiocese of St. Louis (Federation of Catholic Schools, Northeast Deanery)",Parochial Elementary,2018,confirmed,https://www.stlouisreview.com/story/all-saints-academy-in-florissant-to-transition-from-three-campuses-to-two-for-2023-24-school-year/,2023,confirmed,https://www.stlouisreview.com/story/all-saints-academy-in-florissant-to-transition-from-three-campuses-to-two-for-2023-24-school-year/,unknown,probable,https://www.stlouisreview.com/story/all-saints-academy-in-florissant-to-transition-from-three-campuses-to-two-for-2023-24-school-year/,"All Saints Academy opened in 2018 under a multi-campus model jointly operated by its sponsoring parishes and the Archdiocese (St. Louis Review). It operated on three Florissant campuses: St. Rose Philippine Duchesne (3500 St. Catherine St, 63033 — the former parish school site), St. Norbert, and St. Ferdinand. Citing enrollment decline (238 K-8 students in 2018 falling to 131 registered for fall 2023) and staffing vacancies, the St. Rose campus closed for the 2023-24 school year; the archdiocese's Find-a-School page now lists it as 'CLOSED.' Students were offered transfer to the continuing St. Ferdinand and St. Norbert campuses — the institutional successor is All Saints Academy itself, which persists on its two remaining campuses (seed rows ALL-013 'St. Norbert Campus' and ALL-014 'St. Ferdinand Campus' cover those sites). FLAG: this row is the same entity as ALL-048 ('All Saints Academy - St. Rose Philippine Duchesne', 63033) and ALL-135 (63042) — same school at different seed ZIPs; kept separate per no-silent-merge rule.",individual_school,in_scope
ALL-111,McCluer High School,McCluer Senior High School; McCluer Junior High School (1957-1962),63042,Ferguson-Florissant School District,Public High School,1957,probable,https://en.wikipedia.org/wiki/McCluer_High_School,n/a,confirmed,https://mchs.fergflor.org/,none,confirmed,,"Operating Ferguson-Florissant high school at 1896 S. New Florissant Rd, Florissant 63031 (actual ZIP differs from seed's 63042 — borderline attendance-area row). Wikipedia's infobox gives 'Established 1957' while the article text says it 'opened in 1958' as a junior high — hence probable rather than confirmed; the school converted to a senior high in 1962 when Ferguson High School closed (yearbook lineage likely continuous). The campus also holds the historic Taille de Noyer house, relocated there in 1960. Related rows in other batches: ALL-116 'McCluer High School - Original' and ALL-438 'McCluer Junior High School' (the same early McCluer), and ALL-032/ALL-112 'McCluer North High School' — a different school, fuzzy-name match only.",individual_school,in_scope
ALL-113,McCluer South-Berkeley High School,McCluer South-Berkeley High School; MSB; STEAM Academy at McCluer South-Berkeley (2019-),63042,Ferguson-Florissant School District,Public High School,2004,confirmed,https://en.wikipedia.org/wiki/McCluer_South-Berkeley_High_School,n/a,confirmed,https://www.stlamerican.com/news/local-news/berkeley-sues-to-prevent-ferguson-florissant-district-from-closing-schools/,none,confirmed,,"Opened January 2004 at 201 Brotherton Lane (Ferguson, adjacent to Berkeley) as the newest Ferguson-Florissant high school, replacing Berkeley High School (ALL-114), which had closed December 2003 for Lambert Airport expansion. SURPRISE: seed's 'Opened: 1976' is wrong — that date approximates the 1975-76 court-ordered Berkeley/Kinloch merger into FFSD, not this school's founding. Seed's 'Status: Closed/Reorganized' refers to the October 2018 board redistricting that transformed MSB into the 'STEAM Academy at McCluer South-Berkeley' magnet school (still operating; Wikipedia lists 2022-23 enrollment of 437). Same entity also seeded as ALL-382, ALL-414, ALL-439, and ALL-440 ('STEAM Academy at McCluer South-Berkeley High').",individual_school,in_scope
ALL-114,Berkeley High School,"Kinloch High School (1937, briefly); Berkeley Senior High School; Berkeley High School",63042,Berkeley School District (1937-1975) / Ferguson-Florissant School District (1975-2003),Public High School,1937,probable,"https://en.wikipedia.org/wiki/Berkeley,_Missouri",2003,confirmed,https://en.wikipedia.org/wiki/McCluer_South-Berkeley_High_School,ALL-113,confirmed,https://en.wikipedia.org/wiki/McCluer_South-Berkeley_High_School,"Per the Wikipedia Berkeley, Missouri article (sourcing city history): the Berkeley School District formed in 1937 after a dispute over the location of a school for Black students; the new district took over Kinloch High School, which had opened that year, and renamed it Berkeley High School (whites only). A newer campus later opened elsewhere and the original building became Berkeley Middle School. On June 7, 1975 a U.S. district court ordered Ferguson-Florissant to annex the Berkeley and Kinloch districts (effective 1975-76; corroborated by the St. Louis American and the St. Louis County historic-schools survey by Esley Hamilton, stlouisarchitecture.org). The former Berkeley High closed December 2003 due to Lambert-St. Louis International Airport expansion and was replaced by McCluer South-Berkeley High School (ALL-113), which opened January 2004 — direct successor, confirmed. Several campus-variant rows exist in other batches: ALL-378, ALL-379 (Hancock Campus), ALL-380 (Caroline Avenue Campus), ALL-381 (Walter Avenue Campus), plus related ALL-383 Berkeley Middle School and ALL-400 Berkeley School District — all kept separate.",individual_school,in_scope
ALL-115,Central High School,Central School (high school department); Ferguson School,63042,Ferguson Public School District,Public High School,1903,probable,https://lv.stlouiscountymo.gov/st-louis-county-departments/parks/about-us/st-louis-county-landmarks/ferguson/,1931,probable,https://lv.stlouiscountymo.gov/st-louis-county-departments/parks/about-us/st-louis-county-landmarks/ferguson/,ALL-420,probable,https://en.wikipedia.org/wiki/McCluer_High_School,"SEED CORRECTION: seed says closed '1950s' and places it in the 'Florissant area' (ZIP 63042) — the documented school is at 201 Wesley Ave, Ferguson 63135. 'Central High School' is best read as the high school program of Central School: the St. Louis County Landmarks page records that Ferguson School (built 1877-80) created a two-year high school program in 1896 and expanded it to one of the first accredited four-year public high schools in St. Louis County in 1903 (when the school was renamed Central School). High school students transferred to the new John M. Vogt High School when it opened in 1930; the Landmarks page dates Central School's reversion to elementary status to the new high school's construction in 1931 — the two sources differ by a year, so 1930-31 is the real window. Successor recorded as Vogt High School (seed row ALL-420); the lineage then ran Vogt HS (1930) -> Ferguson High School (1939, ALL-416/417). Row kept separate per no-silent-merge rule, but overlaps ALL-423 'Central School' and ALL-424 'Central School - Early Ferguson School' in the wider dataset — the building lineage is the same school.",individual_school,out_of_scope_closed_before_1949
ALL-117,Central Primary School,Central Elementary School; Central School; Ferguson School,63042,Ferguson Public School District / Ferguson-Florissant R-II,Public Elementary (currently PK-2 primary school),1880,probable,https://www.stlpr.org/education/2017-11-24/historians-fear-ferguson-florissant-school-district-may-close-2-historic-buildings,n/a,confirmed,https://cps.fergflor.org/,none,confirmed,,"SEED ADDRESS ERROR: seed gives '12300 Old Halls Ferry Road' (63033); the actual school is Central Primary School (formerly Central Elementary) at 201 Wesley Ave, Ferguson 63135 — NCES CCD and the school's own site confirm. Old Halls Ferry addresses are Hazelwood/Florissant territory, not this school. Continuous operation since 1880 in the 1877-80 building (original Ferguson School, renamed Central School 1903; National Register-listed 1984, nomination NPS 84002706). STLPR (2017) documented that FFSD floated closing it. IMPORTANT FUTURE FLAG: FFSD's 2027-28 restructuring announcement states 'Central Primary will close' (fergflor.org board post) — planned closure, not yet in effect as of research date. Currently grades PK-2 paired with an intermediate school.",individual_school,in_scope
ALL-118,McCluer South-Berkley feeder schools,Various predecessor elementary schools,63042,Ferguson-Florissant R-II / former Berkeley School District,Aggregate placeholder - not a single school,unknown,unknown,,unknown,unknown,,unknown,unknown,,"NOT A SCHOOL: the seed itself describes this row as a 'placeholder category to be broken into individual historical schools after district consolidation records are mapped.' No researchable single entity exists. The intended referents are the Berkeley-area elementary feeders of McCluer South-Berkeley High School (opened 2004 on the Berkeley High School site after the 1975 court-ordered annexation of the Berkeley School District by Ferguson-Florissant; Berkeley HS closed 2004). Candidate member rows already in the seed dataset: ALL-385 Berkeley Elementary School, ALL-386 Berkeley Intermediate School, ALL-387/ALL-388 Holman Elementary/Holman School, ALL-408 Airport Elementary School - Berkeley Community Center, plus ALL-431 Holman Primary School. Recommend the coordinator treat this row as a reminder to verify coverage of those Berkeley feeders rather than as a school entity.",ambiguous_unresolved,unknown_insufficient_data
ALL-148,Pattonville High School,Pattonville High School,63043,Pattonville R-III School District,Public High School,1936,confirmed,https://www.psdr3.org/about/history,n/a,confirmed,https://phs.psdr3.org/,none,confirmed,,"Seed data confirmed by the district's own history page: bond issue April 1934, construction began spring 1935, ~76 students moved into the new building at 11055 St. Charles Rock Road (Banks Rd & St. Charles Rock Rd) on March 17, 1936; first commencement June 18, 1937 (2 graduates). Fully NCA-accredited 1946. Relocated to the current campus at 2497 Creve Coeur Mill Road, Maryland Heights, in 1971 (formally dedicated Jan. 7, 1973); incorporated into Maryland Heights in Dec. 1994 after a boundary exchange with Champ. Yearbook name: Echo (per Wikipedia). Still operating. This row is the continuing school institution; ALL-149 is its original building and ALL-198 (another batch) is the current campus.",individual_school,in_scope
ALL-149,Pattonville High School - Original Campus,Pattonville High School (11055 St. Charles Rock Road building),63043,Pattonville R-III School District,Public High School (building/campus row),1936,confirmed,https://www.psdr3.org/about/history,1971,confirmed,https://www.psdr3.org/about/history,ALL-148,confirmed,https://www.psdr3.org/about/history,"Building/campus row for the original PHS at 11055 St. Charles Rock Road, St. Ann (actual ZIP 63074, not 63043). Occupied March 17, 1936; ceased operating as the high school when the school relocated to Creve Coeur Mill Road in 1971. Yearbooks 1936-1970 should be searched under Pattonville High School — this is the same institution, not a successor school (successor_school_id points at the institution row ALL-148 for that reason). The site is now the Holman Middle School campus: Holman Junior High School opened at this address in 1956 while PHS still occupied it, and the Pattonville Learning Center (11097 St. Charles Rock Rd) was built in 1995 on the former football field (Chedester Field). The exact disposition of the 1936 building (demolished vs. incorporated) is not stated in district sources — possible human follow-up with district facilities records.",individual_school,in_scope
ALL-150,Pattonville Heights Middle School,Pattonville Heights School; Pattonville Heights Seventh and Eighth Grade Center; Pattonville Heights Junior High; Pattonville Junior High,63043,Pattonville R-III School District,Public Middle School,1966,confirmed,https://www.psdr3.org/about/history,n/a,confirmed,https://heights.psdr3.org/,none,confirmed,,"Seed confirmed by district history: opened October 1966 at 195 Fee Fee Road, Maryland Heights with 55 classrooms as a seventh/eighth grade facility (first principal Ken Buhlig); dedicated Nov. 9, 1967. Name combines 'Pattonville' and 'Maryland Heights'. In January 1967 it became the first school or college in Missouri with a planetarium/observatory in its building. Became a junior high when the new high school opened in 1971; became Pattonville Heights Middle School in 1982. Still operating.",individual_school,in_scope
ALL-151,Academy of Innovation at Remington,Remington Elementary School; Remington Traditional School; Academy of Innovation at Remington,63043,Maryland Heights School District (1955-1962) / Pattonville R-III School District (1962- ),Public K-8,1955,confirmed,https://www.psdr3.org/about/history,n/a,confirmed,https://www.psdr3.org/about/history,none,confirmed,,"Seed confirmed by district history: opened 1955 at 102 Fee Fee Road as Remington Elementary, built by the Maryland Heights School District (first principal Carroll E. Naves; named for teacher Mabel Brewster Remington, d. 1952). Continued as a Pattonville elementary after the Maryland Heights district merged into Pattonville in 1962. Became Remington Traditional School (K-8 school of choice) in 1982; renamed Academy of Innovation at Remington beginning 2024-25 to reflect a learner-centered model. Still operating — same school lineage throughout, name changes only.",individual_school,in_scope
ALL-154,Parkwood Elementary School,Parkwood School,63043,Pattonville R-III School District,Public Elementary,1965,confirmed,https://sites.google.com/psdr3.org/pattonvillehistory/home,n/a,confirmed,https://parkwood.psdr3.org/,none,confirmed,,"Seed confirmed by district history: opened 1965 at 3199 Parkwood Lane, Maryland Heights; original facility had 19 classrooms serving K-6; dedicated Nov. 8, 1965; first principal James Burgess. Still operating.",individual_school,in_scope
ALL-155,Rose Acres Elementary School,Rose Acres School,63043,Pattonville R-III School District,Public Elementary,1967,confirmed,https://www.psdr3.org/about/history,n/a,confirmed,https://www.psdr3.org/schools,none,confirmed,,"Seed confirmed by district history: opened 1967 at 2905 Rose Acres Lane, Maryland Heights — a 28-room school built on 11 acres to serve new home construction and relieve crowding at Penn-Junction, Parkwood and Bridgeway elementaries; dedicated Jan. 15, 1968; first principal Wayne Cashion. Still operating.",individual_school,in_scope
ALL-156,Holy Spirit Catholic School,Holy Spirit School; St. Blaise School (probable predecessor name),63043,Holy Spirit Parish / Archdiocese of St. Louis (site was St. Blaise Parish until 2004),Parochial Elementary (PK-8),1964,probable,https://nces.ed.gov/surveys/pss/privateschoolsearch/school_list.asp?Search=1&Zip=63020&Miles=50&SchoolPageNum=12&ID=A1701595,n/a,confirmed,https://holyspiritstlschool.org/,none,confirmed,,"Seed's 1964 founding (NCES-derived) is consistent with parish history but not directly cited: the campus at 3120 Parkwood Lane was St. Blaise Parish (founded 1961 per the St. Louis Genealogical Society closed-parishes list; church built 1962 per builtstlouis.net), so a 1964 school opening is plausible. In May 2004 St. Blaise merged with St. Lawrence the Martyr (Bridgeton) and St. Mary's (Bridgeton) to form Holy Spirit Parish, which occupies the former St. Blaise site at 3130 Parkwood Lane — the school then took the Holy Spirit name. St. Jude (Overland) parishioners were absorbed later under 'All Things New'. Still operating, ~219 students PK-8 per NCES PSS. Recommended human follow-up: Archdiocese of St. Louis archives could confirm whether the school building dates to St. Blaise's 1961-62 founding or later.",individual_school,in_scope
ALL-157,DaySpring Arts & Education,DaySpring School of the Arts; DaySpring Academy,63043,"Private Christian nonprofit (DaySpring School of the Arts, EIN 43-1797642)",Private PK-12 (hybrid university-model academy + arts school),1993,confirmed,https://www.dayspringarts.org/about,n/a,confirmed,https://www.dayspringarts.org/,none,confirmed,,"Resolved seed's 'Unknown': the school's own history page states DaySpring Arts and Education was created in September 1993 by a group of artists, beginning with ~30 students; incorporated as a tax-exempt nonprofit in 1998 (ProPublica: Dayspring School Of The Arts, tax-exempt since March 1998); leased its first dedicated facility Jan. 1999-July 2015; now at 2500 Metro Blvd, Maryland Heights. ISACS-accredited for both the Academy and arts programs. ~750 students per the Maryland Heights CVB. Still operating.",individual_school,in_scope
ALL-158,McKelvey Elementary School,McKelvey Elementary School,63043,Parkway C-2 School District,Public Elementary,1966,probable,https://www.gbig.org/buildings/98465/details,2021,probable,https://www.westnewsmagazine.com/schools/parkway-wraps-up-summer-bond-issue-projects/article_d263d12e-6f67-52fe-8401-48f0af5072e2.html,ALL-159,probable,https://nces.ed.gov/ccd/schoolsearch/school_detail.asp?ID=292358001391&Search=1,"Resolved seed's 'Unknown': GBIG building record lists year constructed 1966 for 1751 McKelvey Road, and the school hosted a 'McKelvey's 50th Anniversary' booklet (mckelveyprimary.parkwayschools.net) consistent with a 1966 founding — probable pending a district dedication record. Closure is a renaming/restructuring rather than a true closure: per West Newsmagazine (Dec. 2019), Parkway built a new McKelvey Primary (K-2) at 12657 Fee Fee Rd and converted the existing McKelvey Elementary into a grades 3-5 school; by the 2021-22 year NCES and district directories list 'McKelvey Intermediate' at 1751 McKelvey Rd and 'McKelvey Primary' at the new site — no school named McKelvey Elementary operates there now. Successor recorded as ALL-159 (same building, continued operation); McKelvey Primary is a separate new entity not in this batch.",individual_school,in_scope
ALL-159,McKelvey Intermediate School,"McKelvey Intermediate; McKelvey Elementary School (same building, pre-2021)",63043,Parkway C-2 School District,Public Intermediate (grades 2-5),2021,probable,https://www.westnewsmagazine.com/schools/parkway-wraps-up-summer-bond-issue-projects/article_d263d12e-6f67-52fe-8401-48f0af5072e2.html,n/a,confirmed,https://mckelveyint.parkwayschools.net/,none,confirmed,,"Resolved seed's 'Unknown': created when Parkway split McKelvey Elementary (K-5) into two schools — a new McKelvey Primary building at 12657 Fee Fee Rd (K-2, groundbreaking Dec. 2019) and the existing 1966 building at 1751 McKelvey Rd, which took the name McKelvey Intermediate (grades 3-5, NCES shows 2-5). Both names appear in Parkway's 2021 salary data, so the split took effect by the 2021-22 school year. Relationship to ALL-158: same building and continuing student body — this is a rename + grade-band reconfiguration, not a new school. Still operating.",individual_school,in_scope
ALL-161,POSITIVE School,Positive School; POS (Pattonville Occupational School Including Technical Individualized Vocational Education),63043,Pattonville R-III School District,Public Alternative Secondary,1981,confirmed,https://www.psdr3.org/about/history,n/a,confirmed,https://phs.psdr3.org/our-school/administration,none,confirmed,,"Seed confirmed by district history: opened in the 1981-82 school year (124 students, 9 staff; first principal George Ruh) as an alternative school to prevent dropouts. POSITIVE = 'Pattonville Occupational School Including Technical Individualized Vocational Education'. Began at the high school, moved in 1982 to the former Penn-Junction Elementary building (closed 1982-83; sold to Grace World Outreach May 1985), and is now housed in a wing of Pattonville High School — the PHS administration page currently lists an assistant principal for Positive School. Not a degree-granting separate campus; likely produces no standalone yearbook — search under Pattonville High School materials.",individual_school,in_scope
ALL-162,Maryland Heights School,Maryland Heights Grade School; Maryland Heights High School,63043,Maryland Heights School District (founded as Rural District 24),Public Elementary/Secondary,1924,confirmed,https://sites.google.com/psdr3.org/pattonvillehistory/home/evolution-of-pattonville,1962,confirmed,https://sites.google.com/psdr3.org/pattonvillehistory/home/evolution-of-pattonville,ALL-148,confirmed,https://sites.google.com/psdr3.org/pattonvillehistory/home/evolution-of-pattonville,"Seed confirmed by Pattonville district history: designed by Joseph Senne, built by Daly for $20,000, dedicated September 1924 at 115 Harding, Maryland Heights — six rooms, four teachers, 140 students. The building became Maryland Heights High School. After voters twice rejected it, the Maryland Heights School District merged into Pattonville in 1962; the district at merger consisted of this high school plus Remington Elementary and Carver Elementary (a segregated Negro school, discontinued at merger). Per district history, Maryland Heights high school students 'began attending Pattonville High School' — hence successor ALL-148; elementary continuity runs through Remington (ALL-151). The 115 Harding building became the Pattonville Administration Building until the Learning Center opened in 1995. A March 1939 'Maryland Hi-Lites' school newsletter exists in the Missouri Historical Society Schools Collection (Box 3) — useful human follow-up for yearbook-era documentation.",individual_school,in_scope
ALL-164,Maryland Heights High School - Gymnasium,Pattonville Administration/Printing Facility; Maryland Heights High School gymnasium,63043,Maryland Heights School District / Pattonville R-III (after 1962),School Facility,1951,confirmed,https://sites.google.com/psdr3.org/pattonvillehistory/home,2025,probable,https://www.psdr3.org/about/prop-s,none,probable,https://www.psdr3.org/about/prop-s,"FACILITY ROW, NOT A SCHOOL: this is the gymnasium of Maryland Heights High School (seed row ALL-163 in another batch) at 115 Harding Ave; no yearbook research should attach to it. District history confirms the gymnasium was built in 1951 for $40,000 and survived as the Pattonville printing facility after the main 1924 school building was demolished in 1998. Under Proposition S, the printing department moved to the renovated Holman Gym B (new Transportation Building/Print Shop completed ~June 2025), and the district states 'the current printing facility will be demolished and used for additional parking at [Pattonville] Heights' — consistent with the seed's 'demolished July 2025,' hence probable rather than confirmed on the exact date.",individual_school,in_scope
ALL-165,Carver School for Negroes,Carver Elementary School; Carver Elementary School for Negroes,63043,Maryland Heights School District,Public Elementary,unknown,unknown,,1962,confirmed,https://sites.google.com/psdr3.org/pattonvillehistory/home/evolution-of-pattonville,unknown,unknown,,"Umbrella entity for the segregated Black elementary school operated by the Maryland Heights School District — the same school as campus rows ALL-166 (Adie Road) and ALL-167 (Harding Avenue); kept separate per no-silent-merge rule, but ALL-166+ALL-167 are the two physical sites of this single school. Pattonville's official district history confirms: at the 1962 merger the Maryland Heights district consisted of Maryland Heights High School, Remington Elementary, and 'Carver Elementary for Negroes,' and 'Carver was discontinued.' Opening date not found — the school predates the 1951 Harding Ave building (it replaced an earlier Adie Road building of unknown age). After 1962 the students were presumably absorbed into Pattonville elementaries (most plausibly Remington Elementary, ALL-151, nearby) but no source documents the receiving school. Recommended human follow-up: Missouri History Museum or St. Louis County Library African American schools holdings for the school's founding date; the St. Louis County Library Black Heritage Trail index references 'Carver Elementary School, Maryland Heights, Mo.' (pp. 73-74) in an unnamed source volume.",individual_school,in_scope
ALL-166,Carver School - Adie Road Campus,Carver School for Negroes (Adie Road site),63043,Maryland Heights School District,Public Elementary,unknown,unknown,,1951,confirmed,https://sites.google.com/psdr3.org/pattonvillehistory/home,ALL-167,confirmed,https://sites.google.com/psdr3.org/pattonvillehistory/home,"Earlier site of Carver School for Negroes (ALL-165): district history states Carver was 'formerly located at the end of Adie Road' and 'was replaced in 1951 with a new $15,000, two-room building on Harding Avenue near the Maryland Heights High School.' The school itself continued at ALL-167 — this row tracks the Adie Road building, which ceased use as the school in 1951. When the Adie Road facility itself was built could not be determined online.",individual_school,in_scope
ALL-167,Carver School - Harding Avenue Campus,Carver Elementary School for Negroes (Harding Avenue site),63043,Maryland Heights School District / Pattonville R-III (1962),Public Elementary,1951,confirmed,https://sites.google.com/psdr3.org/pattonvillehistory/home,1962,confirmed,https://sites.google.com/psdr3.org/pattonvillehistory/home/evolution-of-pattonville,unknown,unknown,,"Second (final) site of Carver School for Negroes (ALL-165): two-room building on Harding Avenue near the Maryland Heights High School, built 1951 for $15,000. Discontinued when the Maryland Heights School District merged into Pattonville R-3 in 1962 — the end of the segregated school. Receiving school(s) for Carver students after 1962 are not documented; Remington Elementary (ALL-151) is the geographic candidate. Seed's dates confirmed.",individual_school,in_scope
ALL-168,Penn School,Penn School (Creve Coeur Mill Road),63043,Penn School District (own district),Public Elementary,1850,probable,https://www.psdr3.org/about/history/by-the-years,1936,confirmed,https://sites.google.com/psdr3.org/pattonvillehistory/home,ALL-170,confirmed,https://sites.google.com/psdr3.org/pattonvillehistory/home,"Seed's unknowns resolved by Pattonville's official history: a white-frame Penn School was erected circa 1850 on modern-day Creve Coeur Mill Road on Fee Fee Creek ('at about the same time the Fee Fee School opened' in 1850 — hence probable, not a documented exact year). A new brick Penn building opened in 1924. In 1936 Penn School and Junction School (ALL-169) merged to form Penn-Junction School (ALL-170); the Penn building was torn down. Mabel Brewster Remington (namesake of Remington Elementary) began teaching at Penn School in 1894.",individual_school,out_of_scope_closed_before_1949
ALL-169,Junction School,Junction School (St. Charles Rock Road and Natural Bridge),63043,Junction School District (own district),Public Elementary,1869,confirmed,https://www.psdr3.org/about/history/by-the-years,1936,confirmed,https://sites.google.com/psdr3.org/pattonvillehistory/home,ALL-170,confirmed,https://sites.google.com/psdr3.org/pattonvillehistory/home,"Seed confirmed: opened 1869 — a white-frame one-room school seating 30 pupils at the St. Charles Rock Road and Natural Bridge intersection, across from the original Shumate Academy site (now the site of SSM DePaul Hospital). Merged with Penn School (ALL-168) in 1936 to form Penn-Junction School (ALL-170). Note the seed's '67' length field is junk (1869-1936 = 67 years is coincidental length arithmetic, not data).",individual_school,out_of_scope_closed_before_1949
ALL-170,Penn-Junction School,Penn-Junction Elementary School; POSITIVE School (reuse of building),63043,Penn-Junction School District / Pattonville R-III (after 1950),Public Elementary,1936,confirmed,https://sites.google.com/psdr3.org/pattonvillehistory/home,1982,confirmed,https://sites.google.com/psdr3.org/pattonvillehistory/home,none,probable,https://sites.google.com/psdr3.org/pattonvillehistory/home,"Created by the 1936 Penn + Junction merger; located on Branneky Lane at McKelvey Road (later called Penn Junction Road). Seed's 'closed 1950' reflects the district annexation — Penn-Junction School District was annexed into Pattonville in May 1950, but the school itself kept operating as Penn-Junction Elementary under Pattonville (still one of five elementaries in 1956) until the 1982 district reorganization closed it effective the 1982-83 school year. The building reopened as the district's POSITIVE School (dropout-prevention program) and the board approved its sale to Grace World Outreach in May 1985. Students after 1982 were rezoned among remaining Pattonville elementaries; no single successor school.",individual_school,in_scope
ALL-171,Mount Pleasant School,Mount Pleasant Schoolhouse; Mount Pleasant Elementary School,63043,Mount Pleasant School District / Pattonville R-III (after 1951),Public Elementary,1836,probable,https://www.psdr3.org/about/history/by-the-years,1978,confirmed,https://sites.google.com/psdr3.org/pattonvillehistory/home,none,probable,https://sites.google.com/psdr3.org/pattonvillehistory/home,"Seed's 'closed 1951' reflects the district merger, not the school's end. Pattonville's official history: Mount Pleasant Schoolhouse was established in 1836 by Absolom Link east of the Fee Fee community (near modern Midland and Lindbergh); a new brick building went up in 1884 at 11050 N. Warson Road (the district history also says it 'later opened in 1889 as Mount Pleasant Elementary School,' an internal inconsistency — 1836 founding recorded as probable). The Mount Pleasant district merged with Pattonville in 1951, after which the school ran as Mount Pleasant Elementary until it was one of three schools closed in 1978 for declining enrollment. The building was sold to Christian Academy of Greater St. Louis in 1981. In 1965 Mount Pleasant Elementary was the first school west of the Mississippi to use closed-circuit television for instruction.",individual_school,in_scope
ALL-172,Pattonville Grade School,Pattonville Grade School (1907 building); Pattonville Elementary School (possible later name),63043,Fee Fee District No. 16 / School District of Pattonville (after 1930) / Pattonville R-III (after 1951),Public Elementary,1907,confirmed,https://www.psdr3.org/about/history/by-the-years,1978,probable,https://sites.google.com/psdr3.org/pattonvillehistory/home,none,probable,https://sites.google.com/psdr3.org/pattonvillehistory/home,"IDENTITY AMBIGUITY: the 1907 two-room brick 'Pattonville Grade School' at 4020 Fee Fee Road (south of I-70) replaced the 1850 Fee Fee School and was expanded 1925-27; it served grades 1-8 until Pattonville High School opened in 1936, then K-6, and appears as 'Pattonville Grade School' on the district's 1956 elementary list. The district history separately lists 'Pattonville Elementary School (opened 1954)' as one of three schools closed in 1978 and sold in June 1981 — the grade school building 'later became the Vantage Credit Union.' The most coherent reading is that the grade school was renamed/replaced as Pattonville Elementary in ~1954 (which would explain the seed's 'closed 1950s'), but the district source never says so explicitly, so the 1978 closure is recorded as probable. This row may warrant merging with a future 'Pattonville Elementary School' row if another batch produces one. Students dispersed to remaining Pattonville elementaries after 1978.",individual_school,in_scope
ALL-173,Bridgeton Elementary School,Bridgeton School,63043,Bridgeton School District / Pattonville R-III (after ~1950),Public Elementary,1953,confirmed,https://sites.google.com/psdr3.org/pattonvillehistory/home,1978,confirmed,https://sites.google.com/psdr3.org/pattonvillehistory/home,none,probable,https://sites.google.com/psdr3.org/pattonvillehistory/home,"Seed's 'closed 1960s' corrected to 1978. District history: Bridgeton Elementary opened in 1953 as a two-story eight-classroom building on 3 acres at 11623 Natural Bridge Road in Bridgeton (two rooms, office and storage added 1956); it was one of three schools closed in 1978 for declining enrollment, and the board approved its sale to the First Korean Presbyterian Church of St. Louis in May 1985. Context: the Bridgeton school district was annexed into Pattonville during the 1949-50 school year — so the 1953 building was constructed under Pattonville; whether an older Bridgeton town-school building served in the interim (the Bridgeton Academy/Moravian School lineage reaches back to 1806) is unresolved and is the likely source of the seed's 'Bridgeton School' alias. Successor: none single; students dispersed to remaining Pattonville elementaries.",individual_school,in_scope
ALL-174,St. Ann Elementary School,St Ann School; St. Ann Elementary,63043,St Ann School District / Pattonville R-III,Public Elementary,unknown,unknown,,1982,confirmed,https://sites.google.com/psdr3.org/pattonvillehistory/home,none,probable,https://sites.google.com/psdr3.org/pattonvillehistory/home,"District history gives no establishment date — 'records indicated it existed as early as 1956' (it appears on the 1956 list of five Pattonville elementaries, at Ashby Road south of St. Charles Rock Road; the detailed entry gives the address 3721 St. Bridget Lane, St. Ann). The board voted to close the school effective the 1982-83 school year under the K-5/middle-school reorganization, and in September 1982 the sole sale bid came from Hope Lutheran Church. Seed's unknown/unknown partially resolved (close year only). Physical ZIP is 63074, not 63043.",individual_school,in_scope
ALL-175,Willow Brook Elementary School,Willow Brook School,63043,Pattonville R-III School District,Public Elementary,1959,confirmed,https://www.psdr3.org/about/history/by-the-years,n/a,confirmed,https://www.psdr3.org/schools,none,confirmed,,"Seed's 1959 confirmed: opened fall 1959 with Vernon Boddy as first principal, built in the Willow Brook subdivision at 11022 Schuetz Road, Creve Coeur. Still operating — listed on the district's current schools page and NCES. Actual ZIP is 63146, not 63043.",individual_school,in_scope
ALL-176,Bridgeway Elementary School,Bridgeway School,63043,Pattonville R-III School District,Public Elementary,1963,confirmed,https://www.psdr3.org/about/history/by-the-years,n/a,confirmed,https://www.psdr3.org/schools,none,confirmed,,"Seed's 1963 confirmed: opened fall 1963 at 11635 Oakbury Court, Bridgeton, with Howard Graves as first principal; named for the Bridgeway subdivision. Still operating — listed on the district's current schools page and NCES. Actual ZIP is 63044, not 63043.",individual_school,in_scope
ALL-178,Briar Crest Elementary School,Briar Crest School; Pattonville Early Childhood Center (2018 reuse),63043,Pattonville R-III School District,Public Elementary,1965,confirmed,https://sites.google.com/psdr3.org/pattonvillehistory/home,2013,confirmed,https://sites.google.com/psdr3.org/pattonvillehistory/home,none,confirmed,https://sites.google.com/psdr3.org/pattonvillehistory/home,"Seed's 'closed 2018' corrected to 2013. District history: built 1964-65 with funds from a Jan. 26, 1965 bond issue; opened fall 1965 and dedicated Dec. 6, 1965, at 2900 Adie Road, St. Ann; first principal Nelson Smith; name from a school-naming contest. The school closed in 2013 due to budget cuts and was leased to a private school and the YWCA, then reopened in August 2018 as the Pattonville Early Childhood Center (Dr. Mary Krekeler, first director of early childhood) — so 2018 is the reuse date, not a closure. The building also housed the first Pattonville school breakfast program (1985). No successor school; the building continues in district use. Actual ZIP is 63074.",individual_school,in_scope
ALL-179,Carrollton Oaks Elementary School,Carrollton Oaks School,63043,Pattonville R-III School District,Public Elementary,1967,confirmed,https://www.psdr3.org/about/history/by-the-years,2001,confirmed,https://sites.google.com/psdr3.org/pattonvillehistory/home,unknown,confirmed,https://sites.google.com/psdr3.org/pattonvillehistory/home,"Seed's 'closed 2002' corrected to 2001. District history: opened September 1967 with 18 classrooms at 4385 Holmford, Bridgeton (6.5 acres adjacent to the Carrollton Oaks subdivision), built to relieve overcrowding at Carrollton, Bridgeton, Remington, Bridgeway and Pattonville elementaries; dedicated Jan. 8, 1968; first principal James Edwards. One of two Pattonville schools closed in 2001 for the Lambert-St. Louis International Airport expansion (new runway); the building was torn down after closure. Successor confirmed as Drummond Elementary School — built with airport funds as the replacement for both Carrollton and Carrollton Oaks elementaries; closing principal Jim Schwab became Drummond's principal. Drummond Elementary has no row in the seed dataset, so successor_school_id is 'unknown'; it is a current Pattonville elementary in Bridgeton (63044). NOTE: a separate seed row 'Carrollton Elementary School' (ALL-180, different batch) is the *other* school closed by the same 2001 airport expansion — do not conflate the two.",individual_school,in_scope
ALL-180,Carrollton Elementary School,Carrollton School,63044,Pattonville R-III School District,Public Elementary,1960,confirmed,https://www.psdr3.org/about/history,2002,probable,https://en.wikipedia.org/wiki/Pattonville_School_District,ALL-264,confirmed,https://www.psdr3.org/about/history,"Pattonville's own history page states Carrollton opened in 1960 at 3936 Celburne in Bridgeton (K-4 in year one, 5th grade added later). It was bought out by St. Louis Lambert International Airport for the west runway expansion and torn down. Closure-year conflict: the district's school-profile list says 'closed in 2001' and Wikipedia says 'shut down in 2002'; the district's by-the-years timeline says the redistricting 'took effect in the 2002-2003 school year when Carrollton and Carrollton Oaks elementary schools closed', so the last operating year was 2001-2002 and 2002 is recorded here. Successor confirmed: former Carrollton students went to Robert Drummond Elementary (ALL-264), opened August 2002 with airport funds as the joint replacement for Carrollton and Carrollton Oaks. DATA-QUALITY FLAG: distinct from ALL-179 'Carrollton Oaks Elementary School' (opened 1967 at 4385 Holmford, Bridgeton) flagged in data/schools_seed_deduped_review_needed.json - same fate but a different building; do not merge.",individual_school,in_scope
ALL-181,Pattonville Grade School,Pattonville School; Fee Fee School (predecessor); Pattonville Elementary School,63044,Fee Fee District No. 16 / School District of Pattonville,Public Elementary,1907,confirmed,https://www.psdr3.org/about/history,1978,probable,https://www.psdr3.org/about/history,unknown,probable,https://en.wikipedia.org/wiki/Pattonville_School_District,"ENTITY RESOLUTION: the seed's 'Pattonville School District - Original District School' (with note that 'the district consisted of one grade school in the early 1930s') resolves to Pattonville Grade School at 4020 Fee Fee Road, the district's sole grade school. Seed's 'Opened: 1930' is actually the district's reorganization year (April 1930 special election converting Fee Fee District No. 16 into the 'School District of Pattonville, St. Louis County'); the school building itself opened in 1907, a two-room brick school replacing the 1850/1880 Fee Fee School across the road. Still operating under the 'Pattonville Grade School' name in the district's 1956 school list. The district's school list separately records 'Pattonville Elementary School (opened 1954)' on Fee Fee Road near St. Charles Rock Road - most likely the same site/lineage rebuilt or renamed, since the grade school was already listed in 1956 and the addresses are effectively the same; treated here as one continuous school that closed in 1978 (declining enrollment; building sold to Raymond Oetting, June 1981). Wikipedia states Pattonville Elementary 'was replaced by Parkwood Elementary starting in the 1967 school year', so students were progressively redistributed; no single successor school_id is recorded (Parkwood Elementary is outside this batch). The 4020 Fee Fee Rd building later became Vantage Credit Union.",individual_school,in_scope
ALL-182,Maryland Heights School District (Rural District 24),Maryland Heights School District; Rural District 24; School District No. 24 of St. Louis County,63043,Maryland Heights School District,Public School District,1924,confirmed,https://sites.google.com/psdr3.org/pattonvillehistory/home/evolution-of-pattonville,1962,confirmed,https://sites.google.com/psdr3.org/pattonvillehistory/home/evolution-of-pattonville,ALL-184,confirmed,https://sites.google.com/psdr3.org/pattonvillehistory/home/evolution-of-pattonville,"ADMINISTRATIVE DISTRICT ROW - confirmed seed data via Pattonville's own district history: 'The Maryland Heights School District was founded as Rural District 24 in 1924 and was reorganized as a town district.' In 1962, after twice rejecting merger, voters elected to merge with Pattonville R-3. At merger the district comprised: (1) Maryland Heights High School, 115 Harding Ave (building opened Sept 1924 as Maryland Heights School, designed by Joseph Senne, 6 rooms/140 students; later became the Pattonville Administration Building, vacated 1995, demolished 1998) - high school students began attending Pattonville High School; (2) Remington Elementary (opened 1955, remained open); (3) Carver Elementary School for Negroes (discontinued after the merger). The district had no yearbook of its own - search the member schools instead. Corroborating legal record: 'State ex rel. School District No. 24 of St. Louis County v. Neaf', 344 Mo. 905 (Mo. Sup. Ct. 1939) shows District No. 24 operating in the 1930s. Not an individual school for yearbook purposes.",administrative_district_only,in_scope
ALL-183,Pattonville Consolidated School District R-3,"Pattonville Consolidated School District R-3; School District of Pattonville, St. Louis County",63043,Pattonville School District,Public School District,1951,confirmed,https://sites.google.com/psdr3.org/pattonvillehistory/home/evolution-of-pattonville,1958,confirmed,https://www.psdr3.org/about/history,ALL-184,confirmed,https://www.psdr3.org/about/history,"ADMINISTRATIVE DISTRICT ROW - a district name era, not a physical school. Pattonville reorganized at a special election on Oct. 27, 1951, when the Junction and Mount Pleasant districts merged in (Penn and Bridgeton districts had already been annexed during the 1949-1950 school year); Pattonville officially became known as the R-3 District and is documented under the name 'Pattonville Consolidated School District R-3' in the 1950s (e.g., a district bus photo caption in the district history). In 1958 the name was changed to 'Pattonville R-3 School District, St. Louis County' - recorded as successor ALL-184. The underlying district organization itself dates to April 1930 (Fee Fee District No. 16 reorganized as the School District of Pattonville). No yearbook search should target this row directly; redirect to member schools.",administrative_district_only,in_scope
ALL-184,Pattonville R-3 School District,"Pattonville R-III; Pattonville Consolidated School District R-3 (1951-1958); School District of Pattonville, St. Louis County (1930-1951)",63043,Pattonville R-3 School District,Public School District,1958,confirmed,https://www.psdr3.org/about/history,n/a,confirmed,https://www.psdr3.org/,none,confirmed,,"ADMINISTRATIVE DISTRICT ROW - current operating district (umbrella identity, not a school). Name adopted 1958; the continuous district organization itself began April 1930 ('School District of Pattonville, St. Louis County', from Fee Fee District No. 16) and absorbed Penn & Bridgeton (1949-50), Junction & Mount Pleasant (1951 reorganization to R-3), and Maryland Heights School District/Rural District 24 (1962, see ALL-182). Current member schools per psdr3.org: Pattonville High School (ALL-198), Pattonville Heights Middle School, Holman Middle School, Drummond Elementary (ALL-264), Bridgeway Elementary, Parkwood Elementary, Rose Acres Elementary, Willow Brook Elementary, Academy of Innovation at Remington, Pattonville Early Childhood Center (ALL-266), POSITIVE School. Historic member schools no longer operating include Pattonville Grade School/Elementary (ALL-181), Carrollton (ALL-180), Carrollton Oaks, Bridgeton Elementary, St. Ann Elementary, Penn-Junction, Mount Pleasant. Redirect all yearbook-search effort to those member schools; the district publishes no yearbook of its own.",administrative_district_only,in_scope
ALL-198,Pattonville High School,Pattonville High School,63043,Pattonville R-3 School District,Public High School,1971,confirmed,https://www.psdr3.org/about/history/by-the-years,n/a,confirmed,https://phs.psdr3.org/,none,confirmed,,"This row represents the current campus at 2497 Creve Coeur Mill Road, opened in 1971 (construction completed in phases Sept 1970-Dec 1971; formally dedicated Jan 7, 1973) and still operating (phs.psdr3.org). The school entity itself is older: Pattonville's first high school was established at its original site in 1936 at 11055 St. Charles Rock Road (students moved in March 17, 1936; first commencement June 18, 1937; yearbook: Echo/Legacy). After the 1971 move the original building became Holman Junior High/Middle School; its 'A Complex' was torn down May 1988. The 1971 site was in the village of Champ, annexed into Maryland Heights in December 1994 - actual ZIP is 63043, not the seed's 63044. DATA-QUALITY FLAG: same continuous school as ALL-148 'Pattonville High School' and ALL-149 'Pattonville High School - Original Campus' in other batches (see schools_seed_deduped_review_needed.json); kept separate per batch structure - for yearbook purposes this is one yearbook series spanning both campuses.",individual_school,in_scope
ALL-202,St. Charles Rock Road School,,63044,unknown (likely a Bridgeton/Pattonville-area predecessor district),Public Elementary (probable),unknown,unknown,,unknown,unknown,,unknown,unknown,,"UNRESOLVED IDENTITY: no school literally named 'St. Charles Rock Road School' appears in Pattonville's published district history or elsewhere; the name reads like a road-address label lifted from a directory/record. Two plausible referents: (a) Junction School, the one-room school at the St. Charles Rock Road/Natural Bridge intersection (opened 1869, merged with Penn School in 1936 to form Penn-Junction; site is now SSM DePaul Hospital) - the best geographic match for a school known by its St. Charles Rock Road location; (b) the original Pattonville High School building at 11055 St. Charles Rock Road (occupied 1936-1971, then Holman Middle School; 'A Complex' demolished 1988). Wikipedia's Pattonville article also notes 'Penn Elementary School (a one-room school), located on Old St Charles Rock Rd... closed in the 1940s' - a third possible referent. Left unresolved rather than guessed; a human could resolve this by finding the source record the seed compiler used.",individual_school,unknown_insufficient_data
ALL-220,Bridgeton Senior High School,Bridgeton High School,63044,Bridgeton School District,Public High School,unknown,unknown,,1950,probable,https://sites.google.com/psdr3.org/pattonvillehistory/home/evolution-of-pattonville,unknown,unknown,,"LIKELY PHANTOM: no evidence a public 'Bridgeton (Senior) High School' ever operated in Bridgeton, MO - searches surface only Bridgeton High School in Bridgeton, New Jersey. The Bridgeton School District itself was real (incorporated by the legislature in 1864, covering Bridgeton and Bridgeton Commons; its town school was the Moravian School/Bridgeton Academy, an elementary-level institution still standing as late as 1968). Like the other small north-county districts, it appears to have sent students to neighboring high schools on tuition rather than operating its own (Pattonville students went to Ritenour, Normandy and University City until Pattonville HS opened in 1936; the same pattern applied to Bridgeton). The district was annexed into Pattonville during the 1949-1950 school year, which matches the seed's 'Closed: 1950'. If this row intends the Bridgeton district's secondary students, their effective destination was Pattonville High School (ALL-198) - recorded as probable context, not a confirmed successor, since the existence of the school itself is unverified. Retained per no-silent-delete rule.",individual_school,in_scope
ALL-222,Airport Elementary School,Airport School,63134,Ferguson-Florissant School District (Berkeley School District before 1975),Public Elementary,1954,confirmed,https://www.berkeleymo.us/egov/documents/1691005301_15256.pdf,2019,confirmed,https://www.stlpr.org/education/2019-04-09/berkeley-sues-to-prevent-ferguson-florissant-district-from-closing-schools,none,probable,,"SEED ATTRIBUTION WRONG - CORRECTED: the only 'Airport Elementary School' in north St. Louis County is at 8249 Airport Road, Berkeley MO 63134 (city documents also use 8429 Airport Rd) - a Ferguson-Florissant R-II school, not Pattonville R-III, and in Berkeley rather than the seed's 'Bridgeton/Earth City' (it is ~3 miles southeast of Bridgeton). School and gymnasium built in 1954 (City of Berkeley RFP; corroborated by the 1984 appellate decision Szombathy v. Ferguson-Florissant R-2 describing the 1954 construction). Closed at the end of the 2018-19 school year under the FFSD redistricting plan (Berkeley residents sued to keep it open); the City of Berkeley purchased the property in 2023 for conversion to a community center. No successor school - students were redistributed within FFSD. DATA-QUALITY FLAG: likely the same school as ALL-390 'Airport Elementary School - Historical Campus' in another batch (flagged pair in schools_seed_deduped_review_needed.json) - coordinate with that batch's output rather than double-recording.",individual_school,in_scope
ALL-249,Old Elm Grove School,Elm Grove School; Elm Grove School District No. 9; Little Red Schoolhouse,63042,Elm Grove District No. 9; Hazelwood School District (after ~1952),Public Elementary (one-room rural school),1852,confirmed,https://www.hmdb.org/m.asp?m=217345,1952,confirmed,https://www.hmdb.org/m.asp?m=217345,unknown,unknown,,"Confirmed by the City of Hazelwood historical marker (via HMDB): built 1852, one of the earliest school buildings in St. Louis County; closed in 1952 following the organization of the Hazelwood School District; moved to Brookes Park and rebuilt to its 1890s appearance; federal historic listing June 14, 1970. Esley Hamilton's 'Surviving Rural Schools in St. Louis County' (St. Louis Architecture newsletter, Spring 2013) records it as 'Elm Grove School #9, 450 Brookes Dr., Hazelwood - district established 1852, brick building later'. DISCREPANCY: marker and seed say the building was moved in 1966; the Hamilton inventory and flovalleynews.com say 1961 - the move year does not affect the school's operating dates. The specific Hazelwood elementary that absorbed its students is not documented online (successor unknown). DATA-QUALITY FLAG: near-certain duplicate of ALL-027 'Elm Grove School' in another batch (flagged pair in schools_seed_deduped_review_needed.json) - same school, coordinate outputs.",individual_school,in_scope
ALL-253,Melrose School #57,Melrose School; Melrose School District No. 57,63038,Melrose District No. 57 (rural district; later merged into a west-county district),Public Elementary (one-room rural school),1859,probable,https://www.stlouisarchitecture.org/pdf/2013%20Spring.pdf,unknown,unknown,,unknown,unknown,,"SEED LOCATION WRONG - CORRECTED: the seed assigns this to the 'Hazelwood predecessor' district at '18820 Melrose Road Florissant MO 63031', but 18820 Melrose Road is in Wildwood (ZIP 63038, Ward Six) in far-west St. Louis County, in the historic Village of Melrose (platted 1851 by Charles H. Haven) - roughly 25 miles from Hazelwood and outside the RECA ZIPs this seed row claims to serve. Esley Hamilton's county-wide inventory ('Surviving Rural Schools in St. Louis County', St. Louis Architecture newsletter, Spring 2013, based on the county's 1991 rural-schools inventory) lists 'Melrose School #57, 18820 Melrose Rd., circa 1859, now a residence' - matching the seed's c.1859 opening. The Wildwood Historical Society holds 1931/1937 photos of the school, and the City of Wildwood's Historic Preservation Commission considered acquiring 'the Old Melrose School, 18820 Melrose Road' in Jan 2019. Exact closure year not found: as a numbered rural district (#57 in the county's 1910 renumbering), it almost certainly closed when Missouri merged the rural districts into modern districts between 1947 and 1954 - consistent with the seed's '1950s' - but no specific date or successor school is documented online. Recommended human follow-up: the Wildwood Historical Society holds records/photos that could pin down the closing date and receiving district (likely an ancestor of Rockwood or Eureka).",individual_school,unknown_insufficient_data
ALL-261,Buder Elementary School,Buder School,63074,Ritenour School District,Public Elementary,1939,confirmed,https://www.ritenourschools.org/community/history-of-ritenour/100-facts,n/a,confirmed,https://www.ritenourschools.org/schools/buder-elementary-school,none,confirmed,,"Per Ritenour's '100 Interesting Ritenour Facts': Buder School opened September 1939 north and east of the Ashby School site, replacing the Ashby School portable (grades 1-4, 1936-1939 at Ashby Road & Clarendon Ave). Named for Hugo F. Buder, board member 1932-1939 who as board president obtained the property. Interrupted operation: closed 1981 due to declining enrollment and reopened 1986. Currently operating as Buder Elementary, 10350 Baltimore Ave, St. Ann (Ritenour's website and NCES). Seed's 'Unknown' opening resolved.",individual_school,in_scope
ALL-262,Hoech Middle School,Hoech Junior High School; Hoech School,63074,Ritenour School District,Public Middle School,1955,confirmed,https://www.ritenourschools.org/community/history-of-ritenour/100-facts,n/a,confirmed,https://www.ritenourschools.org/schools/hoech-middle-school,none,confirmed,,"Per Ritenour's '100 Interesting Ritenour Facts': the property at 3312 Ashby Road was obtained in 1952 for $100, and a 1953 bond issue funded construction of Hoech Junior High School, which opened mid-year in January 1955. Named for Arthur A. Hoech, Ritenour's longest-serving superintendent (1920-1956). Now operating as Hoech Middle School (junior-high-to-middle conversion year not found online; Ritenour currently lists it as a middle school). Seed's 'Unknown' opening resolved.",individual_school,in_scope
ALL-264,Robert Drummond Elementary School,Drummond Elementary School,63074,Pattonville R-3 School District,Public Elementary,2002,confirmed,https://www.psdr3.org/about/history,n/a,confirmed,https://drummond.psdr3.org/,none,confirmed,,"Seed confirmed: opened August 2002 (dedicated Aug 29, 2002), built with Lambert St. Louis International Airport funds as the joint replacement for Carrollton Elementary (ALL-180) and Carrollton Oaks Elementary (ALL-179, other batch), both demolished for the runway expansion. Pattonville bought 17 acres at the site of Hope Lutheran School (itself the former St. Ann Elementary, closed effective the 1982-83 school year) at 3721 St. Bridget Lane, St. Ann - hence the same address as the former St. Ann Elementary. Named for Robert Drummond, Pattonville board member 1972-2002. First principal Jim Schwab had been principal of Carrollton Oaks. Currently operating (drummond.psdr3.org).",individual_school,in_scope
ALL-266,Pattonville Early Childhood Center,"Pattonville Preschool; Early Childhood Center; Briar Crest Elementary School (same building, 1965-2013)",63074,Pattonville R-3 School District,Public Early Childhood,2018,confirmed,https://www.psdr3.org/about/history,n/a,confirmed,https://earlychildhood.psdr3.org/,none,confirmed,,"Seed confirmed: opened August 2018 (2018-19 school year) at 2900 Adie Road, St. Ann - the former Briar Crest Elementary School building (opened 1965, closed 2013 for budget cuts, leased to a private school/YWCA in the interim), renovated with a 2017 no-tax-rate-increase bond. Houses Pattonville's preschool (ages 3-5) and Parents as Teachers programs; the district's early childhood program itself was created August 2002 and was previously scattered across elementary schools and the Pattonville Learning Center (1995-2018). Currently operating (earlychildhood.psdr3.org). NOTE for yearbook purposes: an early-childhood center almost certainly publishes no yearbook; the underlying building's Briar Crest Elementary era (1965-2013) is the yearbook-relevant lineage if a Briar Crest row exists elsewhere in the dataset.",individual_school,in_scope
ALL-285,Ritenour High School,Ritenour Senior High School,63074,Ritenour School District,Public High School,1914,confirmed,https://resources.finalsite.net/images/v1698942905/ritenourk12mous/t8ebquycxpaoaazmv30d/our_first_132_years_ada.pdf,n/a,confirmed,https://www.ritenour.k12.mo.us/Domain/14,none,confirmed,,"Continuous high-school entity: first four-year program enrolled ten freshmen in fall 1914 (classes in the Ritenour/Overland grade-school building, now ALL-304); first graduating class May 17, 1918. Dedicated building opened September 1924 on Forest Avenue (ALL-303); moved to the current 9100 St. Charles Rock Road campus for the 1950-51 term (21.5-acre site purchased 1935; $630K bond approved December 1946; Class of 1951 first to graduate there). Seed's '1927' is unverified and likely conflates a later milestone; Wikipedia lists 'Established 1911' based on earlier HS-level coursework (first-year-equivalent studies began 1910 per State ex rel. Bender v. Hackmann, Mo. 1922). School still operating. Physical ZIP is 63114 (Breckenridge Hills); seed's 63074 reflects served community.",individual_school,in_scope
ALL-287,Ritenour Middle School,Ritenour Junior High; Ritenour Junior High School,63074,Ritenour School District,Public Middle School,1950,confirmed,https://rms.ritenourschools.org/about-us12/history-of-rms,n/a,confirmed,https://rms.ritenourschools.org/about-us12/history-of-rms,none,confirmed,,Occupies the original 1924 Ritenour High School building (8740 Forest Ave; same site as ALL-303). Became the district's first junior high when the new high school opened for the 1950-51 term — the district hired James A. Painter as its first junior-high principal in May 1950 in anticipation. Became a middle school in 1981 when sixth graders moved up from elementaries and ninth graders moved to the high school. The 1923-built portion was demolished in 1991 and replaced. Still operating. Seed ZIP 63074 is served-community; physical address 2500 Marshall Ave is 63114.,individual_school,in_scope
ALL-288,DeHart School,Lewis DeHart School; Lewis DeHart Eight Room Elementary School,63074,Ritenour School District,Public Elementary,1945,confirmed,https://hallapproved.com/mo/cases/appeals/1983/5235593/,1980,probable,https://www.ritenourschools.org/community/history-of-ritenour/100-facts,unknown,unknown,,"Land at St. Charles Rock Road & Wismer Avenue (Breckenridge Hills) offered by the DeHart sisters in November 1943 and purchased early 1944 ($1,000-$2,600 across three deeds) with reverter conditions requiring a school for white children named the 'Lewis DeHart School,' honoring their father, a Ritenour board member/president 1889-1900. Building bid ($97,685) accepted August 1944; completed 1945. Closed after the 1979-80 year per the district's own history ('closed in 1980'); the 1983 Missouri Court of Appeals opinion in DeHart v. Ritenour Consolidated School District (663 S.W.2d 332) records classes 'from 1945 until 1981' — a one-year discrepancy, likely school-year vs. record-year. Property sold 1988; demolished for Centennial Bank, which holds a memorial plaque (dedicated September 8, 1988) and a cornerstone time capsule was recovered. Receiving school not identified. Seed ZIP 63074 is served-community; physical location is Breckenridge Hills, 63114.",individual_school,in_scope
ALL-289,Iveland Elementary School,Iveland School,63074,Ritenour School District,Public Elementary,1936,confirmed,https://iveland.ritenourschools.org/about-us/history-of-iveland,n/a,confirmed,https://iveland.ritenourschools.org/about-us/history-of-iveland,none,confirmed,,"Resolved seed's '1940s': the school's own history page records a four-acre site bought with February 1928 bond funds ($8,000) and a permanent one-story four-room building built in 1936 (a WPA-era project per the district history; sight-saving classes had run in a portable on the site from 1935). Principal Lillian Kegelman served 1936-1969. Additions 1949, 1956, 1964, and post-1990 rebuild. Still operating at 1836 Dyer Ave. Seed ZIP 63074 is served-community; physical ZIP is 63114 (Overland).",individual_school,in_scope
ALL-290,Buck School,Buck Schoolhouse,63074,Ritenour predecessor (pre-district community school),Public Elementary,1846,confirmed,https://resources.finalsite.net/images/v1698942905/ritenourk12mous/t8ebquycxpaoaazmv30d/our_first_132_years_ada.pdf,1867,probable,https://www.ritenourschools.org/community/history-of-ritenour/100-facts,ALL-321,confirmed,https://www.ritenourschools.org/community/history-of-ritenour/100-facts,"One-room log cabin built 1846 near Woodson and Lackland roads on land donated by Elizabeth Smith; first teacher Thomas W. Goldie at $20/month. In 1867 it joined a nearby temporary school for Negro children to form the rural Ritenour district and took the name Ritenour School — that is the 'closed' date, an identity change rather than a shutdown (district states the lineage explicitly: Buck School -> Ritenour School -> Overland School -> Old Overland School -> Administrative Center; successor row ALL-321 'Ritenour School' lives in another batch). The original log building was destroyed by fire December 28, 1886 (board minutes attribute it to a flue defect, not the often-retold Christmas-tree myth) and was replaced by a two-room brick building completed summer 1887 for $2,245. Seed's 'closed unknown' resolved.",individual_school,out_of_scope_closed_before_1949
ALL-291,Lackland Avenue School,Lackland School; Lackland Avenue School for Negro children,63074,Ritenour School District,Public Elementary/High School,1888,confirmed,https://resources.finalsite.net/images/v1698942905/ritenourk12mous/t8ebquycxpaoaazmv30d/our_first_132_years_ada.pdf,1915,confirmed,https://resources.finalsite.net/images/v1698942905/ritenourk12mous/t8ebquycxpaoaazmv30d/our_first_132_years_ada.pdf,ALL-292,confirmed,https://resources.finalsite.net/images/v1698942905/ritenourk12mous/t8ebquycxpaoaazmv30d/our_first_132_years_ada.pdf,"Frame 16'x24' schoolhouse on Lackland Avenue (at Sims Avenue, Overland) built on land purchased August 1888 ($2,000); opened the second Monday in October 1888 as the district's school for Negro children. On August 12, 1913 the board designated it the site of a high-school class for Negro students — the first for African-American pupils in St. Louis County. The board voted shortly before the end of 1915 to close it and consolidate operations with the new Elmwood building (ALL-292); the building was sold June 1917 for $65. Seed's '1900s' opening corrected to 1888; seed's 1915 close and the Lackland->Elmwood merge both confirmed by the district's commissioned history and its 100 Facts page.",individual_school,out_of_scope_closed_before_1949
ALL-292,Elmwood Park School,Elmwood School,63074,Ritenour School District,Public Elementary,1899,probable,https://resources.finalsite.net/images/v1698942905/ritenourk12mous/t8ebquycxpaoaazmv30d/our_first_132_years_ada.pdf,1975,probable,https://resources.finalsite.net/images/v1698942905/ritenourk12mous/t8ebquycxpaoaazmv30d/our_first_132_years_ada.pdf,none,confirmed,https://resources.finalsite.net/images/v1698942905/ritenourk12mous/t8ebquycxpaoaazmv30d/our_first_132_years_ada.pdf,"District's school for African-American children in the Elmwood Park subdivision (Chicago Heights Blvd & Dielman Rd). Began as a rented 'branch school' whose classes started December 4, 1899 (Block 9, Robertson Street); later housed in the Elmwood Park Baptist Church (through May 1912) and the rented 'Fisher place' before the permanent building — funded by the April 15, 1915 bond issue (227-108) — was built starting June 1915 and absorbed the Lackland Avenue School that year. Remained an all-Black school even after district-wide integration began in 1958; an HEW directive forced a plan (implemented ~1974-75) that divided Elmwood students among Wyland, New Overland (ALL-308, another batch) and Iveland (ALL-289) schools and moved the Vo-Prep program into the Elmwood building. 'Closed' recorded as 1975 (last classes under that dispersal; the district history says both the Elmwood building and the original Vo-Prep building were sold in summer 1976 — exact final year could be 1975 or 1976). Seed's '1900s' open and 'unknown' close both resolved. No single successor — students were dispersed per the HEW plan.",individual_school,in_scope
ALL-293,Holy Trinity School,Holy Trinity Parish School,63074,Holy Trinity Parish / Archdiocese of St. Louis,Parochial PK-8,2002,confirmed,https://www.stlouisreview.com/story/recommendations-to-close-two-parish-elementary-schools-accepted-by-archbishop-carlson/,2019,confirmed,https://www.stlouisreview.com/story/holy-trinity-parish-in-st-ann-to-close-at-the-end-of-june/,none,confirmed,,"SEED ERROR: 'Closed 2024' is actually the date Ritenour School District purchased the property (closed August 13/20, 2024, $1 million, for its Center for Educational Excellence) — the school itself closed at the end of the 2018-19 year (127 students, enrollment down 67% since 2002), per the St. Louis Review; the Archdiocese announcement is dated April 2019. Holy Trinity School was itself established in 2002 as a consolidation of St. William, St. Kevin, St. Gregory and All Souls parish schools (opened K-8 with 382 students), occupying the former St. Kevin School building at 10901 St. Henry Lane; it also absorbed Our Lady of the Presentation (Overland) students when that school closed in 2009. Parish itself closed June 2020. No successor school — students dispersed. For pre-2002 coverage of this site, the predecessor parish schools (St. Kevin, St. Gregory, St. William, All Souls) deserve their own rows if not already batched.",individual_school,in_scope
ALL-295,Hope Lutheran School - St. Ann,Hope Lutheran School; Hope Lutheran School-St Ann,63074,Hope Lutheran Church (LCMS),Private PK-8,1943,probable,https://www.privateschoolreview.com/hope-lutheran-school-st-ann-profile,2016,probable,https://www.privateschoolreview.com/hope-lutheran-school-st-ann-profile,unknown,unknown,,"SEED CORRECTION: seed status 'Current/Unknown' is stale — privateschoolreview lists the school as 'Closed 2016' after continuous operation since 1943 (its own profile text; a directory listing also says 'Since 1943'). The sponsoring congregation, Hope Lutheran Church (joined LCMS December 31, 1945 per the LCMS church locator; IRS exemption July 1941), remains active at 10701 St. Cosmas Lane. Single aggregating source for both dates — mark probable and corroborate via MO DESE nonpublic records or Missouri District LCMS reports if precision matters.",individual_school,in_scope
ALL-297,American Trade School,American Trade School,63074,Private/Vocational (American Trade School LLC),Postsecondary Trade School,2003,confirmed,https://www.bbb.org/us/mo/saint-ann/profile/vocational-school/american-trade-school-0734-310032667,n/a,confirmed,https://www.americantradeschool.edu/,none,confirmed,,"For-profit HVAC/electrical trade school at 3925 Industrial Drive; BBB records business start July 1, 2003 and incorporation July 25, 2003, consistent with LinkedIn and tradeschoolsreview 'founded 2003.' ACCSC-accredited. Still operating. As the seed notes, unlikely to produce traditional yearbooks — low value for the archive survey.",individual_school,in_scope
ALL-298,Olivet University - St. Louis Campus,Olivet University St. Louis; St. Ann Campus,63074,Olivet University,College/University,2023,probable,https://stannmo.org/DocumentCenter/View/4394/4-24-2023-Committee-Packet,n/a,confirmed,https://www.olivetuniversity.edu/sites,none,confirmed,,"Olivet University (evangelical institution founded as Olivet Theological College & Seminary in 2000, incorporated as a university 2004 in California) established its St. Ann campus at 10257 St. Charles Rock Road circa 2023 — a City of St. Ann special-use permit for 'a Bible College' at the address (property owner Jonathan Park) was heard April 24, 2023, noting the site was 'Formerly Brookes Bible College.' Olivet now lists St. Ann as its MAIN campus and held its first Missouri convocation there in September 2026. The building itself opened May 2014 as Brookes Bible College (a separate, now-closed institution worth its own seed row if not already covered). Olivet had a St. Louis extension site by the late 2010s per Wikipedia. Low yearbook value.",individual_school,in_scope
ALL-299,St. Ann School District,Historical St. Ann public school district,63074,St. Ann predecessor district,Public School District,unknown,unknown,,unknown,unknown,,unknown,unknown,,"LIKELY PHANTOM DISTRICT: found no evidence an independent 'St. Ann School District' ever existed. The city of St. Ann was platted by developer Charles Vatterott beginning 1943 and incorporated in 1948 — recent enough that it never formed its own district; it has always been served by the Ritenour School District (which covered much of the area since 1867 and annexed Scudder District territory in 1940 and 1949) and the Pattonville R-3 district. Schools physically in St. Ann included Pattonville's St. Ann Elementary (seed row ALL-174, another batch), Ritenour's DeHart and Iveland elementaries, and the parochial schools. A 1943 Vatterott letter to the Ritenour board proposing a 'St. Ann's Public School' shows Ritenour already being treated as the area's district before the city existed. Recommend retaining only as a search alias; a human could confirm via DESE historical district directories or St. Louis County recorder records that no St. Ann district was ever organized.",ambiguous_unresolved,unknown_insufficient_data
ALL-300,Ritenour Consolidated School District,"Ritenour Consolidated District; Ritenour School District; Ritenour District (rural district, 1867); Ritenour Village School District (1907)",63074,Ritenour School District,School District,1867,confirmed,https://mohistory.mobiusconsortium.org/repositories/2/resources/443,n/a,confirmed,https://www.ritenourschools.org/,none,confirmed,,"ADMINISTRATIVE DISTRICT — no yearbook of its own; Track B should target member schools. Timeline (district's commissioned history 'Ritenour: Our First 132 Years' + Missouri Supreme Court in State ex rel. Bender v. Hackmann, 1922, and MoHistory's 1926 commencement-program record, which both style it 'Ritenour Consolidated School District'): rural district formed 1867 by joining Buck School and a temporary Negro school (named for landowner J.S. Ritenour); reorganized as a village district with a six-member board April 1907; 'Consolidated' in use by 1921-22 litigation — seed's 'organized as a consolidated district in 1910' is unverified and likely conflates 1910, the year the district began first-year high-school coursework per the court opinion. Seed's note that land was added from the Scudder District in 1940 and 1949 is corroborated by the district history. Member schools include, in this batch: Ritenour HS (ALL-285), Ritenour Middle/Junior High (ALL-287), DeHart (ALL-288), Iveland (ALL-289), Lackland (ALL-291), Elmwood (ALL-292); in other batches: Ritenour School (ALL-321), Overland School (ALL-309), New Overland (ALL-308), Scudder Avenue School (ALL-392); plus unbatched/unnamed: Home Heights, Midland, Marion, Marvin, Kratz, Wyland, Buder, Ashby, Hoech Junior High, Ritenour School for Early Childhood Education. Still operating; NCES District ID 1931680.",administrative_district_only,in_scope
ALL-303,Ritenour High School - Forest Avenue Campus,Ritenour High School; Ritenour Senior High School (Forest Ave building),63114,Ritenour School District,Public High School,1924,confirmed,https://rms.ritenourschools.org/about-us12/history-of-rms,1950,confirmed,https://www.ritenourschools.org/community/history-of-ritenour/100-facts,ALL-285,confirmed,https://resources.finalsite.net/images/v1698942905/ritenourk12mous/t8ebquycxpaoaazmv30d/our_first_132_years_ada.pdf,"Ritenour's first dedicated high-school building at 8740 Forest Avenue (Charlack site — parts of Blocks 35-36 purchased March 1921 from Edward Gocke; $65K bond approved May 1921, re-approved October 1921, bonds sold March 1923, cornerstone laid July 1923, designed with input from William B. Ittner's firm). Opened September 1924 for the 1924-25 year; served as the senior high until the new St. Charles Rock Road campus (ALL-285) opened for the 1950-51 term, then became the district's first junior high — the same building is today's Ritenour Middle School (ALL-287) at 2500 Marshall Ave. The 1923-built portion was demolished in 1991. Kept as a separate row per the no-silent-merge campus rule.",individual_school,in_scope
ALL-304,Ritenour High School - Old Overland Campus,Overland School; Ritenour/Overland School; Ritenour School (1907 building),63114,Ritenour School District,Public High School,1910,probable,https://exa.ai/library/legal/opinion/cjrk6n1rw8k,1924,confirmed,https://resources.finalsite.net/images/v1698942905/ritenourk12mous/t8ebquycxpaoaazmv30d/our_first_132_years_ada.pdf,ALL-303,confirmed,https://resources.finalsite.net/images/v1698942905/ritenourk12mous/t8ebquycxpaoaazmv30d/our_first_132_years_ada.pdf,"High-school program housed inside the district's main grade school at 2420 Woodson Road — the 1907 eight-room building erected on the site of the earlier Ritenour School (Buck School site; the building is separately seeded as ALL-309 'Overland School'). The Missouri Supreme Court in State ex rel. Bender v. Hackmann (1922) records that the 1907 building, erected for grade-school purposes, began housing 'first-year high-school course' studies in 1910, added second-year studies 1914 and third/fourth-year by 1916 — seed's '1918' conflates the first graduating class (May 17, 1918). The high school moved to the new Forest Avenue building (ALL-303) in September 1924. The Woodson Road building continued as the Overland/New Overland elementary and is today the district Administrative Center.",individual_school,out_of_scope_closed_before_1949
ALL-307,Marion Elementary School,Marion School,63114,Ritenour School District,Public Elementary,1925,confirmed,https://www.ritenourschools.org/community/history-of-ritenour/100-facts,n/a,confirmed,https://marion.ritenourschools.org,none,confirmed,,"Seed's 1925 confirmed by the district's own history page: a $70,000 bond issue passed in January 1925 to build Marion (paired with Midland), and 'the school opened in 1925.' Site land at Midland & Marion (now Sims Avenue) was acquired in stages in 1888, 1918 and 1923. Additions/renovations in 1953 and 1959; the 1990 bond issue funded demolition of the old building and replacement with the current $2,625,700 structure (consistent with the seed note); library renovation completed 2012 under Prop K. School site is live and the building is a current Ritenour elementary.",individual_school,in_scope
ALL-308,New Overland School,New Overland Elementary School,63114,Ritenour School District,Public Elementary,1929,confirmed,https://www.ritenourschools.org/community/history-of-ritenour/100-facts,1976,probable,https://resources.finalsite.net/images/v1698942905/ritenourk12mous/t8ebquycxpaoaazmv30d/our_first_132_years_ada.pdf,unknown,unknown,,"Seed's 1929 confirmed: district history page says the school was 'built in 1929 on Woodson Road in Overland' after land was assembled from ten owners; a $69,000 bond issue for it passed 277-30 on Feb. 12, 1929 (per the district's 'Our First 132 Years' history). CLOSURE-YEAR CONFLICT: the district's 100-facts page says it closed in 1975 (matching the seed), but the district's own narrative history says the March 25, 1976 reorganization plan designated Home Heights, Midland and New Overland 'to be closed,' the Armbruster Vo-Prep School moved into the New Overland building in summer 1976, and Elmwood students were still being reassigned TO New Overland for 1975-76 when Elmwood closed — implying the elementary program actually ended in 1976. Recorded 1976 as the better-evidenced year; 1975 is possible if the district's fact list refers to the program wind-down. Receiving elementaries for displaced students are not named in either source. The building was sold to the U.S. Postal Service in 1997 and demolished; the site is now the Overland Post Office (district fact 35) — consistent with the seed note.",individual_school,in_scope
ALL-309,Overland School,Ritenour/Overland School; Ritenour School; Old Overland School,63114,Ritenour School District,Public Elementary,1907,confirmed,https://resources.finalsite.net/images/v1698942905/ritenourk12mous/t8ebquycxpaoaazmv30d/our_first_132_years_ada.pdf,1958,confirmed,https://www.ritenourschools.org/community/history-of-ritenour/100-facts,unknown,probable,https://www.ritenourschools.org/community/history-of-ritenour/100-facts,"SEED CLOSURE YEAR WRONG: seed says closed 1924, but the building at 2420 Woodson Rd operated as a school until 1958. District history: in April 1907 the board hired an architect to plan a new eight-room building on the Ritenour School site, and 'Ritenour' opened on time that fall. The district's fact 14 summarizes the site lineage — 'from 1847 to 1958, the location of the Administrative Center was the site of a school — first the Buck School, which became the Ritenour School, which later became the Overland School, which later became the Old Overland School.' Wyland Elementary opened September 1958 and 'replaced' the old Overland School (narrative: 'the board made plans to sell the old Overland School, which it replaced'); no buyer emerged and the building was remodeled into the Ritenour Administrative Center, which still stands at 2420 Woodson Rd. The seed's 1924 is probably the year the district's high-school classes moved out — the new Ritenour High School opened its own building in fall 1924 (that building is today's Ritenour Middle School, district fact 17). The Overland School building had housed Ritenour's early high school classes since 1914. SUCCESSOR GAP: Wyland Elementary School (opened 1958, still operating) is the documented replacement but has NO row anywhere in the seed dataset — recommend adding it. LINEAGE FLAG: this row is the same continuous school as ALL-321 'Ritenour School' (1867-1907 in the seed); they are name/building phases of one entity, kept separate per the no-silent-merge rule.",individual_school,in_scope
ALL-310,Home Heights School,Home Heights School,63114,Ritenour School District,Public Elementary,1907,confirmed,https://www.ritenourschools.org/community/history-of-ritenour/100-facts,1976,confirmed,https://www.ritenourschools.org/community/history-of-ritenour/100-facts,unknown,unknown,,"Seed confirmed on both dates by the district's own history: a $2,000 bond for a 'wooden school' in the Home Heights/St. John area was approved April 1905 and 'the first Home Heights School building opened in 1907' (narrative adds the fall 1907 opening was delayed a month). The four-room brick replacement was approved May 1915 and opened Jan. 31, 1916 (narrative gives the exact opening date and a Feb. 5 open house). A $60,000 WPA-assisted addition passed in November 1933. 'Home Heights School closed in 1976' under the March 25, 1976 board reorganization plan; the building then housed the district's expanded Community Education Program before being 'demolished in 1998 to develop an outstanding soccer facility on the site, now known as the Ritenour High School North Campus Athletic Field.' Receiving school(s) for its students were not specified in the district sources — left successor unknown. Color detail: Charles Lindbergh photographed the school from the air on Oct. 2, 1926.",individual_school,in_scope
ALL-311,Midland School,Midland Elementary School,63114,Ritenour School District,Public Elementary,1925,confirmed,https://www.ritenourschools.org/community/history-of-ritenour/100-facts,1976,confirmed,https://www.ritenourschools.org/community/history-of-ritenour/100-facts,unknown,unknown,,"Seed confirmed on both dates by the district's history: the Midland site next to the original high school off Forest Avenue in Charlack 'was obtained in 1923 for $1. It was built in 1925 and closed in 1976. The school was demolished in 1991, with most of the site to be used by Ritenour Middle School for playground and recreational purposes.' Architect plans for Marion and Midland were commissioned September 1924 and the paired $70,000 bond passed Jan. 20, 1925 (narrative history). After closure the building was leased to the Special School District (summer 1976) before its 1991 demolition. Receiving elementary school(s) for its students are not documented in the district sources — successor left unknown. (Seed 'demolished 1991' confirmed.)",individual_school,in_scope
ALL-312,Marvin Elementary School,Marvin School,63114,Ritenour School District,Public Elementary,1928,confirmed,https://www.ritenourschools.org/community/history-of-ritenour/100-facts,n/a,confirmed,https://marvin.ritenourschools.org,none,confirmed,,"Seed's 1928 confirmed by the district's history: the school 'derived its name from the Marvin Park subdivision,' a February 1928 bond issue funded the site purchase, and 'it opened in 1928 with six teachers and 302 pupils.' A $37,000 addition bond passed Feb. 11, 1930; the site grew to ~10 acres (1956-67); the 1990 bond issue replaced the older portions with the current 1991 building ($3,102,000); a second gym was completed for the 2006 school year. School website is live — still a current Ritenour elementary.",individual_school,in_scope
ALL-315,Ashby School,Ashby Road School,63114,Ritenour School District,Public Elementary (portable annex),1933,probable,https://resources.finalsite.net/images/v1698942905/ritenourk12mous/t8ebquycxpaoaazmv30d/our_first_132_years_ada.pdf,1939,confirmed,https://www.ritenourschools.org/community/history-of-ritenour/100-facts,ALL-314,confirmed,https://www.ritenourschools.org/community/history-of-ritenour/100-facts,"OPENING-YEAR CONFLICT: seed says 1936, and the district's own fact list says the portable 'housed grades 1-4 from 1936 to 1939' — but the district's narrative history says the portable (purchased 1922 for the Overland School site) 'was moved to a new location on Ashby Road' in September 1933 to temporarily meet the need for a school. The 1933 date is from board-minutes-derived narrative; 1936 may reflect when it first appears in the district's grade-level listings. Recorded 1933 probable with the conflict documented. CLOSURE CONFIRMED: the $39,073 contract for a permanent Ashby School was let in November 1938; the new building opened in September 1939 as Buder School (renamed for board president Hugo F. Buder, who died March 1939) 'north and east of the Ashby School,' and the portable was sold to St. Luke's AME Church in Elmwood for $400. Successor recorded as ALL-314 (Buder Elementary, the 63114 row) per the district's explicit 'replaced by Buder School.' NOTE: ALL-314's own seed row says Buder closed 1981 — Buder did close 1981 but reopened in 1986 and is operating today (district fact list); flag for that batch's worker. Buder also appears as ALL-261 in the 63074 rows — likely a duplicate of the same school.",individual_school,out_of_scope_closed_before_1949
ALL-321,Ritenour School,"Ritenour School; Ritenour/Overland School; Buck School (predecessor, 1846)",63114,Ritenour School District,Public Elementary,1867,probable,https://www.ritenourschools.org/community/history-of-ritenour/100-facts,1907,probable,https://resources.finalsite.net/images/v1698942905/ritenourk12mous/t8ebquycxpaoaazmv30d/our_first_132_years_ada.pdf,ALL-309,probable,https://www.ritenourschools.org/community/history-of-ritenour/100-facts,"Seed note corroborated: in 1867 'Buck School and a temporary school for Negro children were joined to form the rural district of Ritenour' (district history PDF), making Ritenour the first St. Louis-area district to educate African-American children. The name honored landowner J.S. Ritenour (d. March 29, 1867). The school itself is older than the name — Buck School was a one-room log cabin built 1846 at Woodson/Lackland (site of today's Administrative Center); it burned Dec. 28, 1886 (flue defect, not the Christmas-tree legend) and was replaced by a four-room brick building. 'Ritenour School' in this seed row (1867-1907) is the same continuous school as ALL-309 'Overland School' — the 1907 date marks the eight-room replacement building on the same site, not a true closure, and board minutes keep calling the school 'Ritenour' well into the 1910s before 'Overland'/'Old Overland' usage takes over. Successor = ALL-309 (the same entity continued under the Overland School name until 1958). LINEAGE FLAG: rows ALL-321 and ALL-309 describe one school; kept separate per the no-silent-merge rule.",individual_school,out_of_scope_closed_before_1949
ALL-328,Normandy High School,Normandy Senior High School,63114,Normandy Schools Collaborative,Public High School,1923,confirmed,https://normandyhighschool.normandysc.org/,n/a,confirmed,https://normandyhighschool.normandysc.org/,none,confirmed,,"Seed's '1920s' resolved: the school's own site says it 'opened its doors for the 1923-24 school year' — voters approved a $200,000 bond in April 1924 (authorized 1922 per the State Historical Society of Missouri's S0326 finding aid) to buy the former Eden Seminary campus at Lucas & Hunt Rd / St. Charles Rock Rd, and the school shared the campus with the seminary during 1923-24 (~300 students, 13 teachers). It opened as a combined junior/senior high (grades 7-12); William B. Ittner designed the California-style campus, a vocational building and amphitheater gym were added 1929, a junior-high building was added on campus 1934, and a separate junior high opened ~1949 after a fire gutted the original seminary building. Still operating under Normandy Schools Collaborative (the district formed July 12, 1894; renamed/reorganized after losing accreditation in 2013-14). Actual address ZIP is 63133 (Wellston), not 63114 — included for community coverage. The seed's yearbook list (1931, 1933, 1935, etc.) is plausible; see ALL-329 for the pre-1923 predecessor high school.",individual_school,in_scope
ALL-329,Normandy High School - Historical Campus,Normandy High School (Washington School campus),63114,Normandy School District,Public High School,1907,probable,http://files.shsmo.org/manuscripts/saint-louis/S0326.pdf,1912,probable,http://files.shsmo.org/manuscripts/saint-louis/S0326.pdf,ALL-328,probable,http://files.shsmo.org/manuscripts/saint-louis/S0326.pdf,"Interpreting this row as the pre-1923 Normandy high school (the seed asks to keep it separate because 'campus and institutional names changed'). The SHSMO Normandy School District Collection says the district's first high school classes were taught in 1907 in the old Washington School building on St. Charles Rock Road; the first class (4 students) graduated in 1911, and the high school 'could not meet accreditation requirements and was closed in the spring of 1912.' (Wikipedia says 'only one class graduated when the school closed in 1911' — one-year conflict noted; used 1912 from the archival finding aid.) Wikipedia also notes an even earlier, undated, sub-one-year high-school attempt at Lincoln Elementary in Pagedale. No high school existed in Normandy 1912-1923 — students attended neighboring districts' schools — until the Eden Seminary campus opened as ALL-328 in 1923, recorded as successor (the institutional continuation, though not a direct merger). LINEAGE FLAG: this is a predecessor-phase row for ALL-328, not a separate institution.",individual_school,out_of_scope_closed_before_1949
ALL-330,Normandy Junior High School,Normandy Junior High; Normandy Junior High/Middle School; Normandy 7th-8th Grade Center,63114,Normandy School District / Normandy Schools Collaborative,Public Middle School,1949,probable,https://en.wikipedia.org/wiki/Normandy_Schools_Collaborative,unknown,unknown,,ALL-343,probable,https://www.normandysc.org/about-nsc,"Junior-high instruction in Normandy began inside the high school — NHS opened as a combined junior/senior high in 1923, and a junior-high building was added to the high-school campus in 1934 (SHSMO S0326). As a standalone school, the district bought a 30-acre Natural Bridge Road tract from the Sisters of the Cenacle in 1947, began construction in 1948, and the separate junior high opened ~1949 (Wikipedia's building-year list gives 'Normandy Junior High School - 1949'; the school's 'NorJun' newsletter exists for 1960-61 in the SHSMO collection). The same Wikipedia list notes the school later operated as 'Normandy Junior High/Middle (and later 7th-8th Grade Center).' The 'Normandy Junior High' name/building's exact end date is not pinned down online: NSC's current middle school is Normandy Middle School at Lucas Crossing (7837 Natural Bridge Rd; Lucas Crossing complex built 2004 per its school page, which cites the site as the former district administration/Lucas-Hunt property), and NSC reconfigured to a grades 1-8 'EleMiddle' model in 2019-20 (normandysc.org). The NSC Early Learning Center at 7855 Natural Bridge Rd may occupy the old junior-high site — plausible but unverified. Successor recorded as ALL-343 (Normandy Middle School at Lucas Crossing) as the functional continuation of the district's middle grades; interestingly that row's own seed 'Opened' value is 1949, suggesting the seed already treats it as the NJH continuation.",individual_school,unknown_insufficient_data
ALL-331,Bel-Nor School,Bel-Nor Elementary School,63114,Normandy Schools Collaborative,Public Elementary,1927,confirmed,https://www.cityofbelnor.org/about,n/a,probable,https://bel-nor.normandysc.org/,none,probable,,"The City of Bel-Nor's official site says 'the Normandy School District officially opened Bel-Nor school in 1927' — Normandy's first fireproof grade school and first not named for a president (STLPR reported the building was 'built in 1926,' consistent with construction 1926 / opening 1927). CLOSED AND REOPENED: the board voted Oct. 24, 2013 to close Bel-Nor amid the district's financial collapse; its ~332 students left on Dec. 20, 2013 and were folded into two other Normandy elementaries (AP/St. Louis Post-Dispatch via tucson.com; Wikipedia records the closure as 2014). A 2015 plan repurposed the building for kindergarten, and the school is active again — the NSC site lists it as the district's only grades 1-5 school with ~300 students. Recorded closed_year n/a since it operates today, with the 2013-14 closure documented here. During the closure its students dispersed to other district elementaries, so successor is 'none' for the reopened entity. Actual address ZIP is 63121 (Bel-Nor).",individual_school,in_scope
ALL-332,Bel-Ridge School,Bel-Ridge Elementary School; Bel-Ridge Primary School,63114,Normandy Schools Collaborative,Public Elementary,1953,probable,https://en.wikipedia.org/wiki/Normandy_Schools_Collaborative,2011,probable,https://en.wikipedia.org/wiki/Normandy_Schools_Collaborative,unknown,unknown,,"Seed's unknowns resolved with secondary sources: Wikipedia's Normandy Schools Collaborative school list gives the Bel-Ridge School building year as 1953 (probable — no stronger source found online; SHSMO's S0326 finding aid confirms only that Bel-Ridge was one of four elementary schools added to the district over the ~1922-1952 expansion). Closure: Wikipedia says it 'closed in 2011'; publicschoolreview's NCES-derived profile labels it 'Closed 2012' with enrollment data ending in 2011 (the ~1-year skew pattern noted in the pilot notes), and STLPR's Oct. 2013 report already refers to Bel-Ridge as unused district property. Recorded 2011 probable. Which elementaries absorbed its students is not documented — successor unknown. The Missouri Historical Society genealogy photo index holds a 'Bel-Ridge Primary School' image, consistent with an early-grades configuration.",individual_school,in_scope
ALL-333,Christian Academy of Greater St. Louis,Christian Academy of Greater St. Louis,63114,Private Christian (Church of Christ affiliated),Private PK-12,1976,confirmed,https://www.cagsl.net/home/about-ca,n/a,confirmed,https://nces.ed.gov/surveys/pss/privateschoolsearch/school_detail.asp?ID=02041646,none,confirmed,,"The school's own About page says it 'began in 1976,' founded by parents seeking a faith-centered school; privateschoolreview (NCES-derived) likewise lists 'Year Founded 1976.' Still operating per the NCES Private School Universe Survey and its live site (~152 PK-12 students). SEED ADDRESS ERROR: seed lists '11050 Saint Charles Rock Road, St Ann MO 63074' — the school's actual address is 11050 N. Warson Rd, St. Louis MO 63114 (school site and NCES both), so the true ZIP is 63114, not 63074. NCES lists its affiliation as Church of Christ.",individual_school,in_scope
ALL-334,Incarnate Word Academy,Incarnate Word Academy,63114,Sisters of Charity of the Incarnate Word,Private Catholic High School (girls),1932,confirmed,https://www.iwacademy.org/about-iwa/history,n/a,confirmed,https://www.iwacademy.org/,none,confirmed,,"Seed's 1932 confirmed by the school's own history page: the Sisters of Charity of the Incarnate Word bought the Lucas Estate land in Bel-Nor in 1921-22, Archbishop Glennon blessed the convent Oct. 28, 1928, and 'Incarnate Word Academy opened on September 6, 1932' in the convent facilities (35 students the first year per Wikipedia). Administration building added 1949, Chapel 1956, Centennial Hall 1969. Still operating — Catholic college-prep girls' high school at 2788 Normandy Dr. Actual ZIP is 63121 (Bel-Nor); the 63114 seed ZIP reflects community coverage.",individual_school,in_scope
ALL-335,Loretto Academy,Loretto Academy; Sisters of Loretto Academy,63114,Sisters of Loretto (Catholic),Private girls' high school / academy,1907,probable,https://www.urbanreviewstl.com/2010/01/non-profit-runs-out-of-money-boards-building/,1952,probable,https://nerinxhall.libguides.com/c.php?g=1089076&p=8336556,unknown,probable,https://www.urbanreviewstl.com/2010/01/non-profit-runs-out-of-money-boards-building/,"IDENTITY PROBABLE BUT ZIP/ADDRESS WRONG: the best-documented 'Loretto Academy' in the St. Louis area was the Sisters of Loretto girls' academy at 3407 Lafayette Ave in St. Louis CITY (ZIP 63104) -- NRHP-listed building (NRIS 92000079, significant year 1909, architects Barnett Haynes & Barnett / John Costello). Per a St. Louis Post-Dispatch article quoted by UrbanReview STL, the building 'opened in 1907 as the Loretto Academy, a posh school for girls'; Nerinx Hall's own LibGuide dates 'Loretto Academy (St. Louis, MO)' as closed 1952, when the school moved to/merged with Nerinx Hall High School in Webster Groves (successor, no seed row). Nothing ties a 'Loretto Academy' to ZIP 63114 (Overland/St. Ann/Breckenridge Hills); the Sisters of Loretto school actually in that area was St. Ann parish school in Normandy, a different entity. ALTERNATIVE REFERENT: Loretto Academy in Florissant, MO -- a five-story Sisters of Loretto academy built 1882, destroyed by fire 1919 (city of Florissant historic marker, florissantmo.com). If the seed meant the Florissant school, the dates would be 1882-1919 instead. Recorded here as the city school (1907-1952); flag for human review.",individual_school,in_scope
ALL-337,Ritenour Adult Education,Ritenour Adult Education and Learning (AEL) Program; Ritenour Adult Learning Center,63114,Ritenour School District,Adult Education,unknown,unknown,,n/a,confirmed,https://www.ritenourschools.org/rsd/~board/ritenour-school-district-news/post/ritenour-adult-education-and-ace-alternative-program-relocating-to-hoech-middle-school-north-wing-for-2025-2026-school-year,none,confirmed,,"Still operating: per a Ritenour School District notice, the Adult Education and Learning (AEL) program moved July 1, 2025 from leased space at 8672 St. Charles Rock Rd (St. John) into the north wing of Hoech Middle School, 3312 Ashby Rd, for the 2025-26 year. SEED ADDRESS IS WRONG/IMPRECISE: 2420 Woodson Rd is the district Administrative Center, not the program's classroom site. Program start date not found online. Low yearbook relevance (adult program, no yearbook series expected).",individual_school,in_scope
ALL-339,Normandy High School - Eden Seminary Campus,Eden Seminary; Eden Theological Seminary; Normandy High School,63121,Normandy School District / Normandy Schools Collaborative,Public High School,1923,probable,https://normandyhighschool.normandysc.org/,1958,probable,http://files.shsmo.org/manuscripts/saint-louis/S0326.pdf,ALL-328,probable,https://normandyhighschool.normandysc.org/,"This row is a BUILDING-level row: the school is the same continuous Normandy High School that still operates at 6701 St. Charles Rock Rd. Per the SHSMO Normandy School District Collection finding aid (S0326) and the district's own history page: voters authorized a $200,000 bond to buy the former Eden Theological Seminary property (corner of Lucas & Hunt and St. Charles Rock Rd) in 1922/1924 (sources conflict on bond date); the school opened for the 1923-24 year sharing the campus with Eden students, ~300 students, 13 teachers. Wikipedia's NSC school list gives 'Normandy High School - 1925'; opening year given as 1923 here (first year of operation). A 1949 fire burned most of the ornate four-story seminary building; classes ran split-session 1949-50; the surviving first floor was demolished in 1958 and replaced by Central Hall (completed ~1959). 'Closed 1958' therefore refers only to the original building. The continuing school is tracked separately in batch10 (ALL-328 'Normandy High School'; ALL-329 'Normandy High School - Historical Campus' is probably this same campus) -- flagged as cross-batch overlap, not merged. Actual ZIP is 63133 (Wellston), not 63121.",individual_school,in_scope
ALL-340,Normandy High School - Original High School Classes,Washington School High School; Washington High School,63121,Normandy School District,Public High School,1907,confirmed,http://files.shsmo.org/manuscripts/saint-louis/S0326.pdf,1912,confirmed,http://files.shsmo.org/manuscripts/saint-louis/S0326.pdf,ALL-339,probable,http://files.shsmo.org/manuscripts/saint-louis/S0326.pdf,"SHSMO S0326 finding aid: first Normandy high-school classes were taught at the old Washington School building in 1907; the first class (four students) graduated in 1911; the school could not meet accreditation requirements and closed in spring 1912. Wikipedia's Normandy HS article says 'closed in 1911' -- the 1911/1912 discrepancy noted; SHSMO's 'spring 1912' used. Wikipedia's NSC school list names this entity 'Washington High School - 1907'. The district had NO high school 1912-1923 (students tuitioned to neighboring districts), so ALL-339 is the eventual successor rather than a direct absorption. Per the Wikipedia Normandy HS article, an even earlier ~1-year high-school attempt operated at Lincoln Elementary in Pagedale before this.",individual_school,out_of_scope_closed_before_1949
ALL-342,Normandy Junior High School - Natural Bridge Campus,Normandy Junior High School; Normandy Middle School; Normandy 7th-8th Grade Center,63121,Normandy School District / Normandy Schools Collaborative,Public Middle School,1949,probable,https://en.wikipedia.org/wiki/Normandy_Schools_Collaborative,2019,probable,https://resources.finalsite.net/images/v1651399535/normandyscorg/hzfk5g8lur5ks35e2rs2/NSC-NL_8-pgFall2018-F_lowres.pdf,unknown,probable,https://www.normandysc.org/programs/student-support-services-clone/student-enrollmentregistration-information-clone,"SHSMO S0326: the district bought 30 acres on Natural Bridge Rd from the Sisters of the Cenacle in 1947 and began construction in 1948; the 1949 seminary fire forced split-session classes in 1949-50 while the junior high was finished -- so 'opened 1949' may mean construction completion vs. full occupancy ~1950. Wikipedia's NSC school list dates it 1949. The building later operated as Normandy Middle School and then the 'Normandy 7th-8th Grade Center', which closed for the 2019-20 school year when NSC moved to the EleMiddle (grades 1-8) model per the fall 2018 district newsletter and Prop N documentation. The middle-school program continues as 'Normandy Middle School at Lucas Crossing', 7837 Natural Bridge Rd (no seed row -- successor left unknown). The 7855 Natural Bridge building is now the Normandy Early Learning Center (PS-K), still in district use. OVERLAP FLAG: batch10 row ALL-330 'Normandy Junior High School' is almost certainly the same entity -- kept separate per no-merge rule.",individual_school,in_scope
ALL-344,Washington School,Washington School; Old Washington School,63121,Normandy School District,Public Elementary,1894,probable,https://en.wikipedia.org/wiki/Normandy_Schools_Collaborative,1895,probable,http://files.shsmo.org/manuscripts/saint-louis/S0326.pdf,ALL-345,probable,http://files.shsmo.org/manuscripts/saint-louis/S0326.pdf,"First school of the Normandy district (District No. 2, Township 46, Range 6 East, Eden, St. Louis County): built 1894 on one acre in the northeast corner of what is now Valhalla Cemetery, per the district history cited in Wikipedia's NSC article. SHSMO S0326 says three elementary schools including Washington were already operating when the district formalized July 12, 1894, and that a NEW Washington School building was constructed in 1895 -- so this original building was replaced after only ~1 year (whether it was demolished or continued in auxiliary use is not stated; closed_year 1895 is probable, not confirmed). Seed's 'closed 1930' appears to treat the whole site lineage through the 1930 move; recorded per building here. Old Washington also hosted the district's first high-school classes 1907-1912 (see ALL-340). Successor building = ALL-345; the same school lineage continues today as Washington Elementary (ALL-346).",individual_school,out_of_scope_closed_before_1949
ALL-345,Washington School - 1895 Building,New Washington School; Washington School,63121,Normandy School District,Public Elementary,1895,probable,http://files.shsmo.org/manuscripts/saint-louis/S0326.pdf,1930,probable,https://en.wikipedia.org/wiki/Normandy_Schools_Collaborative,ALL-346,probable,https://en.wikipedia.org/wiki/Normandy_Schools_Collaborative,"Replacement building for the original 1894 Washington School (ALL-344), built 1895 per SHSMO S0326. Operated until the district opened the 1930 Washington School building at 1730 N Hanley Rd (ALL-346, 'began operations in 1930' per Wikipedia's NSC article, which also lists 'Washington School - 1930'). Rows ALL-344/345/346 are one continuous school in three buildings; kept separate per seed structure. Building-level closure (1930) is probable -- exact year the 1895 structure stopped serving students is inferred from the successor's opening.",individual_school,out_of_scope_closed_before_1949
ALL-346,Washington School - 1930 Building,Washington School; Washington Elementary School,63121,Normandy School District / Normandy Schools Collaborative,Public Elementary,1930,confirmed,https://en.wikipedia.org/wiki/Normandy_Schools_Collaborative,n/a,confirmed,https://www.normandysc.org/programs/student-support-services-clone/student-enrollmentregistration-information-clone,none,confirmed,,"Still operating as Washington Elementary School, 1730 N Hanley Rd, on the current NSC enrollment list (grades 1-5 EleMiddle). Wikipedia's NSC article confirms it 'began operations in 1930' and locates it in Vinita Park. Received Prop N additions (STEAM studio, new entryway) in 2019. Actual ZIP is 63114 per the district's own address list; seed's 63121 reflects the community served. Successor to the 1894/1895 Washington buildings (ALL-344, ALL-345).",individual_school,in_scope
ALL-347,Normandy School,Normandy School; Roosevelt School (renamed),63121,Normandy School District,Public Elementary,1897,probable,http://files.shsmo.org/manuscripts/saint-louis/S0326.pdf,1930,probable,https://en.wikipedia.org/wiki/Normandy_Schools_Collaborative,ALL-348,probable,https://en.wikipedia.org/wiki/Normandy_Schools_Collaborative,"One of the district's three original schools (operating when the district formalized July 12, 1894); the surviving building at 7629 Natural Bridge Rd was built 1897 per SHSMO S0326. The school itself likely predates 1894 -- founding year unknown. Seed notes (via a Missouri historic survey) say the 1897 building was later used as Roosevelt School, so 'closed' here means renamed to Roosevelt (ALL-348); the rename year (~1930 per seed) is uncertain -- Wikipedia's NSC school list instead gives the Roosevelt span as '1897-1938', which would imply the building was always called Roosevelt. The two sources conflict and the true rename date needs the underlying historic survey. SITE STATUS FLAG: the address is now Murchison Tabernacle CME Church (confirmed, thirddistrictcme.org), but builtstlouis.net describes the present church structure as '1960s vintage' -- so the 1897 school building was probably demolished/replaced on the site rather than surviving as the seed implies. ALL-347 and ALL-348 are arguably the same continuous school; kept separate per no-merge rule.",individual_school,out_of_scope_closed_before_1949
ALL-348,Roosevelt School,Roosevelt School; Normandy School (prior name),63121,Normandy School District,Public Elementary,1930,probable,https://en.wikipedia.org/wiki/Normandy_Schools_Collaborative,1938,probable,https://en.wikipedia.org/wiki/Normandy_Schools_Collaborative,unknown,unknown,,"Same physical building as ALL-347 (7629 Natural Bridge Rd, built 1897) under the Roosevelt name. Wikipedia's NSC school list gives 'Roosevelt School - 1897-1938' (probably the building's lifespan); the seed gives 1930-1938, consistent with a ~1930 rename of Normandy School. Both sources agree the Roosevelt name ended in 1938. Why it closed and where students went is not documented online -- successor left unknown; recommend the underlying Missouri historic survey / district board minutes for a human follow-up. Site is now Murchison Tabernacle CME Church (1960s-vintage building per builtstlouis.net).",individual_school,out_of_scope_closed_before_1949
ALL-349,Lincoln School,Lincoln School; Lincoln Elementary School,63121,Normandy School District,Public Elementary,1900,probable,https://en.wikipedia.org/wiki/Normandy_Schools_Collaborative,2001,probable,https://en.wikipedia.org/wiki/Normandy_Schools_Collaborative,unknown,probable,https://en.wikipedia.org/wiki/Normandy_Schools_Collaborative,"Established ~1900 (Wikipedia NSC list: 'Lincoln School - est. 1900'; SHSMO S0326 puts Lincoln among the elementaries added in the first decade of the 1900s). In Pagedale at 6815 Robbins Ave. Notable: per the Normandy High School Wikipedia article, the district ran a very early (~1-year) high-school program inside Lincoln Elementary before the 1907 Washington School attempt. Wikipedia's NSC article states Lucas Crossing Elementary School (scheduled to open 2001) took students formerly at Lincoln Elementary -- closed ~2001 with Lucas Crossing as successor (no seed row, id left unknown).",individual_school,in_scope
ALL-350,Garfield School,Garfield School; Garfield Elementary School,63121,Normandy School District / Normandy Schools Collaborative,Public Elementary,1906,probable,https://en.wikipedia.org/wiki/Normandy_Schools_Collaborative,2011,probable,https://en.wikipedia.org/wiki/Normandy_Schools_Collaborative,ALL-357,probable,https://en.wikipedia.org/wiki/Normandy_Schools_Collaborative,"Established 1906 per the NSC school list (SHSMO S0326 likewise places Garfield among the 1900s-decade additions). At 6506 Wright Way, Pine Lawn. Per Wikipedia's NSC article, Barack Obama School is 'a consolidation of Garfield Elementary School and Pine Lawn Elementary School'; the board voted to name it in 2010 and it began operations in 2011 -- closed year recorded as 2011 (the consolidation year may be 2010 or 2011 depending on whether one counts the vote or the opening). Successor = Barack Obama Elementary (batch12 row ALL-357). Seed's Beyond Housing association not independently verified.",individual_school,in_scope
ALL-351,McKinley School,McKinley School; McKinley Elementary School,63121,Normandy School District,Public Elementary,1907,probable,https://en.wikipedia.org/wiki/Normandy_Schools_Collaborative,2001,probable,https://en.wikipedia.org/wiki/Normandy_Schools_Collaborative,unknown,probable,https://en.wikipedia.org/wiki/Normandy_Schools_Collaborative,Wikipedia's NSC school list gives 'McKinley School - 1907'; the seed's 1906 ('established 1906-07') is within rounding -- recorded as 1907. Wikipedia locates McKinley Elementary in Velda City with a Hillsdale postal address (seed's 2100-2132 Lucas & Hunt Rd is consistent with the Lucas & Hunt corridor through Velda City). Lucas Crossing Elementary (scheduled to open 2001) took students formerly at McKinley -- closed ~2001; successor Lucas Crossing Elementary has no seed row (id unknown).,individual_school,in_scope
ALL-352,Harrison School,Harrison School; Harrison Elementary School; Wheaton School,63121,Normandy School District,Public Elementary,1907,probable,https://en.wikipedia.org/wiki/Normandy_Schools_Collaborative,2001,probable,https://en.wikipedia.org/wiki/Normandy_Schools_Collaborative,unknown,probable,https://en.wikipedia.org/wiki/Normandy_Schools_Collaborative,Established 1907 per the NSC school list (SHSMO S0326 confirms Harrison among the early-1900s additions). At 8121 Albin Ave with a Vinita Park postal address per Wikipedia. Seed's historic-survey note that the building was also called 'Wheaton School' not independently verified but plausible (Wheaton is a nearby area name). Lucas Crossing Elementary (scheduled to open 2001) took students formerly at Harrison -- closed ~2001; successor Lucas Crossing Elementary has no seed row (id unknown).,individual_school,in_scope
ALL-354,Jefferson School,Jefferson School; Jefferson Elementary School,63121,Normandy School District / Normandy Schools Collaborative,Public Elementary,1929,probable,https://en.wikipedia.org/wiki/Normandy_Schools_Collaborative,n/a,confirmed,https://www.normandysc.org/programs/student-support-services-clone/student-enrollmentregistration-information-clone,none,confirmed,,"Opened 1929 per the NSC school list (SHSMO S0326 also lists Jefferson among elementaries added as the district grew). Still operating as Jefferson Elementary, 4315 Cardwell Dr (Pasadena Hills), on the current NSC enrollment list (grades 1-5 EleMiddle); received Prop N additions in 2019 alongside Washington Elementary.",individual_school,in_scope
ALL-356,Pine Lawn School,Pine Lawn Elementary School; Pine Lawn Elementary,63121,Normandy School District,Public Elementary,1971,probable,https://en.wikipedia.org/wiki/Normandy_Schools_Collaborative,2011,confirmed,https://www.stlpr.org/education/2010-05-27/normandy-superintendent-announces-changes-to-help-district-win-full-accreditation,ALL-357,confirmed,"https://en.wikipedia.org/wiki/Pine_Lawn,_Missouri","Opened 1971 per the Normandy district chronology (Wikipedia/SHSMO-derived). Closed January 2011: STLPR (May 27, 2010) reported 'Next January, Garfield and Pine Lawn will close, with their 400 students moving into a new elementary school in Pine Lawn' — that new school is Barack Obama Elementary (ALL-357), a consolidation of Garfield and Pine Lawn. SEED ADDRESS ERROR: '6506 Wright Way' is the address of Garfield School, not Pine Lawn — the archived June 2003 Normandy district school list gives 'Garfield School 6506 Wright Way Northwoods, MO' and 'Pine Lawn School 2505 Kienlen Pine Lawn, MO'. Pine Lawn Elementary's actual address was 2505 Kienlen Ave.",individual_school,in_scope
ALL-357,Barack Obama Elementary School,Barack Obama School,63121,Normandy School District / Normandy Schools Collaborative,Public Elementary,2011,confirmed,https://en.wikipedia.org/wiki/Normandy_Schools_Collaborative,n/a,confirmed,https://nces.ed.gov/ccd/schoolsearch/school_detail.asp?ID=292265003189,none,confirmed,,"New 65,000 sq ft building in Pine Lawn completed 2011 (Kwame Building Group project page), replacing Garfield Elementary and Pine Lawn Elementary (ALL-356), which closed January 2011 (STLPR, May 2010). School board voted to name it for President Obama in 2010; students at the two closing schools selected the name in a poll. Currently operating; NCES ID 292265003189 lists it as 'Barack Obama Elementary School' while the district brands it 'Barack Obama School' (barackobama.normandysc.org). Address 3883 Jennings Station Rd — physically in the City of Pine Lawn though the postal city is 'St. Louis'. Seed's historical-name alias 'Normandy Elementary' is unverified and likely a confusion with the historic Normandy School (est. 1897, a different entity).",individual_school,in_scope
ALL-358,Normandy Middle School at Lucas Crossing,Normandy Middle School; Lucas Crossing School Complex; Barack Obama Middle School (seed name — see notes),63121,Normandy School District / Normandy Schools Collaborative,Public Middle School,2001,probable,"https://en.wikipedia.org/wiki/Normandy,_Missouri",n/a,confirmed,https://lucascrossing.normandysc.org/about-our-school/directory,none,confirmed,,"PHANTOM NAME FLAG: no 'Barack Obama Middle School' exists or existed in the Normandy district — the only Obama-named school is Barack Obama Elementary (ALL-357). The seed's address (7855 Natural Bridge Rd) is the Lucas Crossing complex: current district materials give Normandy Middle School at Lucas Crossing at 7837 Natural Bridge Rd while older NCES/directory data list Normandy Middle at 7855 Natural Bridge Rd — same complex. The Lucas Crossing complex opened in 2001 (Normandy, MO Wikipedia, citing the archived district page 'Lucas Crossing Elementary School, scheduled to open in 2001'), taking students formerly at Harrison, Lincoln, and McKinley elementaries; the district chronology separately lists 'Lucas Crossing School Complex - 2004', so the middle-school phase may date to 2004. Row treated as the real middle school occupying the seed's address. Normandy's junior-high lineage began with the 1949 building on the 30-acre Natural Bridge Rd tract bought from the Sisters of the Cenacle in 1947 (SHSMO S0326) — whether that site is the same as today's Lucas Crossing complex is unverified.",individual_school,in_scope
ALL-361,Normandy Early Learning Center,"Normandy Early Learning Center; Normandy Kindergarten Center (same building, prior use)",63121,Normandy Schools Collaborative,Public Early Childhood,2019,probable,https://en.wikipedia.org/wiki/Normandy_Schools_Collaborative,n/a,confirmed,https://www.normandysc.org/programs/student-support-services-clone/student-enrollmentregistration-information-clone,none,confirmed,,"Opened ~2019 per the district chronology ('Normandy Early Learning Center - 2019'). ADDRESS DISCREPANCY: the seed and the archived 2003 district list put it at 3417 St Thomas More Lane (which was then the 'Normandy Kindergarten Center', Bel-Nor postal address, physically in Bel-Ridge), while the district's current enrollment page lists the Early Learning Center at 7855 Natural Bridge Rd (the Lucas Crossing complex), and NCES shows 3101 Nordic Dr. The ELC appears to have relocated from the St. Thomas More Lane kindergarten building — the exact move is unresolved. A separate 'Normandy Early Childhood Center' operated at 7611 South Sunset, Pasadena Park (2003-era). Pre-K/K program only, so yearbook potential is low, but enrollment records could serve as residency evidence.",individual_school,in_scope
ALL-362,Normandy Positive Alternative Learning Center,PAL Center; Positive Alternative Learning; McKinley School Annex,63121,Normandy School District / Normandy Schools Collaborative,Alternative Education,unknown,unknown,,unknown,unknown,,unknown,unknown,,"Real alternative-education program: business/directory records list 'Positive Alternative Learning', 6834 Normandale Dr, with principal Calvin Nicholas on the normandy.k12.mo.us domain, and STLPR (May 2010) names the PAL Center among schools getting new leadership. Founding year not found. CURRENT STATUS UNCERTAIN: the district's present alternative-education offering is branded 'C.A.S.A.' (Center for Academic & Social Advancement) per normandysc.org — the PAL name may have been retired or the program folded into the high school, so this may be a name that no longer appears in district directories. The 6834 Normandale Dr address is in the Velda City/Hillsdale area, consistent with the former McKinley Elementary site (McKinley School est. 1907, in Velda City; its students moved to Lucas Crossing Elementary in 2001) — probable but unverified building reuse matching the seed's 'McKinley School Annex' alias. Whether any yearbook-equivalent records exist is doubtful for an alternative program.",individual_school,unknown_insufficient_data
ALL-366,St. Vincent Home for Children,German St. Vincent Orphan Association; German St. Vincent Orphan Home; St. Vincent's Orphanage; St. Vincent Home for Children,63121,"Private Catholic residential institution (Sisters of St. Joseph of Carondelet, then Sisters of Christian Charity; lay administration since 1996)",Residential School/Orphanage,1851,probable,https://public.files.capacity.com/b74c60b2-5d6b-4369-ae6a-8eed6e9bbb22/ec71ef9d-a4a2-4a7e-b4a0-c21ba9b37c24?FU=1744389707,n/a,confirmed,https://blogs.umsl.edu/news/2010/05/19/pprcphoto/,none,confirmed,,"Founded as the German St. Vincent Orphan Association June 14, 1850 after the 1849 cholera epidemic; the home opened in 1851 at 1421 Hogan Street in the City of St. Louis. Relocated to its Normandy campus in 1914 (Riverfront Times) or 1916 (Archdiocese of St. Louis Catholic children's facilities history) — the Romanesque Revival building still stands. Not a conventional school, but it ran educational programming and continues to offer 'alternative special education' alongside residential treatment for up to ~150 children (UMSL Daily, 2010); still operating today. SEED OPERATOR ERROR: 'Daughters of Charity' is wrong — it was staffed by the Sisters of St. Joseph of Carondelet until 1888, then the Sisters of Christian Charity until lay administration took over in 1996. SEED ADDRESS NOTE: '7301 St Charles Rock Road' doesn't match the campus address (7401 Florissant Rd, Normandy), though a St. Vincent Community Center existed at 7335 St. Charles Rock Rd in Pagedale (2010) — the seed likely refers to the same institutional campus. Seed note says SHSMO holds St. Vincent Home yearbooks 1956-1965.",individual_school,in_scope
ALL-368,St. Ann Catholic School,St. Ann of Normandy Catholic Elementary School; St. Ann School; Normandy Catholic School (seed name — generic; see notes),63121,St. Ann Parish / Archdiocese of St. Louis,Parochial School,1858,probable,https://stannchurch-stl.org/about/,n/a,confirmed,https://sacs-stl.org/history/,none,confirmed,,"IDENTIFICATION IS PROBABLE, NOT CONFIRMED: the seed's generic 'Normandy Catholic School' is assumed to be St. Ann Catholic School, 7532 Natural Bridge Rd, Normandy — the Catholic parish elementary school of Normandy and the only currently operating parish school there (still open; NCES PSS lists it; sacs-stl.org live). Parish history: Anne Lucas Hunt donated land/funds to the Jesuits in 1854 to 'open a school for the children'; the parish dates to 1856, and the parish's About page says 'In 1858, St. Ann Catholic School opened' while the school's own history page says the school began in 1856 in the frame church — opened_year recorded as 1858 with the 1856 variant noted. Sisters of Mercy were the first teachers; Sisters of Loretto served from September 1896; the current school building dates to 1926 (Saint Louis Patina). ALTERNATE REFERENT if the seed meant a secondary school: Incarnate Word Academy (girls' Catholic high school, founded 1932, in the Normandy/Bel-Nor area) — still open. Recommend the data steward confirm which entity the seed intended.",individual_school,in_scope
ALL-370,Third African American School (unnamed),Unnamed African American School (Normandy),63121,Normandy School District,Public Elementary (segregated),unknown,unknown,,1895,confirmed,http://files.shsmo.org/manuscripts/saint-louis/S0326.pdf,ALL-371,confirmed,http://files.shsmo.org/manuscripts/saint-louis/S0326.pdf,"One of three public schools already in operation when the Normandy district was formally organized July 12, 1894 (SHSMO Normandy School District Collection, S0326, historical note) — so the school predates the district and the seed's '1894' opening year actually reflects district formation, not the school's founding; true opening year unknown. The school was closed in 1895 when a new Washington School building was completed and its students transferred there (successor = ALL-371). No name or location for this school is documented in the finding aid; the collection's internal histories (f.1 'Normandy School District: The First One Hundred Years', 1994; f.13 Herbert Lee Green's 1937 history) may name it — recommended human follow-up at SHSMO-St. Louis or MoHistory.",individual_school,out_of_scope_closed_before_1949
ALL-371,Washington School - African American Department,African American students at Washington School; Washington School (segregated department),63121,Normandy School District,Public Elementary (segregated department),1895,confirmed,http://files.shsmo.org/manuscripts/saint-louis/S0326.pdf,unknown,unknown,,unknown,unknown,,"African American students moved into the new Washington School building in 1895 when the unnamed Black school (ALL-370) closed (SHSMO S0326). END DATE UNRESOLVED: no online source documents when this segregated department ceased. Hypotheses worth checking in the S0326/NAHA collections: Lincoln School (est. ~1900, in Pagedale — 'Lincoln' was the conventional name for Black schools) may have absorbed the AA enrollment; a second Washington School building opened in Vinita Park in 1930 and whether the AA department moved with it is unknown; the district was effectively all-white by the 1950s. NOTE: this row is a department within a school rather than a standalone building — kept as a distinct entity per the seed, which is reasonable for yearbook/records purposes since segregated-era records may be filed separately. Related dataset rows for the Washington School buildings themselves (ALL-344, -345, -346) are in other batches.",individual_school,unknown_insufficient_data
ALL-372,Normandy School District,"District No. 2, Township 46, Range 6 East, Eden, St. Louis County; Normandy Schools Collaborative",63121,Normandy School District / Normandy Schools Collaborative (State of Missouri-supervised 2014-2024),Public School District,1894,confirmed,http://files.shsmo.org/manuscripts/saint-louis/S0326.pdf,n/a,confirmed,https://spectrumlocalnews.com/mo/st-louis/news/2023/10/17/missouri-state-board-of-education,none,confirmed,,"ADMINISTRATIVE DISTRICT — not a single school; do not search for a yearbook directly. Formally organized July 12, 1894 (first board minutes; SHSMO S0326) as a three-director rural district with three operating schools (Washington, Normandy, and the unnamed African American school, ALL-370). Current member schools (per district enrollment page): Normandy High School (6701 St. Charles Rock Rd — other batches), Normandy Middle School at Lucas Crossing (ALL-358), Barack Obama Elementary (ALL-357), Bel-Nor Elementary, Jefferson Elementary (4315 Cardwell Dr), Washington Elementary (1730 N. Hanley Rd, 63114), Early Learning Center (ALL-361), plus the alternative program (ALL-362). Former member schools: Garfield, Pine Lawn (ALL-356), McKinley, Harrison, Lincoln, Bel-Ridge (closed 2011), Bel-Nor (closed/reopened), Lucas Crossing Elementary, Normandy Junior High, plus absorbed Wellston district schools 2010 (Bishop Middle, Eskridge HS — closed that year). The district lost accreditation 2013, was dissolved June 30, 2014 and reconstituted as the state-supervised Normandy Schools Collaborative (still its legal name — the Oct 2023 state-board decision 'does not change the name'); provisionally accredited 2017, fully accredited ~2023, and returned to a fully elected local board June 30, 2024. Row retained as the district-level entity; yearbook research should target member schools.",administrative_district_only,in_scope
ALL-374,Ferguson-Florissant School District Schools in Normandy,Ferguson-Florissant R-II School District; Ferguson Reorganized School District R-2,63121,Ferguson-Florissant R-II School District,Public School District,unknown,unknown,,n/a,confirmed,https://en.wikipedia.org/wiki/Ferguson-Florissant_School_District,none,confirmed,,"ADMINISTRATIVE GROUPING — not a school at all: this row describes the wedge of the City of Normandy that lies inside the Ferguson-Florissant R-II School District (legal name 'Ferguson Reorganized School District R-2'; most of Normandy is in Normandy Schools Collaborative, 'a small portion is in the Ferguson-Florissant R-II School District' per Wikipedia). The identifiable FFSD member school physically in the Normandy area is Bermuda Elementary (ALL-375, 5835 Bermuda Dr). Context: a June 7, 1975 federal court order (United States v. Missouri, 388 F. Supp. 1058) directed FFSD to annex the Berkeley and Kinloch school districts — the source of FFSD's Berkeley/Kinloch territory and related campus rows in other batches (ALL-114, -379, -380, -381, -383). FFSD headquarters is in Ferguson (63135), outside this ZIP. Recommend Track B skip this row and research Bermuda Elementary plus other named FFSD rows directly.",administrative_district_only,in_scope
ALL-375,Bermuda Elementary School,Bermuda School; Bermuda Primary School; Bermuda Elementary,63121,Ferguson-Florissant R-II School District,Public Elementary,unknown,unknown,,n/a,confirmed,https://nces.ed.gov/ccd/schoolsearch/school_list.asp?DistrictID=2912010&Search=1,none,confirmed,,"Confirmed operating: NCES lists Bermuda Elementary, 5835 Bermuda Dr, St. Louis 63121 (in Normandy), currently a PK-2 'Bermuda Primary School' under FFSD's grade-band reconfiguration. SEED ADDRESS ERROR: '11600 Old Halls Ferry Road?' is wrong — that corridor is in Jennings/North County; the school is at 5835 Bermuda Dr. Opening year not found — publicschoolreview's enrollment series begins 1989 (the school clearly predates it; likely post-war suburban construction but no dated source surfaced), and hubbiz's 'established 1997' is unreliable. Recommend human follow-up in FFSD facility records or Normandy Area Historical Association/SHSMO materials for a build date.",individual_school,in_scope
ALL-376,University City High School,University City High School; U City High School,63121,School District of University City,Public High School,1930,confirmed,https://www.ucityschools.org/schools/university-city-high-school/about-our-school,n/a,confirmed,https://www.ucityschools.org/schools/university-city-high-school/about-our-school,none,confirmed,,"Seed's '1920s' refined: the Art Deco building at 7401 Balson Ave was designed in 1928 by Trueblood & Graf and opened in 1930 (district's own history page; NRHP nomination for the University City Education District, listed 1985). The institution likely predates the building — the School District of University City was formally established February 1911 and ran earlier secondary grades — so 1930 is the building/campus opening. Still operating. SEED ZIP NOTE: the school is actually in University City, ZIP 63130; included in this batch because pre-1922 Normandy students attended surrounding districts' high schools before Normandy had an accredited high school (SHSMO S0326; Kinloch HS article similarly notes white Kinloch-area students attended Normandy/Ritenour/Ferguson high schools). Relevant as a pre-1922 (and later tuition/transfer) search target for Normandy-area claimants.",individual_school,in_scope
ALL-377,Normandy Area Historical Association,Normandy Area Historical Association; NAHA,63121,Local historical organization (nonprofit),Archive/Community Organization — NOT A SCHOOL,1974,confirmed,https://mohistory.mobiusconsortium.org/repositories/4/resources/634,unknown,unknown,,none,probable,,"DATA-QUALITY FLAG — NOT A SCHOOL: NAHA is the key Normandy-area historical society, established as a nonprofit in 1974 (Missouri Historical Society ArchivesSpace biographical note) after forming to save the Clark 'Minoma' house; it instead preserved the Hunt House/Shelter/Cenacle at 7717 Natural Bridge Rd as its longtime home. It documented the history of ~20 North County municipalities for over 30 years; its collections are now at the Missouri Historical Society (NAHA Collection — incl. 'Normandy School District History, presented by Fred Small, 1991') and SHSMO (S0420, records 1877-2008, incl. photographs and yearbooks per SHSMO's description — matching the seed's claim that it holds Normandy High yearbooks). No evidence found that it still operates as an active organization — the archival deposits suggest it is inactive or dissolved, date unfound. RECOMMENDATION: exclude from the schools table and carry it as an archive/holdings lead for Track B work (both its MoHistory and SHSMO deposits are directly relevant to the yearbook survey). entity_type set to ambiguous_unresolved only because the enum lacks a 'not_a_school' value.",ambiguous_unresolved,unknown_insufficient_data
ALL-379,Berkeley High School - Hancock Campus,Hancock School; The Little Red Schoolhouse; Kinloch High School (white campus); Kinloch School,63134,Kinloch School District / Berkeley School District,Public High School (campus),1937,probable,"https://en.wikipedia.org/wiki/Berkeley,_Missouri",unknown,unknown,,ALL-114,probable,"https://en.wikipedia.org/wiki/Berkeley,_Missouri","Campus-level row for Berkeley High School's original home at 5924 Hancock Ave, the 'Little Red Schoolhouse' — the building itself is much older than the seed's 1937: it was built in 1902-03 (cornerstone August 1902) as the Kinloch School District No. 5 school for white students, and it housed both elementary AND high-school classes by 1932-1935 (City of Berkeley history page; alumni reunion site). The 1937 date marks the Berkeley identity: the Berkeley School District formed in 1937 amid a segregation dispute (white residents drew the new City of Berkeley's boundaries to exclude Black families), and the district's 'white' Kinloch high school was renamed Berkeley High School (Wikipedia, Berkeley, MO + Kinloch HS articles). END OF HS USE AT HANCOCK UNRESOLVED — deliberately left 'unknown' rather than accepting the seed's 1947: the alumni site is titled 'BHS Reunion 1938-1960', which brackets the Hancock-era HS classes through ~1960 and conflicts with 1947; Wikipedia confirms 'a new Berkeley High School campus opened in a new location' at some later point but gives no date. The building continued as an elementary school afterward (survived the 2011 Good Friday tornado). Successor is the continuing institution Berkeley High School (dataset row ALL-114 — other campus rows ALL-380 Caroline Ave, ALL-381 Walter Ave are in other batches); the institution closed December 2003 (Lambert airport expansion) and was replaced by McCluer South-Berkeley HS (opened January 2004).",individual_school,unknown_insufficient_data
ALL-380,Berkeley High School - Caroline Avenue Campus,Berkeley High School; Berkeley Junior High School (building reuse),63134,Berkeley School District (Ferguson-Florissant R-II after 1975),Public High School,1947,probable,http://barkerreunion.blogspot.com/p/school-days.html,1955,probable,https://www.newspapers.com/newspage/139531531/,ALL-381,probable,"https://en.wikipedia.org/wiki/Berkeley_High_School_(Berkeley,_Missouri)","Second Berkeley High School campus at 6033 Caroline Ave per the seed. The seed's 1947-1955 window is plausible but not independently pinned down: the BHS alumni reunion site shows the high school 'brand new in 1937' (likely the ALL-379 Hancock building) and a 'Berkeley Junior and Senior High School' photo dated c.1954, and a St. Louis Post-Dispatch school listing (newspapers.com page 139531531) shows 'BERKELEY JUNIOR HIGH 6033 Caroline' while the senior high was at '8710 Walter' — consistent with Caroline serving as the high school until the Walter Ave building opened ~1955, then being reused as Berkeley Junior High and later the 'Caroline Support Center' (56housesleft.com documents it in the airport buyout zone). Possibility not ruled out: the Caroline building itself dates to 1937 (the WPA-funded 'white' high school), which would make the seed's 1947 wrong — unresolved either way. Berkeley alumni report three school buildings were demolished for Lambert airport expansion (the 1937-era high school building, an elementary school, and the newer high school); the Caroline building is likely among them. High-school function moved to the Walter Avenue campus (ALL-381).",individual_school,in_scope
ALL-381,Berkeley High School - Walter Avenue Campus,Berkeley High School; Berkeley Senior High School,63134,"Berkeley School District (1955-1975), Ferguson-Florissant R-II (1975-2004)",Public High School,1955,probable,https://56housesleft.com/2012/05/11/,2004,confirmed,"https://en.wikipedia.org/wiki/Berkeley_High_School_(Berkeley,_Missouri)",ALL-382,confirmed,https://en.wikipedia.org/wiki/McCluer_South-Berkeley_High_School,"Final Berkeley High School campus at 8710 Walter Ave (a 1992 DOE FUSRAP public-meeting notice confirms the school at this address; schools-us.org directory also lists 'Berkeley Senior High, 8710 Walter Avenue'). Opened ~1955 per seed; an airport-buyout-era inventory (56housesleft.com) described the building as 'over 40 years' old in 1998, consistent with a mid-1950s construction. The Berkeley district was court-annexed into Ferguson-Florissant on June 7, 1975 (US v. State of Missouri, 388 F. Supp. 1058; affirmed 515 F.2d 1365). Classes ended in December 2003 due to Lambert-St. Louis Airport expansion and the school is conventionally listed as closed 2004; students moved to the newly opened McCluer South-Berkeley High School (ALL-382) at 201 Brotherton Lane in Ferguson in January 2004. Alumni report the building was demolished for the airport expansion (barkerreunion.blogspot.com). In 1964 Berkeley voluntarily took in Black students when the Robertson community's high school closed — relevant context for the school's demographics. The school lineage began in 1937 when the new Berkeley district took over the 'white' Kinloch High School building (see ALL-379 Hancock campus, in another batch).",individual_school,in_scope
ALL-383,Berkeley Middle School,Berkeley Junior High School,63134,Ferguson-Florissant R-II (Berkeley School District for earlier junior-high era),Public Middle School,unknown,unknown,,2020,probable,https://www.publicschoolreview.com/berkeley-middle-school-profile/63134,ALL-386,probable,https://education.mdc.mo.gov/reports/schools?page=3,"Berkeley's junior high/middle school, most recently at 8300 Frost Ave. Earlier housed at 6033 Caroline Ave (the former Berkeley High campus, ALL-380) per a St. Louis Post-Dispatch listing; the move date to Frost Ave was not found. NCES-derived publicschoolreview lists 'Berkeley Middle School (Closed 2020)'. The closure coincides with the FFSD reorganization adopted October 10, 2018 (Option 2): the federal court record in the April 2019 TRO case states 'the Berkeley Middle School will continue to serve grades 3 through 5' — i.e., the middle school (grades 6-8) was ended and the building became a 3-5 elementary. Missouri Dept. of Conservation's schools roster lists 'Berkeley Middle (Now Berkley Intermediate)', indicating the school was renamed/rebranded Berkeley Intermediate School (ALL-386), which shares the 8300 Frost campus with Berkeley Elementary (ALL-385). Grades 6-8 students dispersed to the district's new sixth-grade centers (Johnson-Wabash, Wedgwood) and middle schools. 'Closed 2020' is treated as the effective end of the middle-school entity rather than a building closure.",individual_school,in_scope
ALL-385,Berkeley Elementary School,Berkeley Elementary,63134,Ferguson-Florissant R-II,Public Elementary (grades 3-5 'intermediate' in FFSD terminology),2019,probable,https://www.stlpr.org/education/2018-10-10/ferguson-florissant-school-district-approves-plan-to-close-some-buildings,n/a,confirmed,https://nces.ed.gov/ccd/schoolsearch/school_list.asp?DistrictID=2912010&Search=1,none,confirmed,,"Currently operating grades 3-5 school at 8300 Frost Ave, Berkeley (NCES code 4030; 2025-26 student handbook and FFSD org chart confirm operation). The current 'Berkeley Elementary' incarnation dates to the 2018-19 FFSD grade reorganization (Option 2, adopted Oct 10, 2018): the former Berkeley Middle School building began serving grades 3-5. CAUTION: the seed describes this as the 'Current/Successor' Berkeley elementary at Frost Ave — an older Berkeley elementary lineage under the pre-1975 Berkeley School District likely existed separately (Berkeley alumni refer to an elementary school demolished for airport expansion, and the 1902-03 'Kinloch Elementary'/Hancock building at 5924 Hancock served white elementary students before the 1937 split), but no specific earlier 'Berkeley Elementary School' record was located. If that lineage matters, it may deserve a separate row; left flagged rather than conflated. Shares the 8300 Frost campus with Berkeley Intermediate (ALL-386).",individual_school,in_scope
ALL-386,Berkeley Intermediate School,Berkeley Middle School; Berkeley Junior High School,63134,Ferguson-Florissant R-II,Public Intermediate/Middle School,2019,probable,https://education.mdc.mo.gov/reports/schools?page=3,n/a,confirmed,https://bis.fergflor.org/families,none,confirmed,,"Current school at 8300 Frost Ave, Berkeley — has its own district site (bis.fergflor.org) and a Special School District contact listing. Missouri Dept. of Conservation's school roster explicitly lists 'Berkeley Middle (Now Berkley Intermediate)' at 8300 Frost Ave, indicating this is the renamed Berkeley Middle School (ALL-383) following the 2018-19 reorganization (opened ~2019-20 under the new name; the underlying building/program is older — date not found). NAMING OVERLAP FLAG: FFSD's grade structure calls the 3-5 band 'intermediate schools', and NCES/Title I paperwork codes the building as '4030 Berkeley Elementary School' while school-level documents call it 'Berkeley Intermediate School' — Berkeley Elementary (ALL-385) and Berkeley Intermediate appear to share the same campus and phone number. Whether they are one school with two names or two co-located schools should be clarified with the district (human follow-up recommended).",individual_school,in_scope
ALL-387,Holman Elementary School,Holman School; Holman Elementary,63134,Berkeley School District / Ferguson-Florissant R-II,Public Primary School (PreK-2),unknown,unknown,,n/a,confirmed,https://nces.ed.gov/ccd/schoolsearch/school_list.asp?DistrictID=2912010&Search=1,none,confirmed,,"Currently operating at 8811 Harold Dr, Berkeley; per the federal court record of the 2019 reorganization it 'will continue to serve Pre-K through 2nd grade', and FFSD's 2025-26 org chart lists 'Holman Pre K-2'. Opened year not found — the building predates the 1975 district merger (it appears in the 1975 desegregation plan's school groupings as 'Holman Elementary'). NAME COLLISION FLAG: this is NOT the same school as Holman Middle School in the Pattonville R-III district (8565 Holman Dr; seed rows ALL-177/187/231/263) — different district, different building, different school.",individual_school,in_scope
ALL-390,Airport Elementary School - Historical Campus,Airport School; Airport Elementary School,63134,Berkeley School District / Ferguson-Florissant R-II,Public Elementary,1954,confirmed,https://www.berkeleymo.us/egov/documents/1691005301_15256.pdf,2019,confirmed,https://www.berkeleymo.us/egov/documents/1691005301_15256.pdf,unknown,unknown,,"Confirmed by the City of Berkeley's own 2023 RFP for converting the building to a community center: 'Airport Elementary School and gymnasium were constructed on this site in 1954 ... The School was closed in 2019 due to declining enrollment, and the City purchased the property in 2023.' Closure was part of the FFSD 'Option 2' reorganization adopted October 10, 2018; the City of Berkeley and residents sued unsuccessfully to block it (STLPR, April 2019). Students were absorbed into the reorganized Berkeley schools — Holman (PreK-2) and the 8300 Frost elementary (3-5) are the probable receivers, but no single successor school is documented. Building conversion to Berkeley Community Center is tracked by seed row ALL-408 (another batch). Minor address note: the city's sale ordinance lists '8249 Airport Road' while the RFP, seed, and NCES all use 8429 Airport Rd — likely a typo in the ordinance.",individual_school,in_scope
ALL-391,Nuroad School,Nuroad School; Kinloch School (white); Hancock School; Little Red Schoolhouse,63140,Kinloch School District No. 18 (transferred to Berkeley School District in 1937),Public Elementary/Combined School,unknown,unknown,,1937,probable,https://history.wustl.edu/files/history/imce/gateway_book_2.pdf,ALL-379,probable,"https://en.wikipedia.org/wiki/Kinloch,_Missouri","The all-white school of the 'Nuroad' community — the name of the unincorporated area of northern Kinloch Park (~1930-1937) that incorporated as the city of Berkeley (BHS alumni site documents a 1931 'Directory of Nuroad's Citizens'). A Washington University history text describes Nuroad on April 12, 1937 as a 10-room brick schoolhouse with 300+ white students, one of only two schools in Kinloch District 18 (the other being Dunbar). PROBABLE IDENTIFICATION: the same physical school as the 'Kinloch School' built 1902-03 at 5924 Hancock Ave (St. Louis County Historic Buildings Inventory: 'Kinloch Elementary School, constructed 1902-03, G. E. Reid'), which per John A. Wright's history housed both the white elementary and high school with ~300 students in 1935 — matching Nuroad's size and role; treated as probable, not confirmed. When the Berkeley district was created with the city's incorporation in August 1937, the school/building transferred to it and continued as Berkeley's white school(s) — the lineage leading to ALL-379 (Berkeley High - Hancock Campus). 'Closed' 1937 means ceased as a Kinloch-district school, not that the building stopped operating. Seed's framing (white residents' school ending in 1937) is consistent with the documented split.",individual_school,out_of_scope_closed_before_1949
ALL-392,Scudder Avenue School,Scudder Avenue School; Scudder School,63140,Scudder School District (pre-1902) / Kinloch School District No. 18 (1902/03 onward),Public Elementary,unknown,unknown,,unknown,unknown,,unknown,unknown,,"SEED FRAMING APPEARS WRONG: the seed describes Scudder Avenue School as the 'white Kinloch school after Kinloch District 18 formed in 1902' closing in 1937. Per John A. Wright's Kinloch school history (barkerreunion.blogspot.com/p/about-little-red-schoolhouse.html), the truth is nearly opposite: Scudder Avenue was the area's ORIGINAL white school 'built for children of wealthy whites' before 1902; when the new Kinloch district's white school (5924 Hancock) opened in 1903, 'Scudder Avenue School was designated for blacks and becom[ing] the property of the new Kinloch District' — a two-room structure (12'x20' and 14'x20'), eight grades, Black teachers Mamie Lightfoot and Viola Williams, enrollment seldom over 30. The St. Louis Black Heritage Trail site likewise says the Scudder Avenue School became Kinloch's (Black) elementary school in 1902. It was gone by 1937 — a Washington University account says the district then had only two schools, Nuroad and Dunbar — so the real closure is sometime between ~1903 and 1937, most plausibly when Dunbar opened 1913/14; seed's '1937' reflects the Berkeley split, not a documented school closure. POSSIBLY DISTINCT ENTITY: a separate 'Scudder School District' (rows ALL-403/ALL-503 in other batches) still existed independently — Southern School News reports Berkeley district annexed the Scudder School District on August 24 (~1959/1960); it had ~260 students (~75% Black) and no high school. Whether that district operated a school also called 'Scudder' after 1903 is unresolved — human follow-up recommended (St. Louis County school-district records).",individual_school,unknown_insufficient_data
ALL-393,Kinloch High School,Kinloch High School,63140,"Kinloch School District (Ferguson-Florissant R-II at the end, 1975-76)",Public High School,1937,probable,https://www.stlblackheritage.com/stlbhn-trail-locations/kinloch,1976,probable,https://en.wikipedia.org/wiki/Kinloch_High_School,ALL-032,probable,https://en.wikipedia.org/wiki/Kinloch_High_School,"Kinloch's Black high school — the second Black high school in St. Louis County. The high school program began in 1936 inside Dunbar Elementary (see ALL-394) while the district pursued WPA funding; the dedicated 'black' Kinloch High School building opened in 1937-38 (sources split on the exact year — St. Louis Black Heritage Trail and the seed say 1937, Wikipedia's article text says 1938; infobox 'Founded 1936' refers to the program start). IMPORTANT DISTINCTION: the 'white' high school of Kinloch District 18 was simultaneously renamed Berkeley High School in 1937 when the Berkeley district split off — some sources loosely call that building 'Kinloch High School' too, but it is the ALL-378/379/380 lineage, not this one. Closed 1976 per Wikipedia after the June 7, 1975 federal court order (US v. Missouri, 388 F. Supp. 1058) annexed the Kinloch and Berkeley districts into Ferguson-Florissant effective the 1975-76 school year; ~350 students transferred to McCluer North High School (ALL-032) per Wikipedia. Building later demolished, in part for Lambert Airport expansion. Principals included Orthel T. Roberts (1936-37) and Lucye Belue (1944-74). Alumni include actress Jenifer Lewis and MO Rep. Juanita Head Walton.",individual_school,in_scope
ALL-394,Kinloch High School - Dunbar Campus,Dunbar School (high-school program); Dunbar High School Program,63140,Kinloch School District,Public High School program (housed in elementary building),1936,confirmed,https://en.wikipedia.org/wiki/Kinloch_High_School,1938,probable,https://en.wikipedia.org/wiki/Kinloch_High_School,ALL-393,probable,https://en.wikipedia.org/wiki/Kinloch_High_School,"This row represents the Black high-school program hosted inside the Dunbar Elementary building (ALL-395) — the seed dates (1914-1937) describe the building's lifespan, but as a 'Kinloch High School campus' the program itself ran 1936-~1938: 'in 1936, the Dunbar elementary school began hosting a high school program for local black students' (Wikipedia, citing Wright's Kinloch history and Bosenbecker); the dedicated Kinloch High School building opened 1937-38 and the program moved there (ALL-393). Kept as a separate row per the no-silent-merge rule, but flagged: ALL-394 and ALL-395 are the same physical building — this row is only the 1936-38 high-school-program use of it. Related row ALL-499 ('Dunbar School - High School Program', 1936-1937) in another batch describes the identical thing.",individual_school,out_of_scope_closed_before_1949
ALL-395,Dunbar School,Paul Laurence Dunbar Elementary School; Dunbar Elementary School,63140,Kinloch School District No. 18,Public Elementary,1913,probable,"https://en.wikipedia.org/wiki/Kinloch,_Missouri",1975,probable,"https://en.wikipedia.org/wiki/Kinloch,_Missouri",unknown,unknown,,"First school built specifically for Black children in Kinloch (South Kinloch Park), named for poet Paul Laurence Dunbar. Opened 1913 per Wikipedia/Kinloch history (the St. Louis Black Heritage Trail site says 1914 — treat as 1913-14). Hosted the Black high-school program 1936-~1938 (see ALL-394). CLOSURE YEAR CONFLICT: seed says 1967 but Wikipedia says 'still segregated when it closed in 1975'; the seed's 1967 matches Vernon School's well-attested closure and may be a conflation — alternatively a consolidated 'Kinloch Elementary School'/'Smith School' (SLCL Black Heritage Trail index; a Kinloch Elementary remodel study exists in the SHSMO Kinloch History Committee records S0151) may have absorbed Dunbar earlier, with the building's last use ending in 1975 when the district was dissolved. Either way the school ceased with the 1975 Ferguson-Florissant annexation at the latest; recorded 1975/probable. If it truly closed 1967, students likely went to Kinloch Elementary — unresolved, recommend human follow-up at the State Historical Society of Missouri (S0151 collection).",individual_school,in_scope
ALL-396,Vernon School,Vernon School; W.T. Vernon School; Vernon Elementary School,63140,Ferguson School District (serving Black children of Kinloch and west Ferguson); earlier under pre-Kinloch districts,Public Elementary,1885,probable,https://www.stlblackheritage.com/stlbhn-trail-locations/kinloch,1967,probable,"https://en.wikipedia.org/wiki/Kinloch,_Missouri",unknown,unknown,,"The area's original Black school: a one-room frame 'schoolhouse built for the children of the servants to the whites in Kinloch' opened 1885 (Wikipedia). The St. Louis Black Heritage Trail adds nuance — it 'closed a few months later', Black children then attended the 1886 Lucas & Hunt school in Normandy, and Vernon 'moved to a number of locations in the area, served black children until the formation of the Kinloch School District in 1902, and its building remained in use as an all-black school in the Ferguson District until it was closed in 1967.' DISTRICT ATTRIBUTION CORRECTION: per that account Vernon was a FERGUSON School District school (consistent with sibling seed rows ALL-427/428/429 which list it under Ferguson), though it served Black children from Kinloch and west Ferguson — seed's 'Kinloch School District' attribution is likely wrong. Remained segregated until closed 1967; students presumably absorbed into integrated Ferguson-Florissant elementaries (the Ferguson and Florissant districts merged in 1952). The 1927 building phase is ALL-397; same school lineage, separate row per no-merge rule. 'W.T. Vernon' is the probable full name (William Tecumseh Vernon, prominent Black educator) — not independently confirmed for this school.",individual_school,in_scope
ALL-397,Vernon School - 1927 Building,Vernon School; Vernon Elementary School,63140,Ferguson School District / Ferguson-Florissant R-II (post-1952),Public Elementary,1927,probable,"https://en.wikipedia.org/wiki/Kinloch,_Missouri",1967,probable,"https://en.wikipedia.org/wiki/Kinloch,_Missouri",unknown,unknown,,"The purpose-built 1927 Vernon School building for Black students of Kinloch and west Ferguson — 'Another Vernon School opened in 1927 to educate the black students of Kinloch and west Ferguson ... remained segregated until it closed in 1967' (Wikipedia's Kinloch article, citing Wright's 'Kinloch: Missouri's First Black City'; St. Louis Black Heritage Trail concurs on the 1927 date and 1967 closure under the Ferguson district). Same school lineage as ALL-396 — this row is the building phase; kept separate per the no-silent-merge rule. Also flagged in the dedup-review file against ALL-428 'Vernon School - Ferguson Campus' (another batch), which is very likely the same school/building under a Ferguson-district label. Building's fate after 1967 not found.",individual_school,in_scope
ALL-398,Our Lady of the Angels School,Holy Angels School; Our Lady of the Angels Elementary School; Holy Angels Elementary School,63140,Holy Angels Parish / Archdiocese of St. Louis,Parochial Elementary,1931,confirmed,"https://en.wikipedia.org/wiki/Kinloch,_Missouri",2002,probable,"https://en.wikipedia.org/wiki/Kinloch,_Missouri",none,probable,,"Black Catholic parish school in Kinloch. Holy Angels Parish was established in 1931 and 'opened Our Lady of the Angels Elementary School' the same year (Wikipedia); the St. Louis Black Heritage Trail confirms 'Holy Angels (now Our Lady of the Angels) Elementary School ... opened in 1931'. Wikipedia reports both church and school 'were open until 2002, making it the oldest continuing black parish in the St. Louis Archdiocese'. The '1952' date appearing in some sources (and in sibling seed rows ALL-399/ALL-512 'Holy Angels School 1931-1952') is the year the updated church building was constructed, not a school closure — flag the 1952 date on those rows as likely referring to the church rebuild. Closed with no successor school; students dispersed to remaining Catholic and public schools.",individual_school,in_scope
ALL-400,Berkeley School District,Berkeley School District,63134,Berkeley School District (to 1975); Ferguson-Florissant R-II (after 1975),Public School District,1937,confirmed,https://law.resource.org/pub/us/case/reporter/F2/515/515.F2d.1365.75-1073.75-1064.75-1051.html,1975,confirmed,http://files.shsmo.org/manuscripts/saint-louis/S0707.pdf,ALL-404,confirmed,https://hallapproved.com/mo/cases/federal/district/1975/2313211/,"Seed confirmed and refined. The Eighth Circuit (515 F.2d 1365) states the Berkeley district was established in 1937 when Kinloch School District No. 18 was split in two, 'Berkeley district being white and the new Kinloch black.' The City of Berkeley incorporated July 30, 1937 with boundaries drawn to include only white families (barkerreunion.blogspot.com, citing John A. Wright Sr.; Wikipedia 'Kinloch High School'); some secondary sources date the completed split to 1938. Per the seed note, the new district took over the white Kinloch High School (Hancock Avenue building), renamed Berkeley High School. The district annexed the Scudder School District on Aug 24, 1960 (Southern School News, Oct 1960) and took in Robertson students when that high school closed in 1964 (Wikipedia 'Berkeley High School (Berkeley, Missouri)'). On June 7, 1975, the U.S. District Court (Judge James H. Meredith) ordered Berkeley and Kinloch annexed to Ferguson-Florissant R-II (388 F. Supp. 1058; SHSMO Kinloch School Desegregation Collection S0707). Member schools incl. Berkeley High School (ALL-114; Hancock, Caroline Ave, and Walter Ave campuses), Hancock School/'Little Red Schoolhouse' (5924 Hancock), Airport Elementary (built 1954, ALL-390), the former Berkeley HS turned Berkeley Middle turned Berkeley Intermediate (8300 Frost Ave), and Holman Elementary (8811 Harold Dr).",administrative_district_only,in_scope
ALL-401,Berkeley School District Elementary System,Berkeley School District schools,63134,Berkeley School District (to 1975); Ferguson-Florissant R-II (after 1975),"Public Elementary (district aggregate, not a single school)",1937,probable,https://law.resource.org/pub/us/case/reporter/F2/515/515.F2d.1365.75-1073.75-1064.75-1051.html,1975,confirmed,http://files.shsmo.org/manuscripts/saint-louis/S0707.pdf,ALL-404,probable,https://hallapproved.com/mo/cases/federal/district/1975/2313211/,"PSEUDO-ENTITY FLAG: this row is an aggregate of the Berkeley district's elementary schools, not a real named entity — kept as a search alias per no-delete rule, but Track B should not search it directly. The Berkeley district's elementary-level schools included Hancock School ('Little Red Schoolhouse', 5924 Hancock Ave — the 1902 white Kinloch School building, which housed both elementary and high school students in 1935 per the John A. Wright Sr.-based history at barkerreunion.blogspot.com); Airport Elementary (8429 Airport Rd, built 1954 — ALL-390/ALL-408); and later Berkeley Elementary/Intermediate (8300 Frost Ave, still operating under FFSD) and Holman Elementary (8811 Harold Dr, Berkeley — still operating; may be a post-1975 building, unverified). Whether the Berkeley district operated any all-Black elementary before annexing Scudder (1960) and Robertson (1964) is undetermined — the 1937 split left the Black schools in Kinloch, and Scudder/Robertson brought their own buildings. Reconstructing the full member-school list needs district records not found online; recommend human follow-up with FFSD administrative records or the St. Louis County library history collections.",administrative_district_only,in_scope
ALL-402,Kinloch School District,Kinloch School District No. 5; Kinloch School District No. 18; Kinloch District No. 18,63140,Kinloch School District (to 1975); Ferguson-Florissant R-II (after 1975),Public School District,1902,confirmed,http://www.urbanreviewstl.com/2009/05/kinloch-park-the-rapid-transit-suburb/,1975,confirmed,https://hallapproved.com/mo/cases/federal/district/1975/2313211/,ALL-404,confirmed,https://law.resource.org/pub/us/case/reporter/F2/515/515.F2d.1365.75-1073.75-1064.75-1051.html,"Seed's 1902 formation confirmed: at the 1902 annual spring meeting of the Ferguson School District, white residents of the Kinloch area voted to split and form their own district; a Board of Arbitration appointed by the County Superintendent ordered the creation of 'Kinloch School District No. 5, Township 46, Range 6 East' (barkerreunion.blogspot.com, quoting the ruling via John A. Wright Sr.). The district was renumbered Kinloch School District No. 18 in 1910. Seed's 'from parts of Ferguson and Scudder' is partially verified — the split came from the Ferguson district; the Scudder Avenue School (a pre-existing building) became Kinloch's Black elementary. Segregated per Missouri law: one high school and one elementary for whites, one elementary (Dunbar, est. ~1913-14) for Black children. Split in 1937-38 into the white Berkeley district and the all-Black Kinloch district despite Black residents' opposition; the all-Black district's 'separate but equal' Kinloch High School opened 1938 and ran to ~1976 (Wikipedia 'Kinloch High School'). After the 1971 DOJ suit and Liddell litigation, the U.S. District Court ordered annexation to Ferguson-Florissant on June 7, 1975 (388 F. Supp. 1058); upheld by the Eighth Circuit (515 F.2d 1365). Member schools incl. Kinloch High School (ALL-393/497), Dunbar School (ALL-395, the longest-operated all-Black school, closed 1975), Kinloch Elementary (ALL-508). ZIP corrected from seed's 63134 to 63140 (Kinloch).",administrative_district_only,in_scope
ALL-403,Scudder School District,Scudder District No. 17; Fairmont District No. 17,63134,Scudder School District (to 1960); Berkeley School District (after 1960),Public School District,unknown,unknown,,1960,confirmed,https://teva.contentdm.oclc.org/digital/api/collection/p15138coll22/id/1708/download,ALL-400,confirmed,https://teva.contentdm.oclc.org/digital/api/collection/p15138coll22/id/1708/download,"Seed's closure confirmed: the Berkeley School District voted to annex the Scudder School District on August 24, 1960 (Southern School News, October 1960, p. 14 — reducing St. Louis County's regular districts to 28). Scudder then had ~260 pupils, ~75% Black, and no high school; its high-school-age children were tuitioned to Soldan High School in St. Louis. Formation date not found — the 'Fairmont District No. 17' alias suggests a renamed 19th-century township district (seed's '1800s' is plausible but unverified). The district name relates to the Scudder area/avenue near Kinloch Park, but the 'Scudder Avenue School' (ALL-392) belonged to the Ferguson/Kinloch lineage, not necessarily this district — treat as a naming overlap, not a confirmed member school. Member school building(s) undetermined.",ambiguous_unresolved,in_scope
ALL-404,Ferguson-Florissant School District,Ferguson-Florissant R-II; Ferguson Reorganized School District R II,63134,Ferguson-Florissant R-II,Public School District,1951,confirmed,https://www.primecenter.org/prime-blog/blog-school-district-consolidation-stl,n/a,confirmed,https://www.fergflor.org/,none,confirmed,,"SEED ERROR: seed gives 1938, but Ferguson-Florissant R-II was created by the October 1951 county reorganization vote that consolidated the Ferguson, Florissant, and St. Ferdinand districts (PRiME Center/SLU; Eighth Circuit 515 F.2d 1365: 'in 1951 Ferguson, Florissant and St. Ferdinand School Districts reorganized'). The merger took effect for the 1952 school year (Living New Deal). Seed's 1938 may conflate the predecessor Ferguson Public School District or the 1939 opening of Ferguson High School. The district annexed Berkeley and Kinloch by federal court order June 7, 1975. Currently operating ~22 schools across 11 municipalities; headquarters 8855 Dunn Rd, Hazelwood (fergflor.org; NCES district 2912010). Yearbooks belong to member schools, not the district.",administrative_district_only,in_scope
ALL-405,Mark Twain School,Mark Twain Elementary School; Mark Twain Student Support Center; Mark Twain Restoration and Re-Entry Center; Mark Twain Restoration & Wellness Center,63042,Ferguson-Florissant R-II,Public Elementary (now alternative education center),unknown,unknown,,n/a,probable,https://rwc.fergflor.org/our-school,none,probable,,"SEED ERROR: 'Berkeley area' is wrong — the Mark Twain institution is in the Hazelwood/Florissant part of the district, now at 8855 Dunn Rd, Hazelwood MO 63042 (same address as district HQ), serving FFSD middle/high students as the Restoration & Wellness Center (rwc.fergflor.org). A Florissant municipal crosswalk ordinance also places 'Mark Twain School' on Derhake Road — possibly the original elementary campus, unverified. Lineage: Mark Twain Elementary School (Florissant; alumni site covers 'Classes of 1963-1981' and notes the school published only one yearbook, Spring 1974 — an unusual data point for Track B) → Mark Twain Student Support Center → Mark Twain Restoration and Re-Entry Center (renamed 2019 per Wikipedia FFSD) → Mark Twain Restoration & Wellness Center. Exact elementary opening and conversion dates not found; an FFSD board document (simbli.eboardsolutions.com) recently proposed restructuring/'Close Mark Twain Location', so current operating status should be re-verified before Track B.",individual_school,in_scope
ALL-406,Johnson-Wabash Elementary School,Johnson School; Wabash School; Johnson-Wabash Elementary School; Johnson-Wabash 6th Grade Center,63135,Ferguson-Florissant R-II,Public Elementary,unknown,unknown,,n/a,confirmed,https://jw.fergflor.org/,none,confirmed,,"Currently operating as Johnson-Wabash 6th Grade Center, 685 January Ave, Ferguson MO 63135 (jw.fergflor.org; NCES 291201002784 'Open' 2023-24). The name merges the earlier Johnson and Wabash schools (per seed historical names); the building sits on the same January Avenue block as Ferguson Middle (701 January). Neither the construction date nor the earlier Johnson/Wabash school histories were findable online. It was reconfigured from an elementary to a 6th-grade center in the ~2019 grade-center restructuring (Wikipedia FFSD school list) and is slated to return to K-5 in the district's 2027-28 restructuring (fergflor.org board post). Seed's 'serves portions of Berkeley' is plausible (Walnut Grove Primary explicitly lists Berkeley in its attendance communities) but boundary details unverified.",individual_school,in_scope
ALL-407,Walnut Grove Primary School,Walnut Grove School; Walnut Grove Elementary School,63135,Ferguson-Florissant R-II,Public Elementary (PreK-2 Primary),unknown,unknown,,n/a,confirmed,https://wgps.fergflor.org/our-school,none,confirmed,,"Currently operating as Walnut Grove Primary School (PreK-2), 1248 North Florissant Road, Ferguson MO 63135, serving Berkeley, Calverton Park, Florissant, and Ferguson (wgps.fergflor.org; FFSD 2023-24 directory lists it as 'Walnut Grove Elementary'). Operating by 1973 at the latest — a Pacific Standard memoir describes attending Walnut Grove Elementary in 1973. Construction/opening date not found online; recommend DESE building records or district facilities documents for the exact year.",individual_school,in_scope
ALL-408,Airport Elementary School - Berkeley Community Center,Airport Elementary School; Former Airport Elementary,63134,Berkeley School District (1954-1975); Ferguson-Florissant R-II (1975-2019); City of Berkeley (2023-),Public Elementary (now community/education facility),1954,confirmed,https://www.berkeleymo.us/egov/documents/1691005301_15256.pdf,2019,confirmed,https://www.berkeleymo.us/egov/documents/1691005301_15256.pdf,none,probable,,"Recorded as the school entity (the relevant yearbook target): per the City of Berkeley's August 2023 RFP for conversion, 'Airport Elementary School and gymnasium were constructed on this site in 1954... The School was closed in 2019 due to declining enrollment, and the City purchased the property in 2023.' It operated as a Berkeley district school 1954-1975, then under Ferguson-Florissant until closure in the district's 2019 restructuring. The City of Berkeley bought the ~10.4-acre parcel (Bills #4957/#4965, 2023) and is converting it into the Berkeley Community Center — seed's 'Opened 2023' describes that conversion, not a school opening (seed status 'Converted' is accurate). Students were redistributed to other FFSD elementaries (Berkeley Elementary/Intermediate and Holman are the nearest); no single successor school documented. Duplicate of ALL-390 'Airport Elementary School - Historical Campus' in another batch — same building.",individual_school,in_scope
ALL-409,Robertson School District,Robertson School District,63134,Robertson School District (to ~1964); Berkeley School District (1964-1975); Ferguson-Florissant R-II (after 1975),Public School District,unknown,unknown,,1964,probable,"https://en.wikipedia.org/wiki/Berkeley_High_School_(Berkeley,_Missouri)",ALL-400,probable,"https://en.wikipedia.org/wiki/Berkeley_High_School_(Berkeley,_Missouri)","Probable reconstruction: Robertson was an unincorporated, predominantly Black community west of Lambert Field (post office 1929-1958, roadsidethoughts.com; an early-1800s French settlement that became a historic Black community, per Missouri Sen. Chappelle-Nadal's 2016 history project). When the Robertson high school closed in 1964, 'the Berkeley School District voluntarily provided school bus transportation and welcomed the Robertson students into their system' (Wikipedia 'Berkeley High School (Berkeley, Missouri)'). The district itself appears to have been absorbed into Berkeley around then: Robertson is absent from the 1975 court order (which addressed only Berkeley and Kinloch), yet an FFSD geographical study (studylib.net doc 7845312) places Robertson inside the post-merger district as a discontinuous western piece, and PRiME Center documents that most remaining small districts were annexed in the 1960s. Whether the annexation was formal in 1964 or was only a tuition/transport arrangement that later became a boundary change is unverified — recommend human follow-up with St. Louis County school district boundary records. Operated at least a high school (ALL-410) and an elementary-level school (ALL-411). The community was largely bought out/demolished for the Lambert W-1W runway expansion (1990s-2000s).",administrative_district_only,in_scope
ALL-410,Robertson High School,Robertson High School,63134,Robertson School District (to ~1964); students then bused to Berkeley School District,Public High School,unknown,unknown,,1964,probable,"https://en.wikipedia.org/wiki/Berkeley_High_School_(Berkeley,_Missouri)",ALL-114,probable,"https://en.wikipedia.org/wiki/Berkeley_High_School_(Berkeley,_Missouri)","Seed's 1964 closure corroborated: 'those circumstances changed in 1964 with the closure of the Robertson, Missouri high school, located in a predominantly African American community... the Berkeley School District voluntarily provided school bus transportation and welcomed the Robertson students into their system' (Wikipedia 'Berkeley High School (Berkeley, Missouri)' — probable, secondary). Consistent with former Robertson residents' accounts that 'our high school closed' amid the community's decline (Missouri Senate history project, 2016). Successor recorded as Berkeley High School (ALL-114, in another batch) since Robertson students were bused there. Opening date, building location, and whether it was a dedicated high school or a program within the Robertson school are all undetermined — nothing found via web search; likely requires county school records or the Kinloch/FFSD archives as a human follow-up.",individual_school,in_scope
ALL-411,Robertson Elementary School,Robertson School,63134,Robertson School District (to ~1964); Berkeley School District (~1964-1975); Ferguson-Florissant R-II (1975),Public Elementary,unknown,unknown,,1975,probable,https://studylib.net/doc/7845312/an-examination-of-the-ferguson,ALL-404,probable,https://studylib.net/doc/7845312/an-examination-of-the-ferguson,"Diverging from seed's 1964: an FFSD geographical study (studylib.net doc 7845312) states that as a result of the court-ordered desegregation 'all the schools in the Kinloch and Robertson areas were closed and all the Afro-American students who live there are bussed to schools in the northern part of the school district' — implying a Robertson-area school was still operating within the Berkeley district up to the 1975 merger and was closed afterward, with students bused north. Two readings: (a) seed's 1964 marks only the district/HS dissolution while the elementary continued under Berkeley until ~1975 (adopted here as the best-supported path); (b) the elementary also closed in 1964 and Robertson children were bused to Berkeley schools from then — the study's phrasing weighs against this but doesn't exclude it. Exact building/location never identified online; recommend human follow-up with FFSD records or St. Louis County plat/parish records (the community site was largely erased by the airport buyout).",individual_school,in_scope
ALL-416,Ferguson High School,Ferguson Senior High School; Ferguson High,63135,Ferguson Public School District (1939-1952); Ferguson-Florissant R-II (1952-1962),Public High School,1939,confirmed,https://livingnewdeal.org/sites/ferguson-middle-school-ferguson-mo/,1962,confirmed,https://en.wikipedia.org/wiki/McCluer_High_School,ALL-111,confirmed,https://en.wikipedia.org/wiki/McCluer_High_School,"Seed confirmed. Ferguson High School opened in 1939 with 400 students transferred from John M. Vogt High School; built by the Ferguson Public School District on the January Estate ('Blizzard Hill', also the former city dump) at 701 January Ave with WPA assistance (Living New Deal; Wikipedia 'McCluer High School'; the school's own 1948 Crest yearbook history on e-yearbook.com recounts the Ferguson high-school lineage back to 1894). Last graduating class 1962 — students then moved to McCluer High School (ALL-111), which converted from junior high to senior high that year. The January Ave building continued as Ferguson Junior High (ALL-418), now Ferguson Middle School. Yearbook was 'The Crest' — the name inherited from Vogt High School's yearbook (begun 1931). OVERLAP FLAG: ALL-417 (January Avenue Campus) is the same school entity, kept separate per the no-merge rule.",individual_school,in_scope
ALL-417,Ferguson High School - January Avenue Campus,Ferguson High School; Ferguson Senior High School,63135,Ferguson Public School District (1939-1952); Ferguson-Florissant R-II (1952-1962),Public High School,1939,confirmed,https://livingnewdeal.org/sites/ferguson-middle-school-ferguson-mo/,1962,confirmed,https://en.wikipedia.org/wiki/McCluer_High_School,ALL-111,confirmed,https://en.wikipedia.org/wiki/McCluer_High_School,"OVERLAP FLAG: this is the same school entity as ALL-416 — the January Avenue building was Ferguson High School's only location, not a separate campus alongside others (unlike the Berkeley HS multi-campus rows). Flagged in data/schools_seed_deduped_review_needed.json; kept separate per the dedup rules and this task's no-silent-merge instruction, but a merge into ALL-416 should be considered in the coordinator pass. Same history: WPA-built 1939 on the January Estate, last graduating class 1962, students moved to McCluer (ALL-111), building became Ferguson Junior High then Ferguson Middle School (still operating). Yearbook: 'The Crest.'",individual_school,in_scope
ALL-418,Ferguson Junior High School,Ferguson Junior High; Ferguson Middle School,63135,Ferguson-Florissant R-II,Public Middle School (formerly Junior High),1962,confirmed,https://livingnewdeal.org/sites/ferguson-middle-school-ferguson-mo/,n/a,confirmed,https://fms.fergflor.org/,none,confirmed,,"Direct continuation of the Ferguson High School building at 701 January Ave after the 1962 high-school consolidation to McCluer — 'Ferguson High School's last graduating class was in 1962; with the school becoming Ferguson Junior High; now Ferguson Middle School' (Living New Deal). Still operating as Ferguson Middle School, 701 January Ave, Ferguson MO 63135 (fms.fergflor.org). The exact year of the junior-high-to-middle rename was not found online. OVERLAP FLAG: ALL-419 'Ferguson Middle School' (in another batch's seed) is the same continuous entity — this row and that row describe one school under two era names.",individual_school,in_scope
ALL-419,Ferguson Middle School,"Ferguson Middle School; Ferguson Junior High School (same building/lineage); Ferguson High School (same building, 1939-1962)",63135,Ferguson-Florissant School District (R-II),Public Middle School,1962,probable,https://livingnewdeal.org/sites/ferguson-middle-school-ferguson-mo/,n/a,confirmed,https://fms.fergflor.org/our-school,none,confirmed,,"Continuous secondary-school lineage at 701 January Ave: built with WPA assistance and opened 1939 as Ferguson High School (400 students transferred from John M. Vogt High School, per Living New Deal and Wikipedia's McCluer HS history); after Ferguson High's last graduating class in 1962 the building became Ferguson Junior High, later renamed Ferguson Middle School. The rename year is not documented online, but the 'Ferguson Middle School' name is attested by 1989 (a 1989 yearbook 'documenting the school's rebuilding following a fire that swept through the west wing in 1988,' per flovalleynews.com). opened_year therefore records the 1962 conversion of the building to a junior-high/middle entity; the 1939 building opening and the 1962 high-school closure belong to the predecessor rows (Ferguson High School = ALL-416, Ferguson Junior High = ALL-418, both in batch 14). Still operating today (NCES 291201000462; fms.fergflor.org). A 1952 cornerstone/time capsule placed by the 8th-grade class of 1953 was rediscovered after the 1988 fire.",individual_school,in_scope
ALL-420,Vogt High School,John M. Vogt High School; Vogt School; John M. Vogt School,63135,Ferguson Public School District (District #3),Public High School,1930,confirmed,https://www.e-yearbook.com/yearbooks/Ferguson_High_School_Crest_Yearbook/1948/Page_8.html,1939,confirmed,https://livingnewdeal.org/sites/ferguson-middle-school-ferguson-mo/,ALL-416,probable,https://livingnewdeal.org/sites/ferguson-middle-school-ferguson-mo/,"The 1948 Ferguson High 'Crest' yearbook (e-yearbook.com scan) is the primary source: the Community Hall Association donated the site in 1930 and the John M. Vogt High School — the district's first building used strictly for high school students — was erected and named for board member/treasurer John M. Vogt; high school students transferred from Central School. AS&U and STLPR corroborate 'opened in 1930 as a high school with 220 students.' Seed's 'Opened Sept. 9, 1931' likely reflects a dedication date or the Ittner building's 1931 completion date (Wikipedia's W. B. Ittner works list); the first 'Crest' yearbook appeared in 1931. Closed as a high school in 1939 when students moved to the new Ferguson High School at 701 January Ave (ALL-416, batch 14). The Vogt building itself continued as Vogt Junior High (ALL-421) and later Vogt Elementary until 2019, so the *entity* had no closure — only the high-school function ended.",individual_school,out_of_scope_closed_before_1949
ALL-421,Vogt Junior High School,"Vogt Junior High; John M. Vogt High School (same building, 1930-1939); Vogt Elementary School (same building, later years)",63135,Ferguson School District / Ferguson-Florissant R-II,Public Middle School,1939,confirmed,https://livingnewdeal.org/sites/ferguson-middle-school-ferguson-mo/,unknown,unknown,,none,probable,https://www.asumag.com/facilities-management/article/20857137/ferguson-mo-community-says-goodbye-to-vogt-elementary,"Vogt became the junior high when the new Ferguson High School opened in 1939 (confirmed). Seed asserts the junior high closed in 1981 — i.e., conversion to Vogt Elementary — but no online source pins that year; left unknown rather than fabricate. What is confirmed: the school operated as Vogt Elementary at 200 Church St until the FFSD board's Oct 10, 2018 redistricting vote closed it at the end of the 2018-19 school year (STLPR, AS&U, St. Louis American); students were absorbed into restructured preK-2/3-5 primaries and sixth-grade centers — no single successor school. publicschoolreview.com lists 'Closed 2020,' which is the NCES record-year for the 2019 closure. Recommended human follow-up: FFSD 'History of Ferguson' (1975) or board minutes to pin the JH-to-elementary conversion year.",individual_school,unknown_insufficient_data
ALL-424,Central School - Early Ferguson School,Ferguson School; Ferguson High School (housed here until 1930); Central Elementary School; Central Primary School; Wesley Avenue School,63135,Ferguson Public School District (District #3) / Ferguson-Florissant R-II,Public Elementary,1880,confirmed,https://nara-media.s3.amazonaws.com/electronic-records/rg-079/NPS_MO/84002706.pdf,n/a,confirmed,https://cps.fergflor.org/our-school,none,confirmed,,"ROW CONFLATES TWO THINGS (flagged, not merged): the Ferguson's first one-room school (opened 1867 at SW corner of Wesley Ave & N. Florissant Rd — the seed's 1867 open / 1880 close refers to this building being replaced) AND the brick 'Ferguson School' at 201 Wesley Ave. Per the 1984 NRHP nomination (NPS 84002706): trustees bought 2.5 acres May 25, 1877; the brick schoolhouse was built 1877-80 (Scharf's 1883 history says erected 1877-78; completion possibly 1880). STLPR and the St. Louis Post-Dispatch Suburban Journal both state the school 'opened in 1880.' It hosted a two-year high school course from ~1894-96 and became one of the county's first accredited four-year public high schools in 1903 (NRHP + 1948 Crest yearbook). It was renamed 'Central School' when Vogt High opened — the NRHP gives ~1931-32 via county directories; Wikipedia says 1903; NRHP is the stronger source. Additions 1895, 1904, 1908 (Wilbur T. Trueblood), 1925-27. NRHP-listed 1984. STLPR calls it 'the oldest school in north St. Louis County.' Still operating as Central Primary (K-2) at 201 Wesley Ave. The 1867 building was expanded and moved to 110 S. Clark, where it survives as a residence (NRHP).",individual_school,in_scope
ALL-425,Griffith School,Griffith Elementary School; Griffith Intermediate School,63135,Ferguson School District / Ferguson-Florissant R-II,Public Elementary,1927,probable,"Seed attributes 1927 to the FFSD-compiled 'History of Ferguson' (1975); school confirmed operating by Jan. 24, 1967 via St. Louis Post-Dispatch tornado photo cited in https://www.stlpr.org/health-science-environment/2011-04-25/twister-damages-elementary-school-in-ferguson",n/a,confirmed,https://nces.ed.gov/ccd/schoolsearch/school_list.asp?DistrictID=2912010&Search=1,none,confirmed,,"Still operating as Griffith Elementary (grades 3-5), 200 Day Drive, Ferguson (NCES lists 292 students). Seed's 'Chambers Road' is consistent — Day Drive fronts the school property off Chambers near the city core. The 1927 founding date itself has no direct online citation; it comes from the district-compiled history (not online) and is plausible: the school stood by Jan 1967 when an F4 tornado tore the roof off its gym/cafeteria (Post-Dispatch photo), and the Apr 22, 2011 Good Friday tornado damaged the same roof, closing it for the remainder of that school year (reopened Aug 2011 per Patch). Likely named for W. W. Griffith, Ferguson superintendent 1902-1930 (1948 Crest yearbook) — inference, not verified. Per FFSD's April 2025 board plan, Griffith will 'transition to the Restoration & Wellness location' in the 2027-28 restructuring — watch for a status change.",individual_school,in_scope
ALL-428,Vernon School - Ferguson Campus,Vernon School; Vernon School (1927 brick building),63135,Ferguson Public School District / Ferguson-Florissant R-II,"Public Elementary (segregated, African-American)",1885,confirmed,https://www.stlpr.org/government-politics-issues/2015-08-02/fergusons-yesterdays-offer-clues-to-the-troubled-city-of-today,1967,confirmed,https://www.stlpr.org/government-politics-issues/2015-08-02/fergusons-yesterdays-offer-clues-to-the-troubled-city-of-today,none,probable,https://www.stlpr.org/government-politics-issues/2015-08-02/fergusons-yesterdays-offer-clues-to-the-troubled-city-of-today,"STLPR (drawing on the Ferguson Historical Society's 'Ferguson: A City and Its People,' 1976, and district historian interviews): the Ferguson school board built Vernon in 1885 for African-American children — a small frame building on a one-acre lot south of the train station (the seed's 'Florissant Road/Farachi Pizza site' area). Grades 1-8; Black high-school students were sent to Douglass High School in Webster Groves. It closed frequently in early years when enrollment fell below the state minimum of 10. In 1927 the district built a NEW brick Vernon School at the western edge of the district for Black students from Ferguson and Kinloch Park. Vernon remained all-Black until it closed in 1967 — 13 years after Brown v. Board — at which point students were absorbed into desegregated Ferguson-Florissant schools; no single successor. IMPORTANT DEDUP FLAG: this is a different school from Kinloch's Vernon School (ALL-396 / ALL-397, batch 13) — the deduped_review_needed file already pairs them; keep separate.",individual_school,in_scope
ALL-430,Lee-Hamilton Intermediate School,Lee-Hamilton School; Lee-Hamilton Elementary School,63135,Ferguson-Florissant R-II,Public Intermediate,1950,confirmed,https://resources.finalsite.net/images/v1755977462/fergflororg/e7uive0yltwcrtfalqdo/LHFamilyHandbookupdated662025.pdf,n/a,confirmed,https://lhis.fergflor.org/,none,confirmed,,"Resolved seed's Unknown: the official FFSD Lee-Hamilton Family Handbook (2025) states 'Lee-Hamilton Intermediate, established in 1950, is named after Arthur Lee and Sarah Hamilton, two prominent figures in education in North County.' Currently serves grades 3-5 at 401 Powell Ave, Ferguson (FFSD 2023-24 directory; NCES). Slated to become a K-5 elementary in the district's 2027-28 restructuring.",individual_school,in_scope
ALL-432,Johnson-Wabash 6th Grade Center,Johnson-Wabash School; Johnson-Wabash Elementary School,63135,Ferguson-Florissant R-II,Public Middle/Intermediate,2019,probable,https://www.asumag.com/facilities-management/article/20857137/ferguson-mo-community-says-goodbye-to-vogt-elementary,n/a,confirmed,https://jw.fergflor.org/our-school,none,confirmed,,"Current sixth-grade center at 685 January Ave (adjoining the Ferguson Middle campus), created in the Oct 2018 board restructuring that took effect for the 2019-20 school year — AS&U: 'Sixth grade centers will open on adjoining middle school campuses.' Wikipedia/FFSD list it as 'formerly Johnson-Wabash Elementary School.' The predecessor elementary's own lineage (Johnson School / Wabash School merger) is covered by seed row ALL-406 (batch 14) — this row covers the 6th-grade-center entity. Per the April 2025 board plan, Johnson-Wabash reverts to a K-5 elementary in 2027-28.",individual_school,in_scope
ALL-438,McCluer Junior High School,McCluer Junior High; McCluer School,63135,Ferguson-Florissant R-II,Public Middle School,1957,probable,https://en.wikipedia.org/wiki/McCluer_High_School,1962,confirmed,https://en.wikipedia.org/wiki/McCluer_High_School,ALL-111,confirmed,https://en.wikipedia.org/wiki/McCluer_High_School,"Seed confirmed: opened as a junior high in 1957 and became McCluer (Senior) High School in 1962 when Ferguson High School closed and its students moved to McCluer — same building at 1896 S. New Florissant Rd, still operating today as McCluer High School (seed row ALL-111, batch 5). Confidence on opened_year is 'probable' rather than 'confirmed' because Wikipedia's article is internally inconsistent (infobox 'Established 1957' + history text 'opened in 1957 as a junior high school' vs. pre-history line 'When McCluer opened in 1958'). Named for Virgil C. McCluer, Ferguson superintendent 1930-c.1948 (1948 Crest yearbook). Note: seed's ZIP-63135 inclusion is community-served only — actual address ZIP is 63031 (Florissant).",individual_school,in_scope
ALL-440,STEAM Academy at McCluer South-Berkeley High,STEAM Academy; STEAM Academy at McCluer South-Berkeley High School; McCluer South-Berkeley High School (predecessor program in same building),63135,Ferguson-Florissant R-II,Public High School/Academy,2019,confirmed,https://flovalleynews.com/?p=21535,n/a,confirmed,https://msb.fergflor.org/our-school,none,confirmed,,"Resolved seed's Unknown: the FFSD board voted 4-2 on Oct 10, 2018 to convert McCluer South-Berkeley High into a selective STEAM magnet (STLPR/Wikipedia); the Flo Valley News reported STEAM Academy opened to students Thursday, Aug 15, 2019. Same building at 201 Brotherton Ln — opened January 2004 as McCluer South-Berkeley HS on the former Berkeley High School site (Berkeley HS closed 2004; the MSB entity is seed row ALL-113, batch 5). This is a conversion/rebranding, not a closure: district-wide selective enrollment, grades 9-12, 'Bulldogs' athletics retained (football dropped). Still operating.",individual_school,in_scope
ALL-441,North County Technical High School,North County Technical School; North County Technical High School; North Technical High School; North Tech,63135,Special School District of St. Louis County,Public Technical High School,1968,confirmed,https://appliedtech.edu/our-history/,n/a,confirmed,https://web.archive.org/web/20080302211417/www.ssd.k12.mo.us/Tech_ed/Schools/North_Tech/n_tech.html,none,confirmed,,"SEED OPERATOR CORRECTION: this is not a Ferguson-Florissant R-II school — 'North County Technical' was the early name of North Technical High School (North Tech), the county-wide vocational high school operated by the Special School District of St. Louis County at 1700 Derhake Rd, Florissant (ZIP 63033). SSD's official history (appliedtech.edu): SSD moved into technical education in 1966, opened South Tech in 1967 and North Tech the following year — i.e., 1968; MapQuest profile also gives 'Founded in 1968.' The school appears as 'North County Technical High School (North Tech)' in the 1980-87 Liddell desegregation litigation (8th Cir. opinions). Still open serving grades 10-12. Included in the batch because Ferguson-area students attended — correct per seed's intent, but ZIP attribution is community-served only.",individual_school,in_scope
ALL-443,St. Louis Community College - Florissant Valley Student Publications,Florissant Valley Community College publications; Florissant Valley Community College; St. Louis Community College - Florissant Valley,63135,St. Louis Community College (Junior College District of St. Louis-St. Louis County),College Publications / Community College,1963,probable,https://en.wikipedia.org/wiki/St._Louis_Community_College,n/a,confirmed,https://stlcc.edu/locations/florissant-valley/,none,confirmed,,"ROW-TYPE FLAG: this is a publications-search row for the Florissant Valley campus entity, not a distinct school — it refers to the same institution already researched as pilot row 63147-11 (and duplicated by ALL-444/ALL-445 in this batch). Retained per the no-silent-merge rule. Timeline: Junior College District approved by voters April 1962; classes began January 1963 in temporary quarters (including McCluer HS); permanent 3400 Pershall Rd campus built 1966 (Wikipedia) and opened for the 1967-68 year (earliest FV yearbook is 1967-68; May 1967 cornerstone documented, per pilot research). Campus renamed from 'Florissant Valley Community College' to 'STLCC-Florissant Valley' format in 1976. Campus remains open.",individual_school,in_scope
ALL-444,St. Louis Community College - Florissant Valley - Former St. Louis County Junior College,St. Louis County Junior College District; Junior College District of St. Louis-St. Louis County; Florissant Valley Community College,63135,St. Louis County Junior College District (officially: Junior College District of St. Louis-St. Louis County),Community College,1962,confirmed,https://eric.ed.gov/?id=ED021558,unknown,unknown,,ALL-443,confirmed,https://en.wikipedia.org/wiki/St._Louis_Community_College,"ENTITY RESOLUTION (administrative-sounding name): 'St. Louis County Junior College (District)' is the informal name for the Junior College District of St. Louis-St. Louis County — the district IS the college, not a layer above separate yearbook-producing schools, so treated as the institutional predecessor of STLCC (entity_type individual_school). District established by voter referendum in April 1962 (the ERIC case study documents its formation); classes began January 1963 in temporary quarters. SEED ERROR: 'Closed 1965' is wrong — the district never closed; it continues today as St. Louis Community College (established 1962 per Wikipedia/STLCC). The 1965 date likely reflects the $47.2M bond issue that funded the permanent campuses (per pilot research). The FV campus opened 1966-67 at 3400 Pershall Rd.",individual_school,unknown_insufficient_data
ALL-445,St. Louis County Junior College - Florissant Valley,St. Louis County Junior College; St. Louis County Junior College District; Junior College District of St. Louis-St. Louis County,63135,St. Louis County Junior College District (officially: Junior College District of St. Louis-St. Louis County),Community College,1962,confirmed,https://eric.ed.gov/?id=ED021558,unknown,unknown,,ALL-443,confirmed,https://en.wikipedia.org/wiki/St._Louis_Community_College,"DUPLICATE ROW FLAG: this is the same entity as ALL-444 — 'St. Louis County Junior College - Florissant Valley' and 'STLCC-FV - Former St. Louis County Junior College' are two phrasings of the same predecessor institution (the junior college district era, pre-permanent-campus). Kept as a separate row per the no-silent-merge rule, but a merge into ALL-444/ALL-443 should be considered at aggregation time. Same facts as ALL-444: district formed by April 1962 referendum; classes Jan 1963; never closed — continues as STLCC; seed's '1965' close is the bond-issue year, not a closure.",individual_school,unknown_insufficient_data
ALL-448,St. Peter School,St. Peter Catholic School; St. Peter's School,63135,Archdiocese of St. Louis (per seed; unverified),Parochial Elementary,unknown,unknown,,unknown,unknown,,unknown,unknown,,"UNRESOLVED / LIKELY MISATTRIBUTED ROW: found no evidence of a Catholic 'St. Peter School' located in Ferguson (63135). NCES Private School Universe Survey and St. Louis Catholic school directories list no such Ferguson school. What does exist: (a) Ferguson's Catholic parish schools were Our Lady of Guadalupe (operated ~70 years; closed end of 2024-25 per Dec 2024 archdiocesan announcement) and Blessed Teresa of Calcutta (parish formed 2005 by merging Good Shepherd, Sts. John & James, St. Bartholomew, St. Sebastian, Our Lady of Fatima and North American Martyrs; its school closed ~2010 per stltoday); (b) St. Peter's United Church of Christ at 1425 Stein Rd, Ferguson — a Protestant (German Evangelical) congregation that relocated to Ferguson via a 1957 mission chapel and consolidated there in 1973; it DID erect 'a school and chapel' at its earlier St. Louis Ave & Warne site in the City of St. Louis in 1906 (StLGS congregation history), but that was not in 63135 and no Ferguson day school is documented; (c) St. Peter's Catholic School in Kirkwood (215 N Clay Ave, ZIP 63122) and St. Peter Catholic School, Jefferson City — plausible seed referents but outside this ZIP. Recommended human follow-up: check the source spreadsheet's intent and Archdiocese of St. Louis parish-history records before spending Track B effort.",ambiguous_unresolved,unknown_insufficient_data
ALL-449,Trinity Catholic High School,Trinity Catholic High School,63138,Archdiocese of St. Louis,Private Catholic High School,2003,confirmed,https://www.stlouisreview.com/story/farewell-party-reveals-fondness-for-trinity-predecessors/,2021,confirmed,https://www.stlouisreview.com/story/trinity-catholic-high-school-to-close-at-end-of-school-year/,none,confirmed,https://www.stlouisreview.com/story/trinity-catholic-high-school-to-close-at-end-of-school-year/,"SEED ERRORS CORRECTED: seed's opened=1957 and closed=2025 are both wrong. Trinity Catholic High School was established in fall 2003 by the merger of St. Thomas Aquinas-Mercy High School and Rosary High School, on the former Rosary campus at 1720 Redman Rd (the Rosary building opened 1961; 'built in 1959' per the archdiocesan paper's closure article). Closure announced February 2021 after an archdiocesan financial feasibility study; last graduating class was 2021 (end of 2020-21 school year), per St. Louis Review, St. Louis Post-Dispatch (B. Bernhard), and KSDK. It was the last high school in St. Louis County directly administered by the Archdiocese. No successor school — students dispersed to other area Catholic schools. Seed's '1957' likely conflates the building/predecessor lineage: Mercy HS (1948, Sisters of Mercy, University City) merged with St. Thomas Aquinas HS (founded 1954 at Sacred Heart Parish, Florissant; moved to Dunn Rd 1958) in 1985 to form St. Thomas Aquinas-Mercy; that entity merged with Rosary HS (opened 1961, School Sisters of Notre Dame) to create Trinity in 2003. ZIP is 63138 (Spanish Lake), not seed's 63135. For yearbook purposes, predecessor schools (Rosary 'Rosarian', Aquinas, Mercy, Aquinas-Mercy) are distinct institutions with their own series.",individual_school,in_scope
ALL-450,Ferguson Public School District,Ferguson School District; School District of the City of Ferguson; District 3 Township 46,63135,Ferguson Public School District,Public School District,1867,confirmed,https://www.e-yearbook.com/yearbooks/Ferguson_High_School_Crest_Yearbook/1948/Page_11.html,1952,probable,https://www.primecenter.org/prime-blog/blog-school-district-consolidation-stl,ALL-453,confirmed,https://en.wikipedia.org/wiki/McCluer_High_School,"District formation confirmed by the 1948 Ferguson High School 'Crest' yearbook history page: 'The first School Board in Ferguson was appointed in 1867 when a one-room public school was built on the south side of Wesley Avenue... The district was known as District 3 Township 46 as Ferguson was not incorporated. The first School Board for the School District of the City of Ferguson was selected in 1903 when the district was incorporated.' Merger date: the St. Louis County reorganization vote of October 1951 (SLU PRiME Center) created Ferguson-Florissant R-2; the McCluer HS history records '1952 saw the merger of the Ferguson Public School District and the Florissant School District' — the 1951 vote / 1952 operational start explains the seed's 1952, kept as probable. Member schools at merger included Central School (1880, 201 Wesley Ave; renamed from Ferguson School in 1903), John M. Vogt High School (1930, 200 Church Ave; first dedicated HS building), and Ferguson High School (1939, 701 January Ave, WPA-built), plus elementary schools. All absorbed into Ferguson-Florissant R-2 (ALL-453).",administrative_district_only,in_scope
ALL-453,Ferguson-Florissant School District - Ferguson Schools,Ferguson Reorganized School District R-2; Ferguson-Florissant R-II School District; Ferguson schools,63135,Ferguson-Florissant R-II School District,Public School District,1952,probable,https://www.primecenter.org/prime-blog/blog-school-district-consolidation-stl,n/a,confirmed,https://en.wikipedia.org/wiki/Ferguson-Florissant_School_District,none,confirmed,,"Formed by the October 1951 St. Louis County reorganization vote that merged the Ferguson and Florissant districts into Ferguson-Florissant R-2 (SLU PRiME Center); official legal name is 'Ferguson Reorganized School District R-2' (FFSD 2023-24 Annual Budget). Commonly dated 1952 (year the merged district began operating). On June 7, 1975 a U.S. district court ordered FFSD to annex the Berkeley and Kinloch school districts (desegregation order, affirmed at 515 F.2d 1365). Still operating ~22 schools (fergflor.org): current member schools include McCluer HS, McCluer North HS, STEAM Academy at McCluer South-Berkeley, Ferguson MS, Cross Keys MS, STEAM Academy MS, Johnson-Wabash and Wedgwood 6th Grade Centers, Berkeley/Combs/Griffith/Halls Ferry/Lee-Hamilton/Robinwood Intermediates, and Bermuda/Central/Commons Lane/Duchesne/Holman/Parker Road/Walnut Grove Primaries, plus Mark Twain alternative program. This is a district-level row for search routing only — the real yearbook-producing entities are its member schools (Ferguson HS ALL-416/417-era, Vogt, Central, McCluer, McCluer North, etc., most with their own rows in other batches).",administrative_district_only,in_scope
ALL-454,Florissant School District,Florissant School District,63135,Florissant School District,Public School District,unknown,unknown,,1952,probable,https://www.primecenter.org/prime-blog/blog-school-district-consolidation-stl,ALL-453,confirmed,https://en.wikipedia.org/wiki/McCluer_High_School,District formation date not found online — Florissant had public schooling from the early 19th century (the Combs Elementary seed row notes a Florissant public elementary at the Combs site from 1876; Sacred Heart Academy dates to 1819 but is a private predecessor). The public 'Florissant School District' was among the districts merged by the October 1951 reorganization vote into Ferguson-Florissant R-2 (SLU PRiME Center); 1952 is the commonly cited merger/operational year (McCluer HS history: '1952 saw the merger of the Ferguson Public School District and the Florissant School District'). Member schools at merger included Florissant High School (later repurposed; Florissant HS appears in alumni lists as defunct) and Florissant elementary/junior-high schools — full member list not determined online. Human follow-up: St. Louis County or FFSD board minutes could pin down the district's legal formation date.,administrative_district_only,in_scope
ALL-457,Hazelwood East High School - Split Session,Hazelwood East; Hazelwood Senior High split sessions,63138,Hazelwood School District,Public High School,1974,confirmed,https://en.wikipedia.org/wiki/Hazelwood_East_High_School,1976,probable,https://en.wikipedia.org/wiki/Hazelwood_East_High_School,ALL-064,probable,https://en.wikipedia.org/wiki/Hazelwood_East_High_School,"Real transitional arrangement, not a separate school building: Hazelwood East was established in 1974, and its classes of 1975 and 1976 attended split-day sessions in the existing Hazelwood High School building (East + West students mornings, Central students afternoons) until East's own facility at 11300 Dunn Rd opened fall 1976. The district's own Hazelwood Central history page says East and West opened in 1977 — 1976 (school's Wikipedia history) vs 1977 (district page) conflict kept this row's close-year at probable. SEED ADDRESS LIKELY WRONG: seed gives 1865 Dunn Rd, but the 'existing Hazelwood High School building' in 1974-76 was the second Hazelwood HS at 15875 New Halls Ferry Rd (the 1865 Dunn Rd building ceased being the high school in 1966). Successor is the continuing Hazelwood East High School at its own campus (seed row ALL-064, Hazelwood East High School — in another batch).",individual_school,in_scope
ALL-459,Hazelwood High School - Original Campus,Hazelwood High School,63138,Hazelwood School District,Public High School,1954,confirmed,https://chs.hazelwoodschools.org/about-us/about-us,1966,confirmed,https://chs.hazelwoodschools.org/about-us/about-us,ALL-022,confirmed,https://chs.hazelwoodschools.org/about-us/about-us,"First Hazelwood High School building, completed 1954 at 1865 Dunn Rd (Spanish Lake), per Hazelwood Central's official About Us page and Wikipedia's Hazelwood Central article. It was the district's only high school until the second Hazelwood HS opened in 1966, at which point the high school program moved to the new building — 'closed' here means ceased operating as the high school; the building itself stayed in district use (later Hazelwood Opportunity Center). Successor is the continuing high school at its second campus — seed rows ALL-021 'Hazelwood High School - Second Building' and ALL-022 'Hazelwood Central High School' (other batches) are the same institution; ALL-022 is the present-day name. DUPLICATE FLAG: ALL-459 is effectively the same entity as ALL-020 'Hazelwood High School - Original' (1954-1965) in another batch — kept separate per no-silent-merge rule; recommend aggregation-level merge.",individual_school,in_scope
ALL-460,Hazelwood Central High School - Dunn Road Campus,Hazelwood High School (second building); Hazelwood Central High School,63138,Hazelwood School District,Public High School,1966,confirmed,https://chs.hazelwoodschools.org/about-us/about-us,n/a,confirmed,https://en.wikipedia.org/wiki/Hazelwood_Central_High_School,none,confirmed,,"SEED ERRORS: this row's address (1865 Dunn Rd) and close year (1977) are wrong. The second Hazelwood High School — renamed Hazelwood Central once the 'Central' designator appeared ~1974 — was built 1965 and opened 1966 at 15875 New Halls Ferry Rd (Florissant 63031), where it still operates today as Hazelwood Central High School (chs.hazelwoodschools.org, NCES 291383000622). It held 2,515 students (grades 10-12) its first year, ran split double-shift sessions from 1970, and returned to a conventional schedule in 1977 when Hazelwood East and West opened — 1977 is likely the source of the seed's erroneous 'closed 1977'. DUPLICATE FLAG: same institution as ALL-021 'Hazelwood High School - Second Building' and ALL-022 'Hazelwood Central High School' in other batches — kept separate per no-silent-merge rule; recommend merge at aggregation. The 1865 Dunn Rd address belongs to ALL-459 (original campus, later Hazelwood Opportunity Center).",individual_school,in_scope
ALL-467,Twillman School - 1928 Building,Twillman School; Twillman Elementary School,63138,Hazelwood School District,Public Elementary,1928,probable,https://twi.hazelwoodschools.org/about-us/about-us,n/a,confirmed,https://twi.hazelwoodschools.org/,none,confirmed,,"School's own history page: the original Twillman School was a one-room schoolhouse constructed in 1850 (Twillman family paid the teacher's salary the first year); 'around 1928 a new three-room building was built at 11831 Bellefontaine Rd' — matches the seed's 1928 building; the current facility's biggest remodel was in 1975-76 and the 1928 building was incorporated into it. Twillman Elementary still operates at that address. Seed's 1928 kept as probable ('around 1928' per the school). DUPLICATE FLAG: same school as ALL-075 'Twillman School' (other batch, opened 'Unknown'/closed '1950s?' — the 1950s close guess is wrong; Twillman never closed) — kept separate per review rules; recommend merge. Named for the Twillman(n) family whose 1870 brick homestead stands at 11840 Bellefontaine Rd (Spanish Lake Community Association; Pipes Family Foundation).",individual_school,in_scope
ALL-469,Fort Bellefontaine Campus,"Fort Bellefontaine School; Missouri Hills Home (site, ~1986); St. Louis Boys' Training School / Bellefontaine detention home (site, 1913)",63138,Missouri Division of Youth Services (Dept. of Social Services),State juvenile residential facility school (grades 6-12),unknown,unknown,,n/a,confirmed,https://nces.ed.gov/ccd/schoolsearch/school_list.asp?DistrictID=2900009&Search=1,none,confirmed,,"SEED OPERATOR ERROR: NCES lists 'fort bellefontaine campus' under the statewide DIVISION OF YOUTH SERVICES district (CCD district 2900009), not Hazelwood School District — a small state-run juvenile residential school (12 students, grades 6-12, 2024-25 CCD). The Missouri DSS DYS FY2019 budget book lists it as a 2-group 'Moderate Care' facility at 13290 Bellefontaine Rd. Site lineage: City of St. Louis acquired the old Fort Belle Fontaine grounds in 1913 and built a boys' detention/training school complex (Photoflood STL); St. Louis County assumed control of most of the property in 1986 and it became a DYS campus ('Missouri Hills Home' era per FortWiki) — probable, secondary sources; exact year the 'Fort Bellefontaine Campus' school program itself began is not documented online. ALL-470 'Fort Bellefontaine School' is almost certainly the same entity under its older name (same address) — flag for merge. Yearbook production unlikely (tiny residential unit) but left to Track B.",individual_school,in_scope
ALL-470,Fort Bellefontaine School,Fort Bellefontaine Campus,63138,Missouri Division of Youth Services (Dept. of Social Services),State juvenile residential facility school (grades 6-12),unknown,unknown,,n/a,confirmed,https://nces.ed.gov/ccd/schoolsearch/school_list.asp?DistrictID=2900009&Search=1,ALL-469,probable,https://nces.ed.gov/ccd/schoolsearch/school_list.asp?DistrictID=2900009&Search=1,"SURPRISE FLAG — almost certainly the same entity as ALL-469 'Fort Bellefontaine Campus': identical address (13290 Bellefontaine Rd), same operator, and NCES's only listing at that address is 'fort bellefontaine campus' (active, 2024-25). The seed's own note frames this row as the historical-name alias for the current campus. Kept as a separate row per no-silent-merge rule; successor recorded as ALL-469 (current NCES name) on probable confidence. Seed's 'Hazelwood School District' operator is wrong — Missouri Division of Youth Services.",individual_school,in_scope
ALL-471,Discovery Hall,Discovery Hall,63138,Missouri Division of Youth Services (Dept. of Social Services),State juvenile residential facility school (grades 6-12),unknown,unknown,,n/a,confirmed,https://nces.ed.gov/ccd/schoolsearch/school_list.asp?DistrictID=2900009&Search=1,none,confirmed,,"One of the separately NCES-listed DYS 'moderate care' residential program units on the Fort Bellefontaine campus complex (13315 Bellefontaine Rd; 1 treatment group per DYS FY2019 budget book; 0 students reported in 2024-25 CCD — unit may be paused/inactive). SEED OPERATOR ERROR: attributed to Hazelwood School District in the seed; actually Missouri Division of Youth Services. Program-unit opening date not documented online. Very low yearbook probability (tiny DYS unit), but institutional records may exist under DYS.",individual_school,in_scope
ALL-472,Bissell Hall,Bissell Hall,63138,Missouri Division of Youth Services (Dept. of Social Services),State juvenile residential facility school (grades 6-12),unknown,unknown,,n/a,confirmed,https://nces.ed.gov/ccd/schoolsearch/school_list.asp?DistrictID=2900009&Search=1,none,confirmed,,"NCES-listed DYS 'moderate care' residential unit on the Fort Bellefontaine campus complex (13298 Bellefontaine Rd; 2 treatment groups, 22 students, grades 6-12, 2024-25 CCD). SEED OPERATOR ERROR: seed says Hazelwood School District; actually Missouri Division of Youth Services. Presumably named for the Bissell family (Jabez Bissell was an early Fort Bellefontaine commander) — inferred, not cited. Opening date not documented online. Very low yearbook probability.",individual_school,in_scope
ALL-473,Lewis and Clark Hall,Lewis And Clark Hall,63138,Missouri Division of Youth Services (Dept. of Social Services),State juvenile residential facility school (grades 6-12),unknown,unknown,,n/a,confirmed,https://nces.ed.gov/ccd/schoolsearch/school_list.asp?DistrictID=2900009&Search=1,none,confirmed,,"NCES-listed DYS residential unit on the Fort Bellefontaine campus complex (13311 Bellefontaine Rd; 1 treatment group, 14 students, grades 6-12, 2024-25 CCD). SEED OPERATOR ERROR: seed says Hazelwood School District; actually Missouri Division of Youth Services. Named for Meriwether Lewis, who established the original Cantonment Belle Fontaine nearby in 1805 — inferred, not cited. Opening date not documented online. Very low yearbook probability.",individual_school,in_scope
ALL-474,Spanish Lake Campus,Spanish Lake School; Spanish Lake Campus,63138,Missouri Division of Youth Services (Dept. of Social Services),State juvenile residential facility school (grades 6-12),unknown,unknown,,n/a,confirmed,https://nces.ed.gov/ccd/schoolsearch/school_list.asp?DistrictID=2900009&Search=1,none,confirmed,,"NCES-listed DYS 'moderate care' residential unit on the Fort Bellefontaine campus complex (13312 Bellefontaine Rd; 2 treatment groups per DYS FY2019 budget book; 0 students reported in 2024-25 CCD — unit may be paused/inactive). SEED OPERATOR ERROR: seed says Hazelwood School District; actually Missouri Division of Youth Services. Named for the surrounding Spanish Lake community — inferred, not cited. Opening date not documented online. Very low yearbook probability.",individual_school,in_scope
ALL-475,Twin Rivers,Twin Rivers School; Twin Rivers Campus,63138,Missouri Division of Youth Services (Dept. of Social Services),State juvenile residential facility school (grades 6-12),unknown,unknown,,n/a,confirmed,https://nces.ed.gov/ccd/schoolsearch/school_list.asp?DistrictID=2900009&Search=1,none,confirmed,,"NCES-listed DYS 'moderate care' residential unit on the Fort Bellefontaine campus complex (13316 Bellefontaine Rd; 2 treatment groups, 10 students, grades 6-12, 2024-25 CCD). SEED OPERATOR ERROR: seed says Hazelwood School District; actually Missouri Division of Youth Services. Presumably named for the nearby Missouri/Mississippi river confluence — inferred, not cited. Opening date not documented online. Very low yearbook probability.",individual_school,in_scope
ALL-476,Hazelwood Opportunity Center,Hazelwood Opportunity Center; HOC,63138,Hazelwood School District,Public Alternative,unknown,unknown,,n/a,confirmed,https://hoc.hazelwoodschools.org/,none,confirmed,,"Currently operating HSD alternative-education center at 1865 Dunn Rd (official site lists Success Academy, Project Restart, Finish Line, and MO-OPS programs; an assistant principal has been in place since 2017, so the program predates 2017, but no founding date is published). The building itself is the original 1954 Hazelwood High School (see ALL-459 in another batch) and served as the Hazelwood Central High School Dunn Road campus until ~1977 (ALL-460) before being repurposed for district programs. Opening date of the Opportunity Center program itself not found online; school-program timeline could be confirmed via HSD administrative records. Recommend human follow-up with the district if the exact program start year matters.",individual_school,in_scope
ALL-477,St. Louis County School for Handicapped Children,St. Louis County School for Handicapped Children; Special District for the Education and Training of Handicapped Children (St. Louis County),63138,Special School District of St. Louis County / St. Louis County,Special Education,1957,probable,https://www.ssdmo.org/our-story,n/a,probable,https://www.ssdmo.org/our-story,none,probable,https://www.ssdmo.org/our-story,"Seed's '1950s' refined: the entity this row almost certainly refers to is the countywide special-education district formally named the 'Special District for the Education and Training of Handicapped Children in St. Louis County' (per the Frank Ackerman Papers finding aid, SHSMO C3443) — today's Special School District of St. Louis County (SSD). SSD was established by voter referendum in December 1957 and began educating students in 1958; a Sept 5, 1958 St. Louis Post-Dispatch article ('Plans for School of Handicapped') covered its first purpose-built school, opened October 1961 as the Frank Ackerman School in Florissant (see ALL-478 in another batch) — matching the seed's 'Ackerman School predecessor' note. SSD continues operating today (Ackerman, Northview, Litzsinger, Neuwoehner, Southview schools). Before SSD, county children with disabilities were served by private programs such as the St. Louis Society for Crippled Children's Home Teaching Program (1938-mid-1950s, SHSMO LifeBridge Partnership records S0280). UNRESOLVED: the seed name could also denote a single physical school building rather than the district — the two interpretations can't be fully separated online, hence entity_type ambiguous_unresolved rather than administrative_district_only. If the district reading is correct this row should be treated as administrative_district_only: its yearbook-relevant member schools are Ackerman School and Northview High School (both in this seed dataset, serving the Hazelwood/Ferguson-Florissant/Jennings/Riverview Gardens area), plus Litzsinger, Neuwoehner and Southview elsewhere in the county.",ambiguous_unresolved,in_scope
ALL-482,Our Lady of Good Counsel School,Our Lady of Good Counsel School; Our Lady of Good Counsel Parish School,63138,Our Lady of Good Counsel Parish / Archdiocese of St. Louis,Parochial Elementary,1951,probable,https://stlgs.org/closed-catholic-churches,2005,probable,https://www.stlpr.org/other/2005-05-08/burke-gives-new-names-to-consolidated-parishes-schools,unknown,probable,,"Parish chronology well documented: Our Lady of Good Counsel parish sat at 1114 Destrehan in the City of St. Louis 1894-1950, then relocated to Bellefontaine Neighbors (1100-1160 St. Cyr Rd) in 1951 per the St. Louis Genealogical Society closed-churches list; parishioner accounts confirm the school (K-8) was operating by 1954, so the school likely opened with or shortly after the parish relocation. In the 2005 archdiocesan consolidation the parish was suppressed and its territory merged with Corpus Christi, St. Pius X, St. Catherine of Alexandria, St. Jerome and part of St. Christopher into the new Holy Name of Jesus Parish at the former St. Jerome site (10235 Ashbrook Dr); parish schools were consolidated at the same time, so the OLGC school's records/students most likely passed to Holy Name of Jesus School (no seed row — left successor_school_id 'unknown' pending a matching row in another batch). Seed's '1950s' opening narrows to 1951 (probable).",individual_school,in_scope
ALL-483,St. Jerome School,St. Jerome Catholic School; St. Jerome School (Bellefontaine Neighbors),63138,St. Jerome Parish / Archdiocese of St. Louis,Parochial Elementary,1954,confirmed,https://stlouisco.civicweb.net/document/75059/,2005,probable,https://public.files.capacity.com/b74c60b2-5d6b-4369-ae6a-8eed6e9bbb22/09dac8fb-8710-4c74-96a7-fe9c940e9898,unknown,probable,,"A St. Louis County Council resolution honoring St. Jerome Parish gives exact dates: parish founded March 17, 1952 (first mass August 31, 1952 in the rectory basement chapel on Chambers Road); 'St. Jerome School was opened in November, 1954 with 511 students enrolled'; the new church building at 10235 Ashbrook Dr, Bellefontaine Neighbors, opened May 21, 1961. Parish suppressed in the 2005 archdiocesan consolidation — its territory merged into the new Holy Name of Jesus Parish, located at the former St. Jerome site, so the school plant most likely continued as Holy Name of Jesus School (no seed row for that school — successor recorded 'unknown'). School-specific closing year is probable 2005 (parish merger year); not independently verified.",individual_school,in_scope
ALL-484,Grace Lutheran School,Grace Lutheran School; Grace Chapel Lutheran School; Grace Lutheran Chapel School,63138,Grace Lutheran Chapel congregation (LCMS),Private Lutheran School,1955,confirmed,http://www.gracechapelstl.com/grace_history.htm,n/a,confirmed,https://www.gracechapelstl.org/,none,confirmed,,"Resolved seed's '1950s': the congregation's own history page documents that members of Grace Lutheran Church of St. Louis bought the 4.5-acre site at Hwy 367 & Chambers Road in March 1953, broke ground August 1954, and opened the Christian Day School in the chapel's ground floor in September 1955 with two teachers covering K-4. School remains open today as Grace Chapel Lutheran School (accredited by Missouri Non-Public School Accreditation Association and National Lutheran School Accreditation) at 10015 Lance Drive, Bellefontaine Neighbors, MO 63137.",individual_school,in_scope
ALL-485,Stormin Academy,Storman Academy; Storman-Stufflin School; Storman Lions Leadership Academy; Storman-Lyons Leadership Academy,63138,"Private (Storman-Stufflin, Inc.)",Private School,1981,confirmed,https://www.stlamerican.com/salute-to-excellence/education-gala/eight-excellent-educators/,n/a,probable,https://nces.ed.gov/surveys/pss/privateschoolsearch/school_list.asp?ID=A9502622&Miles=15&Search=1&Zip=63137,none,probable,,"SEED NAME FLAG: 'Stormin Academy' is a misspelling — the real school is Storman Academy (also styled Storman-Stufflin School), which the City of Bellefontaine Neighbors' own history document spells 'Stormin Academy' (the likely source of the seed's spelling). Founded by Jacqueline Storman Turnage: doors opened September 7, 1981; she is described by the St. Louis American as headmistress of 'the first black-owned, non-sectarian and independent private school in the state of Missouri,' honored at the paper's 2012 Salute to Excellence gala and by a St. Louis County Council resolution. A private PK-8 school off Bellefontaine Road (historical addresses 1826 Chambers Rd and 10600 Bellefontaine Rd; currently listed at 10014 Diamond Dr). Still operating as Storman Lions Leadership Academy per the NCES Private School Universe Survey directory (~45 students, PK-8).",individual_school,in_scope
ALL-488,Riverview Gardens School District,Riverview Gardens School District; Science Hill School District #20 (predecessor); Riverview Gardens School District R-II,63138,Riverview Gardens School District,Public School District,1927,probable,https://riverviewgardens1969.myevent.com/rghstory1,n/a,confirmed,https://www.rgsd.k12.mo.us/,none,confirmed,,"ADMINISTRATIVE DISTRICT — no yearbook of its own; member schools are the research targets. Per the detailed alumni-written district history (riverviewgardens1969.myevent.com): the district grew out of Science Hill School District #20 (a one-room frame school on the Gibson estate, then a 1926 two-story brick building at 805 Chambers Rd) and took the 'Riverview Gardens' name around the founding of Riverview Gardens High School in 1927 — opened_year uses 1927 as probable. Its modern boundaries were fixed in 1949 when the neighboring Moline School District #19 was annexed. District lost accreditation ~2013 and has been run by a state-appointed Special Administrative Board (STLPR, May 2010 onward); still operating ~13 schools today per rgsd.k12.mo.us and Wikipedia. Member schools include Riverview Gardens Senior High School, R. G. Central Middle School, and elementaries Danforth, Gibson, Glasgow Trails, Highland, Koch, Leamasters, Lewis and Clark, Meadows, Moline and Westview; historically also Science Hill/East Junior High, Riverview Elementary (Diamond Dr, 1926), and Turner School (Prospect Hill, the district's Black school until 1955 desegregation).",administrative_district_only,in_scope
ALL-489,Hazelwood School District,Hazelwood School District; Hazelwood R-1 School District,63138,Hazelwood School District,Public School District,1949,confirmed,https://flovalleynews.com/?p=22924,n/a,confirmed,https://www.hazelwoodschools.org/,none,confirmed,,"ADMINISTRATIVE DISTRICT — no yearbook of its own; member schools are the research targets. Founded December 10, 1949 (district's own 70th-anniversary materials, Flo Valley News) — created by consolidating thirteen rural school districts between 1949 and 1951 per the pre-trial stipulation in United States v. Hazelwood School District, 392 F.Supp. 1276 (E.D. Mo. 1975); the Hazelwood R-1 reorganization was approved in the countywide October 1951 consolidation vote (PRiME Center, St. Louis University). At formation it maintained eight schools (811 students). The thirteen predecessor rural districts named elsewhere in this seed dataset include Brown, Cold Water, Prigge/Larimore, Hyatt, Elm Grove, Pea Ridge, Columbia Bottom, Vossenkemper, Black Jack, Twillman and Melrose (see ALL-023..031, ALL-068..075, ALL-249..255 rows). Second-largest district in St. Louis County (~78 sq mi); still operating (Hazelwood Central, Hazelwood East, Hazelwood West high schools plus elementary/middle schools).",administrative_district_only,in_scope
ALL-490,Hazelwood School District - Spanish Lake Schools,Spanish Lake/Hazelwood schools,63138,Hazelwood School District,Public School District,1949,probable,https://flovalleynews.com/?p=22924,n/a,confirmed,https://www.hazelwoodschools.org/,none,confirmed,,"ADMINISTRATIVE UMBRELLA — this is not a legal district or a single school; it is a grouping of Hazelwood School District campuses in the Spanish Lake/63138 area (HSD itself founded Dec 1949 — dates mirror ALL-489). Yearbook-relevant member schools in the Spanish Lake area include: Twillman Elementary (ALL-465/533), Larimore Elementary (ALL-464/534), Arrowpoint Elementary (ALL-468), East Middle School (ALL-461), Southeast Middle School (ALL-463), Hazelwood East High School (ALL-456/519/532, opened 1974), plus district program campuses in 63138 — Spanish Lake Campus (ALL-474), Discovery Hall (ALL-471), Bissell Hall (ALL-472), Lewis and Clark Hall (ALL-473), Twin Rivers (ALL-475), Fort Bellefontaine Campus (ALL-469) and Hazelwood Opportunity Center (ALL-476). Treat all archival searching at the member-school level.",administrative_district_only,in_scope
ALL-491,Bellefontaine Neighbors School,Bellefontaine Neighbors School; Science Hill School; Science Hill School District #20 school; East Junior High School (later building identity),63138,Science Hill District #20 / Riverview Gardens School District,Public Elementary,1926,probable,https://riverviewgardens1969.myevent.com/rghstory1,1957,probable,https://riverviewgardens1969.myevent.com/rghstory2ep5ace,ALL-486,probable,https://riverviewgardens1969.myevent.com/rghstory2ep5ace,"IDENTITY RESOLVED (probable): the unnamed 'one public school' inside Bellefontaine Neighbors at its June 1950 incorporation was the Riverview Gardens district's school at 805 Chambers Road — the alumni district history states explicitly that 'Riverview Gardens High School and Junior High School were located at 805 Chambers Road within the city limits of Bellefontaine Neighbors.' That building was constructed in 1926 as the new Science Hill (District #20) school, initially grades 1-8 and by ~1949 grades 7-12 including the high school founded there in 1927; when RGHS moved to the new Shepley Drive campus in September 1957 the Chambers Road building continued as East Junior High. closed_year 1957 reflects the building's transition out of its high-school role (probable), NOT demolition. Successor recorded as ALL-486 (Riverview Gardens Senior High School, another batch) as the continuation of its secondary-school identity. SEED FLAG: this row substantially duplicates ALL-492 'Bellefontaine Neighbors Public School' (same unnamed referent) — kept separate per no-silent-merge rule but a merge should be considered; also functionally overlaps the RGHS campus rows (ALL-486/487).",individual_school,in_scope
ALL-493,Gibson Elementary School,Gibson School; Gibson Elementary,63138,Riverview Gardens School District,Public Elementary,1953,probable,https://riverviewgardens1969.myevent.com/rghstory2ep4,n/a,confirmed,https://www.rgsd.k12.mo.us/o/ges,none,confirmed,,"Seed's '1950s' resolved: Gibson Elementary opened in the fall of 1953 on land donated by heirs of the Dr. James E. Gibson estate (alumni-written RGSD history — informal but specific, hence probable). Currently operating at 9926 Fonda Drive, Bellefontaine Neighbors — its own RGSD school page is live and the City of Bellefontaine Neighbors schools page lists it. NOTE: mailing ZIP is 63137, not 63138 as the seed suggests (seed ZIP reflects the community, not the postal address).",individual_school,in_scope
ALL-494,Danforth Elementary School,Danforth School; Danforth Elementary,63138,Riverview Gardens School District,Public Elementary,1956,probable,https://spotonmissouri.com/st-louis-metro/2695847/closed-elementary-school-in.html,2026,confirmed,https://www.rgsd.k12.mo.us/article/2285753/,none,probable,https://www.rgsd.k12.mo.us/article/2949559,"Seed's 'Current/Historical' is now dated: on June 24, 2025 the RGSD Board of Education approved closing Danforth Elementary at the end of the 2025-26 school year following a demographic study (enrollment ~274-325, building needed ~$3.5M in repairs incl. ADA issues); a 'Danforth Farewell Tour' ran June 4, 2026, and the ~70-year-old building (hence opened ~1956, probable) is being repurposed as a community center. Students are redistributed to other RGSD elementaries (Lewis and Clark, Glasgow Trails, Highland per the redistricting plan) — no single successor school, hence 'none'. Address 1111 St. Cyr Rd, St. Louis MO 63137 — mailing ZIP is 63137, not the seed's 63138.",individual_school,in_scope
ALL-495,Fort Bellefontaine Military Reservation School,Bellefontaine Farms school; Missouri Hills Home for Boys school; Fort Bellefontaine Campus (current),63138,City of St. Louis (1913-1986) / Missouri Division of Youth Services (1986-present),Institutional/State School,1913,probable,https://www.fortwiki.com/Fort_Bellefontaine,n/a,probable,https://en.wikipedia.org/wiki/Fort_Belle_Fontaine_County_Park,ALL-469,probable,https://allk12.com/schools/missouri/fort-bellefontaine-campus-st-louis,"SEED FLAG: 'closed 1834' describes the military post, not a school — no evidence a school operated on the active reservation (Fort Bellefontaine's second site was vacated when troops moved to Jefferson Barracks in 1826; the City of Bellefontaine Neighbors' history doc says abandoned 1834). The educational lineage actually begins in 1913, when the City of St. Louis acquired the old fort property at 13290 Bellefontaine Rd and built a detention home and training school for boys there ('Bellefontaine Farms' / Missouri Hills Home for Boys — WPA-era buildings and the Grand Staircase date to the 1930s). St. Louis County took over most of the property in 1986; it is now the Missouri Hills campus of the Missouri Division of Youth Services, whose on-site school is 'Fort Bellefontaine Campus' (DYS, grades 6-12, ~12-20 students) — the same entity as seed rows ALL-469/ALL-470, recorded as the probable successor. opened_year 1913 marks the start of schooling on the site (probable); no yearbook-producing conventional school ever existed under the 'military reservation school' name.",individual_school,in_scope
ALL-497,Kinloch High School - Original Campus,Kinloch High School; Kinloch Senior High School,63140,Kinloch School District (No. 18) / Ferguson-Florissant R-II (after 1975),Public High School,1937,probable,https://en.wikipedia.org/wiki/Kinloch_High_School,1976,confirmed,https://en.wikipedia.org/wiki/Kinloch_High_School,ALL-378,probable,https://law.resource.org/pub/us/case/reporter/F2/515/515.F2d.1365.75-1073.75-1064.75-1051.html,"Seed's 1937/1976 largely confirmed. Kinloch's Black high-school program began in 1936 inside Dunbar elementary (see ALL-394/395) while the WPA-funded dedicated high school building was constructed — Wikipedia dates the school as founded 1936, the dedicated campus is the 1937 referent of this seed row ('Original Campus'). Context: Berkeley was incorporated in 1937 to carve the district's white students into a separate Berkeley School District, leaving Kinloch an all-Black segregated district. The district was annexed into Ferguson-Florissant R-II under the federal desegregation order in United States v. State of Missouri, 388 F. Supp. 1058 (E.D. Mo. 1975), affirmed 515 F.2d 1365 (8th Cir. 1975) — effective the 1975-76 school year; the plan terminated use of three Kinloch school facilities, and Kinloch High School closed in 1976 (its students were absorbed by Ferguson-Florissant schools, principally neighboring Berkeley High School — recorded as probable successor via row ALL-378). SEED FLAG: this row substantially overlaps ALL-393 and ALL-496 ('Kinloch High School' rows in other ZIPs) — kept separate per no-silent-merge rule; a coordinator-level merge should be considered.",individual_school,in_scope
ALL-508,Kinloch Elementary School,Kinloch Elementary; Kinloch School,63140,Kinloch School District (No. 18) / Ferguson-Florissant R-II (after 1975),Public Elementary,1902,probable,https://ig.stlouiscountymo.gov/st-louis-county-departments/parks/about-us/historic-buildings-commission/st-louis-county-historic-buildings-inventory-sorted-by-city-and-street-address/,1975,probable,https://law.resource.org/pub/us/case/reporter/F2/515/515.F2d.1365.75-1073.75-1064.75-1051.html,unknown,unknown,,"SEED FLAG: the seed treats 'Kinloch Elementary' as a generic/umbrella name, but it was a real, distinct school — the St. Louis County Historic Buildings Inventory lists 'Kinloch Elementary School' at 5924 Hancock Avenue, constructed 1902-03 (architect G. E. Reid), later in business use; the St. Louis County Library's Kinloch local-history index references its cornerstone, and the 1975 federal desegregation order (US v. State of Missouri) names 'Kinloch Elementary' as a Kinloch District school to which lower elementary grades could be assigned — so do NOT conflate it with Dunbar School (ALL-395), the district's separate school for Black children (1913-1967). opened_year 1902 (probable; building date, coinciding with the district's 1902 creation). The district was annexed into Ferguson-Florissant R-II effective the 1975-76 school year; the court plan contemplated possibly keeping Kinloch Elementary open for lower grades, but the building eventually left school use — final closure year is unverified, so 1975 (seed's value, the annexation year) is recorded as probable. Successor: students absorbed into Ferguson-Florissant elementary schools; no single named successor found.",individual_school,in_scope
ALL-510,Kinloch School,Kinloch School; Dunbar Elementary School (probable referent); Paul Laurence Dunbar Elementary,63140,"Kinloch School District (until Feb 1, 1975); Ferguson-Florissant School District thereafter",Public Elementary,1913,probable,https://www.stlrealtors.com/blog/2024/01/30/inclusion/kinloch-the-history-of-missouri-s-first-black-city/,1975,confirmed,http://files.shsmo.org/manuscripts/saint-louis/S0638.pdf,unknown,confirmed,https://law.justia.com/cases/federal/district-courts/FSupp/388/1058/2313211/,"PROBABLE IDENTITY RESOLVED: the seed's generic 'Kinloch School' with closed=1975 almost certainly refers to Paul Laurence Dunbar Elementary, the first school for Black children in Kinloch — the only Kinloch school that closed in 1975. St. Louis REALTORS and the St. Louis Black Heritage Network date its opening to 1913; the State Historical Society of Missouri's Kinloch Photograph Collection finding aid (S0638) gives 1914-1975, so the open year is kept at 'probable' pending a primary source. Dunbar 'holds the record as the longest-operated school for blacks only' (Wikipedia/Kinloch, citing Kinloch histories). Closing mechanism is confirmed: in United States v. State of Missouri, 388 F. Supp. 1058 (E.D. Mo. 1975), the federal court ordered the Kinloch School District annexed to the Ferguson Reorganized School District R-2 (Ferguson-Florissant), effective February 1, 1975 — affirmed at 515 F.2d 1365 (8th Cir. 1975). Successor is therefore the Ferguson-Florissant School District at the district level (no matching school_id in dataset; its own rows appear in other batches). Other Kinloch schools for context, not this row: Vernon School (1927-1967) and Kinloch High School (opened 1936; separate rows ALL-393/ALL-497 in the dataset).",individual_school,in_scope
ALL-513,St. John the Baptist School,St. John the Baptist Catholic School; St. John the Baptist Elementary School,63140,Archdiocese of St. Louis,Parochial Elementary,1914,probable,https://stjohnthebaptiststl.wordpress.com/our-parish/history/,2014,confirmed,https://www.stlmag.com/As-Two-City-Catholic-Schools-Face-Their-Final-Days-Parochial-Concerns-Hinder-Solutions-For-Others/,unknown,unknown,,"SURPRISE / LIKELY SEED LOCATION ERROR: no 'St. John the Baptist' parish or school is documented anywhere in the Kinloch/Florissant (north St. Louis County) area. The only Archdiocese of St. Louis school by this exact name is St. John the Baptist School at 5021 Adkins Ave, St. Louis 63116 (Bevo Mill, south city): parish organized Dec 30, 1913; elementary school opened September 1914 (parish history site); parish high school 1922-2008; grade school closed May 2014 (parish history, St. Louis Magazine, Post-Dispatch coverage). Values above describe that documented school. Alternative referents: (a) St. John the Baptist 'Gildehaus' School, Villa Ridge MO 63089, founded 1839, still open but far outside St. Louis County; (b) the actual Kinloch Catholic school the seed may have intended was Our Lady of the Angels Elementary (Holy Angels/Our Lady of the Angels Parish, 8122 Scott St., Kinloch, 1931-2002 per the St. Louis Genealogical Society closed-churches list — a separate real school that may merit its own row). Successor unknown: students dispersed to neighboring south-city parish schools.",individual_school,in_scope
ALL-522,Special School District of St. Louis County,Special School District of St. Louis County; SSD,63140,Special School District of St. Louis County (SSD),Public Special Education (countywide district),1957,confirmed,https://www.ssdmo.org/our-story,n/a,confirmed,https://www.ssdmo.org/our-story,none,confirmed,,"ADMINISTRATIVE DISTRICT — multi-school countywide district, not a single yearbook-producing building. Per SSD's own 'Our Story' page: formed December 1957 by voter referendum creating a countywide special-education district with its own tax levy; began educating students 1958; opened its first dedicated school, Ackerman School (Florissant), in 1961; added career/technical education in the mid-1960s. Member/yearbook-producing schools (per SSD enrollment docs and Wikipedia): Ackerman School (Florissant), Litzsinger School (Ladue), Neuwoehner High School (Town and Country), Northview High School (Florissant), Southview School (Sunset Hills, elementary + HS programs), North Technical High School (Florissant), South Technical High School (Sunset Hills). Track B should redirect to these member schools, not this row. District remains operating.",administrative_district_only,in_scope
ALL-527,Lambert-St. Louis International Airport Schools,Lambert Airport School; Airport school facilities,63145,St. Louis County / Lambert Airport (per seed),Military/Industrial School (per seed),unknown,unknown,,unknown,unknown,,unknown,unknown,,"LIKELY PHANTOM / UNRESOLVED LEAD: found no evidence any conventional school named 'Lambert Airport School' or on-airport school facility ever existed. The airfield began as Kinloch Airfield (leased by Albert Bond Lambert 1920, sold to the City of St. Louis 1928) per the City of St. Louis airport centennial page and flystl.com history; no school appears in the airport's documented history. Searched for schools serving airport employees' children and military-family schooling at Lambert — nothing found. The seed itself flags this as a research lead, not a confirmed school. Real entities it may be gesturing at: the Kinloch Park/Kinloch schools adjoining the airfield (Dunbar Elementary — see ALL-510 — Vernon School, Kinloch High School) and the Berkeley School District, whose residential tax base was repeatedly taken for runway expansion. Recommend collapsing this lead into ALL-549's airport-community placeholder rather than treating it as a school.",ambiguous_unresolved,unknown_insufficient_data
ALL-544,Saint Louis University,St. Louis University; Saint Louis Academy; Saint Louis College,63145,"Saint Louis University (private, Jesuit)",Private University,1818,confirmed,https://www.slu.edu/timeline/index.php,n/a,confirmed,https://www.slu.edu/about/history/index.php,none,confirmed,,"Seed's 1818 confirmed by SLU's official timeline: Saint Louis Academy (later Saint Louis College) founded November 1818 at Bishop Louis DuBourg's request — first institution of higher learning west of the Mississippi; state charter as Saint Louis University granted 1832; Jesuits assumed operation 1826. Currently operating. Note: actual campus ZIP is 63103/63108 (midtown St. Louis city); seed's 63145 reflects 'served community' inclusion, not location.",individual_school,in_scope
ALL-546,Washington University in St. Louis,Washington University; Eliot Seminary; Washington Institute,63145,Washington University (private),Private University,1853,confirmed,https://washu.edu/about-washu/history-and-traditions/,n/a,confirmed,https://washu.edu/about-washu/history-and-traditions/,none,confirmed,,"Seed's 1853 confirmed by the university's own history page: charter for 'Eliot Seminary' drafted by State Sen. Wayman Crow and signed into law February 22, 1853; renamed to remove sectarian implication; inauguration ceremonies held April 22, 1857 (WashU Libraries). Currently operating. Actual campus ZIP is 63130 (Danforth Campus); seed's 63145 reflects 'served community' inclusion.",individual_school,in_scope
ALL-547,Lindenwood University,Lindenwood College; Lindenwood School for Girls; Linden Wood School for Girls,63145,Lindenwood University (private),Private University,1832,confirmed,https://www.lindenwood.edu/about/news/details/university-founding-year-identified-as-1832/,n/a,confirmed,https://www.lindenwood.edu/about/founding-year/,none,confirmed,,"SURPRISE / SEED DATE SUPERSEDED: seed lists 1827, the traditional founding year used since the 1920s (Reminiscences of Lindenwood College, 1920). Lindenwood's Board of Trustees unanimously adopted 1832 in February 2023 after primary-source review (Sibley correspondence and Mary Sibley's 1833 diary entry: 'I started the school in 1832'; the Sibleys did not reach St. Charles until May 1828). The university completed its official transition to 1832 branding by July 1, 2024. Recorded here at the corrected 1832. Located in St. Charles MO 63301 — well outside the RECA ZIP set; included by 'served community' only. Currently operating.",individual_school,in_scope
ALL-548,St. Louis County School Districts - Airport Area,Airport-area school attendance boundaries,63145,Multiple (per seed),School District Boundary (per seed),unknown,unknown,,unknown,unknown,,none,unknown,,"NOT A SCHOOL — the seed itself instructs 'Do not treat this as a school. Placeholder for boundary research.' Classified administrative_district_only so Track B skips it. The boundary churn the seed references is real: Lambert expansion and FAA noise-abatement buyouts repeatedly took residential land from the Kinloch, Berkeley, Pattonville, Hazelwood, and Ferguson-Florissant districts, and the 1975 federal desegregation order (388 F. Supp. 1058) redrew boundaries by annexing Kinloch SD and Berkeley SD into Ferguson-Florissant R-2 effective February 1, 1975. Any research this row was meant to trigger should be routed to the individual schools of those districts.",administrative_district_only,unknown_insufficient_data
ALL-549,Lambert Airport Residential Community Schools,Lambert Airport neighborhood schools,63145,Multiple districts (per seed),Public/Parochial (per seed),unknown,unknown,,unknown,unknown,,none,unknown,,"NOT A SCHOOL — placeholder per seed notes ('Placeholder for schools whose historical addresses disappeared or whose attendance boundaries changed after airport expansion'). Classified administrative_district_only so Track B skips it and redirects to member schools. Schools/entities this placeholder most plausibly covers, from the documented Lambert-adjacent communities (Kinloch, Berkeley, Bridgeton, Robertson, Edmundson, Woodson Terrace): Dunbar Elementary (ALL-510, 1913-1975), Vernon School (Kinloch, 1927-1967), Kinloch High School (opened 1936 — ALL-393/ALL-497 elsewhere in dataset), Our Lady of the Angels Elementary (Kinloch, 1931-2002), Berkeley High School (closed 2004, replaced by McCluer South-Berkeley HS), and Pattonville R-3 schools lost to runway buyouts in Bridgeton. Ritenour also serves Edmundson/Woodson Terrace. Recommend a human dedupe pass mapping this placeholder to concrete rows.",administrative_district_only,unknown_insufficient_data
ALL-562,Francis Howell High School,Francis Howell High; Howell High; Francis Howell Institute,63304,Francis Howell R-III School District,Public High School,1881,confirmed,https://www.fhsdschools.org/about,n/a,confirmed,https://fhhs.fhsdschools.org/,none,confirmed,,"Seed's 1881 confirmed via the district's official history: Francis Howell Institute opened September 12, 1881 in Howell's Prairie; Consolidated School District No. 2 of St. Charles County organized May 8, 1915; the renamed Francis Howell High School — 'a continuation of Francis Howell Institute' — held its first day September 6, 1915 (dedicated Feb 15, 1916 per Wikipedia). Recorded as a continuous 1881 lineage per the district's own framing. Remained the district's only high school until Francis Howell North opened 1986 (fhctoday.com). Yearbook: Howelltonian. Currently operating at 7001 Hwy 94 S.",individual_school,in_scope
ALL-564,Francis Howell Central High School,Francis Howell Central; Howell Central; FHC,63304,Francis Howell R-III School District,Public High School,1997,confirmed,https://fhctoday.com/39843/showcase/chronicling-persistence/,n/a,confirmed,https://fhc.fhsdschools.org/,none,confirmed,,"SURPRISE / SEED DATE CORRECTED: seed lists 1987; actual opening day was August 21, 1997 — confirmed by FHC's own student-publication anniversary issue and the district's About-page timeline ('Francis Howell Central ... open (1997)'). It was the district's third high school, after FHHS (1881) and Francis Howell North (1986); opened with only freshmen and sophomores (Classes of 2000 and 2001). Located at 5199 Hwy N, Cottleville (mailing address St. Charles 63304). Currently operating.",individual_school,in_scope
ALL-565,Francis Howell Middle School,Francis Howell Middle; FHMS; Francis Howell Junior High (unverified alias),63304,Francis Howell R-III School District,Public Middle School,1992,confirmed,https://www.fhsdschools.org/about,n/a,confirmed,https://fhms.fhsdschools.org/,none,confirmed,,Resolved seed's unknown opening: district About-page timeline records 'Francis Howell Middle School opens (1992)'; the school's own handbook describes celebrating 'our 35th year' (consistent with a 1992 opening). publicschoolreview.com lists 1991 — the usual NCES-derived off-by-one; district record preferred. Located at 825 O'Fallon Rd. Note: the seed's 'Francis Howell Junior High' historical name is UNVERIFIED — the school appears to have been founded as a middle school in 1992 (middle-school concept already used by the district); retained as a search alias only.,individual_school,in_scope
ALL-566,Bryan Middle School,Bryan Middle; Bryan Junior High School (unverified alias),63304,Francis Howell R-III School District,Public Middle School,1998,confirmed,https://www.fhsdschools.org/about,n/a,confirmed,https://bryan.fhsdschools.org/,none,confirmed,,Resolved seed's unknown opening: district About-page timeline records 'Bryan Middle School opens (1998)'. Located at 605 Independence Rd. Currently operating. Seed's 'Bryan Junior High School' historical name is unverified — school appears to have opened under the Middle School name; retained as a search alias only.,individual_school,in_scope
ALL-567,Hollenbeck Middle School,Hollenbeck Middle; Hollenbeck Junior High (unverified alias),63304,Francis Howell R-III School District,Public Middle School,1970,confirmed,https://www.fhsdschools.org/about,n/a,confirmed,https://hollenbeck.fhsdschools.org/,none,confirmed,,Resolved seed's unknown opening: district About-page timeline records 'Hollenbeck Middle School opens (1970)' — the oldest of the district's current middle schools and the only one in this batch predating the district's 1990s growth wave. Located at 4555 Central School Rd. Currently operating. Seed's 'Hollenbeck Junior High' historical name is unverified; retained as a search alias only (a 1970 opening makes a junior-high-era name plausible but no source confirmed it).,individual_school,in_scope
ALL-568,Saeger Middle School,Saeger Middle; Saeger Junior High (unverified alias); Seager Middle School (district-page spelling variant),63304,Francis Howell R-III School District,Public Middle School,1996,confirmed,https://www.fhsdschools.org/about,n/a,confirmed,https://saeger.fhsdschools.org/,none,confirmed,,"Resolved seed's unknown opening: district About-page timeline records 'Seager Middle School opens (1996)' — the district timeline spells it 'Seager' but the school's own site and all district school listings use 'Saeger'; recorded under Saeger per the school's own branding (saeger.fhsdschools.org). Located at 5201 Hwy N, Cottleville (mailing St. Charles 63304). Currently operating. Seed's 'Saeger Junior High' historical name is unverified; retained as a search alias only.",individual_school,in_scope
ALL-569,Castlio Elementary School,Castlio School,63304,Francis Howell R-III School District,Public Elementary,1981,confirmed,https://www.fhsdschools.org/about,n/a,confirmed,https://castlio.fhsdschools.org/,none,confirmed,,"Confirmed: Castlio Elementary opened in 1981 (FHSD history timeline says 'Castlio Elementary opens (1981, July)'; the school's own parent handbook adds it opened with 500 students in grades K-6 and doubled in size for the 1989-90 year). Named for Hiram Beverly Castlio, nephew of district founder Francis Howell. Currently operating at 1020 Dingledine Rd. Unrelated earlier history: a mid-19th-century Castlio-area school (land sold for a school in 1857, burned during the Civil War) existed nearby per the 'Just a Walk Down the Road' local history blog — a different institution, not this building's opening date.",individual_school,in_scope
ALL-571,Independence Elementary School,"Independence School; Independent School (1885-1941, predecessor site)",63304,Francis Howell R-III School District,Public Elementary,1999,confirmed,https://resources.finalsite.net/images/v1695239558/fhsdschoolsorg/uy3udt0ttii6natzze2x/Independence-Elementary-Handbook.pdf,n/a,confirmed,https://independence.fhsdschools.org/,none,confirmed,,"Confirmed: opened March 18, 1999 as FHSD's ninth elementary school (name approved by the Board of Education that evening), per the school's own handbook; also on the FHSD history timeline ('Independence Elementary opens (1999)') and publicschoolreview ('Year Founded 1999'). Currently operating at 4800 Meadows Parkway. Name lineage note from the same handbook: a one-room 'Independent School' opened 1885 nearby and ran until May 1941, when it voted to join Consolidated School District No. 2; the original brick schoolhouse survives on Independence Road. That earlier school is a predecessor in name/location, not the same institution opened in 1999.",individual_school,in_scope
ALL-572,Westwood Trail Academy,Westwood Trail School,63304,Francis Howell R-III School District,Public Alternative,2019,confirmed,https://www.fhsdschools.org/about,n/a,confirmed,https://westwood.fhsdschools.org/,none,confirmed,,"Confirmed: FHSD history timeline lists 'Westwood Trail Academy opens (2019)'. District-run alternative school for students with significant emotional/behavioral diagnoses, entered via IEP referral, grades roughly 2-12 (publicschoolreview). Currently operating at 810 Westwood Industrial Park Dr, Weldon Spring. NCES teacher counts go back to ~2006 under a predecessor program/record, but 2019 is the documented opening of the academy itself.",individual_school,in_scope
ALL-573,Early Childhood Family Education Center (Central School Road),ECFEC; Central School Road Early Childhood Center,63304,Francis Howell R-III School District,Public Early Childhood,1993,confirmed,https://www.fhsdschools.org/about,n/a,confirmed,https://resources.finalsite.net/images/v1739292676/fhsdschoolsorg/qbh5jma7sca8smd1ru8o/RFP-Pest-Control.pdf,none,confirmed,,"Confirmed: FHSD history timeline lists 'Central School Road Early Childhood Center opens (1993)'. Still operating — listed as a current district building ('Early Childhood Family Education Center - Central School Road, 4535 Central School Road') in a 2025 district RFP and in NCES/publicschoolreview listings. FHSD operates sister EC centers on Hackmann Road (opened 1997) and Meadows Parkway; this row is specifically the Central School Road site matching the seed's address.",individual_school,in_scope
ALL-575,Messiah Lutheran School,Messiah Lutheran School,63304,Messiah Lutheran Church (Weldon Spring),Private Lutheran,2001,probable,https://www.privateschoolreview.com/messiah-lutheran-school-profile,n/a,confirmed,https://mlslions.org/,none,confirmed,,"privateschoolreview lists 'Year Founded 2001' (its blurb quotes the school's own copy: 'Since 2001, we've partnered with hundreds of families') — probable, not independently confirmed. School is clearly operating (mlslions.org; NAQT lists it active at 5911 S Hwy 94; won a 2013 National Blue Ribbon, the only Missouri private school so honored that year per Patch). Mailing city is Weldon Spring though ZIP is 63304 — consistent with seed.",individual_school,in_scope
ALL-576,St. Cletus School,St. Cletus Parish School,63301,Archdiocese of St. Louis / St. Cletus Parish,Parochial School,1967,probable,https://www.saintcletus.org/uploads/1/4/0/8/140865229/st_cletus_guidebook_ministries.pdf,n/a,confirmed,https://nces.ed.gov/surveys/pss/privateschoolsearch/school_detail.asp?Search=1&Zip=62028&Miles=10&ID=01920515,none,confirmed,,"Parish history (St. Cletus Guide Book): Archbishop Ritter founded the parish in 1965; its first school building was completed within two years (~1967) near Elm & Duchesne but only housed grades 7-8, sharing facilities with neighboring St. Peter parish. After an Archdiocese redistricting placed the site inside St. Peter's boundaries, the parish relocated: groundbreaking at 2705 Zumbehl Rd May 16, 1982, church and school dedicated April 17, 1983, and 'in the fall of 1983, St. Cletus School opened its doors to students from kindergarten through eighth grade.' The school itself claims 'over 50 years'/'six decades' of operation — consistent with the ~1967 origin (privateschoolreview's '1982' is the construction/NCES year). Still open per NCES PSS (2721 Zumbehl Rd) and a 2014 National Blue Ribbon. SURPRISE: actual ZIP is 63301 (St. Charles city), not 63304 as seeded — included for community coverage.",individual_school,in_scope
ALL-577,Immaculate Conception School (Dardenne),Immaculate Conception School; Immaculate Conception of Dardenne Catholic School (ICD),63368,Archdiocese of St. Louis / Immaculate Conception of Dardenne Parish,Parochial School,1881,confirmed,https://www.icdschool.org/,n/a,confirmed,https://nces.ed.gov/surveys/pss/privateschoolsearch/school_detail.asp?ID=00752811&SchoolID=00752811&Search=1,none,confirmed,,"School's own website: 'Since 1881 when Immaculate Conception Dardenne opened its doors to the first students.' Still operating — NCES PSS lists it at 2089 Hanley Rd, Dardenne Prairie MO 63368 (matching the seed's '2089 Hanley Road' — a real address in Dardenne Prairie, not the St. Louis city Hanley Rd as the seed's 'Historical Address' column might suggest). Parish campus is now at 7701 Town Square Ave, Dardenne Prairie; the school may operate there — worth confirming in Track B. SURPRISE: seed ZIP is 63304 but actual ZIP is 63368 — included for community coverage.",individual_school,in_scope
ALL-578,Francis Howell School District,Francis Howell R-III; Consolidated School District No. 2 of St. Charles County (1915-1966),63304,Francis Howell School District,Public School District,1915,confirmed,https://www.fhsdschools.org/about,n/a,confirmed,https://www.fhsdschools.org/about,none,confirmed,,"ADMINISTRATIVE DISTRICT, not a school — the yearbook-producing entities are its member schools. Legal entity is the same one organized May 8, 1915 as Consolidated School District No. 2 of St. Charles County (see ALL-585); renamed 'Francis Howell School District of St. Charles County, Missouri' on March 15, 1966, per the district's own history page, which also states 'founded in 1915.' Currently ~23 campuses / ~17,000 students covering ~150 sq mi of SE St. Charles County. Member schools (from district site): Francis Howell HS (1915), Francis Howell Central HS and Francis Howell Union HS (1997), Francis Howell North HS (1986); Barnwell (1980), Bryan (1998), Hollenbeck (1970), Francis Howell MS (1992), Saeger (1996); Becky-David (1963), Castlio (1981), Central (1942), Daniel Boone (1955), Fairmount (1978), Harvest Ridge (1991), Henderson (1986), Independence (1999), John Weldon (1991), Warren (2000); Westwood Trail Academy (2019); three early-childhood centers (Central School Rd 1993, Hackmann Rd 1997, Meadows Pkwy).",administrative_district_only,in_scope
ALL-579,Fort Zumwalt School District,Fort Zumwalt R-II; Central School District R-II (1949),63304,Fort Zumwalt School District,Public School District,1949,confirmed,https://web.archive.org/web/20070812095313/www.fzschools.org/Html/fzsdhist.htm,n/a,confirmed,https://www.fz.k12.mo.us/,none,confirmed,,"ADMINISTRATIVE DISTRICT, not a school. Per the district's own (archived) history page: under Missouri's 1947 reorganization law, St. Charles County's plan combined 12 small districts into 'Central School District R-II,' approved by voters July 19, 1949; its first high school opened 1960 (the 'Fort Zumwalt' name appears tied to that high school era — exact rename date not found online). Wikipedia agrees 'Established 1949.' Now the largest district in St. Charles County (~18,300 students, 25 schools) serving O'Fallon, St. Peters, Dardenne Prairie, St. Paul, and parts of Wentzville — plus borderline slices of 63304 per the seed. Member high schools: Fort Zumwalt West (1998), South (1987), North, East; see district site for full school list.",administrative_district_only,in_scope
ALL-580,St. Charles Community College,St. Charles County Community College; Junior College District of St. Charles County,63376,St. Charles Community College District,Public Community College,1986,confirmed,https://www.stchas.edu/who-we-are/fast-facts.php,n/a,confirmed,https://www.stchas.edu/,none,confirmed,,"Seed's '1987' is the first-classes year; the college itself reports 'Established in 1986 with the first classes held in 1987.' Detail from SCC's own Fast Facts/history: voters created the Junior College District of St. Charles County on April 1, 1986 (Missouri's 11th community college district); renamed St. Charles County Community College District effective Feb 19, 1987; first classes June/summer 1987 (~400 students, 1,547 by fall); operated from temporary locations ~5 years before the permanent Cottleville campus at 4601 Mid Rivers Mall Dr opened ~1992. Still operating (main campus Cottleville plus Dardenne Creek and Wentzville centers). Actual ZIP is 63376, not 63304 — included for community coverage.",individual_school,in_scope
ALL-585,Consolidated School District No. 2 (St. Charles County),Consolidated District No. 2 of St Charles County,63341,St. Charles County,Public School District,1915,confirmed,https://www.fhsdschools.org/about,1966,confirmed,https://www.fhsdschools.org/about,ALL-578,confirmed,https://www.fhsdschools.org/about,"SEED ERROR on dates: seed says opened 1950, but the FHSD official history states Consolidated School District No. 2 of St. Charles County was organized May 8, 1915, and was renamed 'Francis Howell School District of St. Charles County, Missouri' on March 15, 1966 — i.e., it did not close; it is the same legal entity as ALL-578, recorded here as its successor. The seed's 1950 likely conflates the statewide ~1949 reorganization era (cf. Central School District R-II/Fort Zumwalt, approved July 19, 1949). School-level members during its tenure included Francis Howell High School (the continuation of Francis Howell Institute, which joined the district in 1940 per the Castlio handbook), Central Elementary (1942), Daniel Boone Elementary (1955, which the seed calls 'second elementary for Reorganized District No. 3' — No. 3 could not be verified and may be a different Defiance-area predecessor), and Becky-David Elementary (1963).",administrative_district_only,in_scope
ALL-587,Daniel Boone Elementary School,Daniel Boone School,63365,Francis Howell R-III School District,Public Elementary,1955,confirmed,https://nationalblueribbonschools.ed.gov/awardwinners/winning/19mo104pu_daniel_boone_elementary_school.html/,n/a,confirmed,https://danielboone.fhsdschools.org/,none,confirmed,,"Confirmed: opened 1955 — the school's own handbook says 'first opened its doors in 1955,' its National Blue Ribbon nomination page agrees, and the FHSD timeline lists 'Daniel Boone Elementary opens (1955)' (seed's exact day 'Sept. 6, 1955' is plausible but not independently verified). Grew 'from a one-room school on the other side of town' to the current multi-addition building; a National Blue Ribbon school. Seed note 'second elementary for Reorganized District No. 3' could not be verified — the district lineage documented online runs through Consolidated District No. 2 (ALL-585)/FHSD; 'Reorganized District No. 3' may be a Defiance-area predecessor worth a human follow-up. Address quirk: listed as 201 W Highway D, New Melle 63365 in the seed but as Wentzville MO 63385-6208 on the federal Blue Ribbon page — same building, mailing-city/ZIP discrepancy worth noting.",individual_school,in_scope
ALL-590,Washington High School,Washington Senior High School,63090,School District of Washington,Public High School,1900,confirmed,https://washmohistorical.org/timeline/,n/a,confirmed,https://whs.washington.k12.mo.us/,none,confirmed,,"Confirmed: the Washington Historical Society timeline records '1900 — First public high school established' (it replaced a private high school built at Third & Locust in 1887; Wikipedia corroborates 1900 with 47 students/5 graduates in the first class). Current building at 600 Blue Jay Drive was erected 1955-1956 (district FAQ says 'originally constructed in 1955,' Wikipedia says 1956) with many additions since. Still operating. SEED DATA-QUALITY FLAG: this row's columns are shifted — 'Location Confidence' contains 'Current,' 'Status' contains 'Very High,' 'Yearbook Priority' contains the notes sentence, and 'Notes' is empty; the values were interpreted accordingly. Actual ZIP is 63090 (Franklin County), included for the Defiance-area attendance slice.",individual_school,in_scope
ALL-591,Washington Middle School,Washington Junior High,63090,School District of Washington,Public Middle School,unknown,unknown,,n/a,confirmed,https://wms.washington.k12.mo.us/,none,confirmed,,"Currently operating at 401 East 14th Street (district site; also confirmed by NAQT/quizbowl venue records). Opening year not found: searches for building construction/establishment dates surfaced only renovation projects (2022 library addition by Bond Architects; earlier additions via K&S Associates) and no founding year. Likely resolvable via the School District of Washington's long-range facilities plan or the Washington Historical Society — recommended human follow-up. SEED DATA-QUALITY FLAG: same shifted-column issue as ALL-590 (Status contains 'High,' Yearbook Priority contains the note text, Notes empty).",individual_school,in_scope
ALL-592,Washington School District,School District of Washington,63341,School District of Washington,Public School District,1889,confirmed,https://cdnsm5-ss19.sharpschool.com/UserFiles/Servers/Server_163438/File/Deapartment/4996841060315152677.pdf,n/a,confirmed,https://washington.k12.mo.us/,none,confirmed,,"ADMINISTRATIVE DISTRICT, not a school. The district's own CAFR states it 'has provided education services... since its incorporation as a public entity in 1889' and grew through mergers into one of Missouri's largest geographic districts (~257 sq mi across Franklin, southern St. Charles — including Augusta and part of the Defiance CDP, which is why it's in this batch — and eastern Warren counties). Currently operating; HQ 220 Locust St, Washington MO 63090. Member schools (district site): Washington High School, Washington Middle School, Augusta Elementary, Campbellton Elementary, Clearview Elementary, Labadie Elementary, Marthasville Elementary, South Point Elementary, Washington West Elementary, plus Four Rivers Career Center and an Early Learning Center.",administrative_district_only,in_scope
ALL-593,Defiance School,Defiance School; Walnut Grove School; Sycamore School; District No. 68 school,63341,St. Charles County common school district No. 68; Francis Howell R-III after consolidation,Public Elementary (one-room rural school),unknown,unknown,,unknown,unknown,,ALL-587,probable,"https://en.wikipedia.org/wiki/Defiance,_Missouri","RESOLVED IDENTITY: 'Defiance School' is documented as the popular (not formal) name of Walnut Grove School (District No. 68) — the 1943 Ramsay place-names thesis (State Historical Society of Missouri) says 'Defiance School: See Walnut Grove School' and 'the popular, but not formal name of Defiance School is also given, for the town.' Walnut Grove School was first located near Darst & Levee Roads in Darst Bottom before 1875 (earlier name Sycamore School); about 1944 the building was cut into sections and moved to a hill in Defiance next to the Methodist church cemetery due to flooding (Bob Brail, 'The One-Room Schools of Township 45, Range 2,' Boone-Duden Historical Society sources). The school was still operating in Defiance during the 1948-49 school year (teacher Opal Schemmer, class of 7 boys). No closure date found — neighboring Bacon School closed June 2, 1950 in the same consolidation wave, and Defiance-area students now attend Daniel Boone Elementary (opened 1955 in New Melle, seed row ALL-587 researched in batch 19) per Wikipedia's Defiance article; closure likely fell in the 1949-1955 consolidation era but no source pins the year. The building survives as a private residence. SURPRISE: this row almost certainly duplicates seed rows ALL-582 (Walnut Grove School), ALL-583 (Sycamore School), and ALL-584 (Walnut Grove District No. 68) — all the same one-room school lineage; kept separate per no-silent-merge rule, recommend coordinator merge review.",individual_school,unknown_insufficient_data
ALL-594,Defiance School District,Defiance local school district; District No. 68 (probable),63341,St. Charles County common school districts; Francis Howell R-III after consolidation,Public School District,unknown,unknown,,unknown,unknown,,ALL-587,probable,"https://en.wikipedia.org/wiki/Defiance,_Missouri","ADMINISTRATIVE-DISTRICT DISAMBIGUATION: no evidence of a multi-school 'Defiance School District' ever existed. The Defiance area was served by numbered St. Charles County common school districts, each operating a single one-room school (e.g. Bacon #64, Calamus Springs #65, Walnut Grove #68, Hickory Hill #69, Richmond #70 — Township 45 Range 2, per the Boone-Duden Historical Society one-room-schools history). The school physically in Defiance village was Walnut Grove School, District No. 68 ('Defiance School' was its popular name per the SHSMO Ramsay thesis). This row therefore most plausibly denotes the one-school rural district No. 68 — treated as individual_school, and effectively the same entity as ALL-593 'Defiance School' and ALL-584 'Walnut Grove District No. 68' (batch 19). Formation/dissolution dates not documented online; the area consolidated toward Francis Howell R-III by ~1949-1955 (New Melle's parallel consolidation into FHSD came in 1949 per the Boone-Duden history; Daniel Boone Elementary opened 1955). Flagged for coordinator merge review.",individual_school,unknown_insufficient_data
ALL-595,New Melle Public School,New Melle Public School; New Melle School; New Melle School District school,63341,New Melle local school district; Francis Howell R-III after 1949,Public Elementary (also ran an unaccredited first-year high school program ~1922),1860,probable,https://www.hmdb.org/m.asp?m=169510,1955,probable,https://www.fhsdschools.org/about,ALL-587,probable,https://www.fhsdschools.org/about,"Seed's '1800s' resolved to 1860: the New Melle historical marker (HMDB) states '1860 - First public school was opened' and the Boone-Duden Historical Society's 'New Melle Thru the Years' (2022) states '1860 New Melle School District established - first log building,' replaced by an 1898 'modern' frame building. A 1922 Wentzville Union item cited by Boone-Duden shows the school also ran a (then-unaccredited) first-year high school program, with some pupils attending Howell High School. District consolidation came in 1949, placing New Melle in the Francis Howell School District; Daniel Boone Elementary (seed ALL-587) was dedicated in 1955 on 16 acres donated by the Meier family (191 initial pupils) per Boone-Duden, matching FHSD's official timeline 'Daniel Boone Elementary opens (1955)' and the school's own parent handbook ('first opened its doors in 1955'). Seed's 1955 close = replacement by Daniel Boone. ZIP NOTE: New Melle's actual ZIP is 63365, not 63341.",individual_school,in_scope
ALL-596,New Melle Parochial School 1,Unnamed New Melle Parochial School,63341,St. Paul Lutheran Church or New Melle Methodist Church (unresolved),Parochial Elementary,unknown,unknown,,unknown,unknown,,unknown,unknown,,"UNRESOLVED IDENTITY — generic placeholder row. Two pre-1900 parochial schools are documented for New Melle (cityofnewmelle.com city history: 'a public school, two parochial schools'; the 1874 Campbell's Gazetteer records 'three schoolhouses' with the Lutheran and Methodist churches). Per the Boone-Duden Historical Society history they were: (1) the St. Paul's Lutheran 'German school' — founded soon after the 1844 congregation, housed by the main Lutheran cemetery until a new building was dedicated on Easter Monday 1919 next to the church (this is almost certainly the same entity as seed row ALL-598 'St. Paul Lutheran School'); and (2) a Methodist school south of town (Methodist congregation est. 1869). It cannot be determined which of the two this row intends without the seed compiler's input; ALL-597 'New Melle Parochial School 2' (assigned to another batch) presumably covers the other. Recommend coordinator reconcile ALL-596/597/598 into two real rows: 'St. Paul Lutheran School' and 'New Melle Methodist (parochial) School.' No dates resolvable online; church archives (St. Paul's; Boone-Duden Historical Society) are the recommended human follow-up.",ambiguous_unresolved,unknown_insufficient_data
ALL-598,St. Paul Lutheran School,St. Paul Lutheran Church School; St. Paul's Lutheran Day School; St. Paul's German school,63341,"St. Paul Lutheran Church (LCMS), New Melle",Parochial Elementary,1844,probable,http://heritage.freese.net/Family/Welge/ArnOlPA/NewMelle.pdf,unknown,unknown,,unknown,unknown,,"St. Paul's Lutheran Church was founded by Melle, Germany immigrants in 1844 — the first Lutheran church in St. Charles County and a charter member of the Missouri Synod (1847) — and the Boone-Duden Historical Society history records a 'German school soon after' the founding (opened_year 1844 = 'soon after 1844,' probable, not an exact documented year). The school sat by the main Lutheran cemetery until a new school building was dedicated Easter Monday 1919 next to the church (Wentzville Union item cited by Boone-Duden). The church's NRHP listing (1982, ref 82004713) carries the alternate name 'St. Paul's Lutheran Church and Day School' — its listed 'significant year' 1965 may mark the school's end but is not confirmed. The church itself is still active (stpaulsnewmelle.com) but does not list an operating day school today, so closure is left unknown. Likely absorbed students into New Melle public schooling / Daniel Boone Elementary over time, but no citation. Church archives could supply exact open/close dates — recommended human follow-up (Boone-Duden Historical Society archives are in the Kamphoefner House, New Melle). ZIP NOTE: actual ZIP is 63365.",individual_school,unknown_insufficient_data
ALL-599,Defiance Area Rural Schools,Various one-room district schools,63341,Multiple St. Charles County common school districts,Public Elementary (aggregate placeholder),unknown,unknown,,unknown,unknown,,unknown,unknown,,"AGGREGATE PLACEHOLDER, NOT A SINGLE SCHOOL — this row covers the cluster of one-room common-school-district schools around Defiance (Township 45 Range 2, St. Charles County). Documented members from Bob Brail's 'The One-Room Schools of Township 45, Range 2' (Boone-Duden Historical Society sources) and the SHSMO Ramsay place-names thesis: Bacon School #64 (Old Colony Rd & Hwy DD; pre-1875 — closed June 2, 1950, building later burned); Calamus Springs School #65 (near Hwy 94 & DD quarry; opened 1896, closed ~1950; building still stands, N38.39.653 W90.46.209); Walnut Grove School #68 (originally Sycamore School, Darst Bottom; moved to Defiance ~1944 — same entity as ALL-593/ALL-582/583/584); Hickory Hill School #69 (1.5 mi west of Matson on Howell Rd; pre-1875 log origins; now a private residence); Richmond School #70 (Hwy F at Stub Rd; pre-1875 log origins; now a private residence); plus Mount Hope School (built ~1837, in use until the 1940s — now preserved at the Daniel Boone Home/Boonesfield Village, Defiance) and African School (Callaway Township, south of Foristell — SHSMO). Consolidation wave hit 1949-1955 (Bacon's 1950 closure and Daniel Boone Elementary's 1955 opening bracket it). Recommend the coordinator split this row into per-school rows; several are already seeded (ALL-582-584).",ambiguous_unresolved,unknown_insufficient_data
ALL-601,Liberty High School,Liberty High; Wentzville Liberty High School,63367,Wentzville R-IV School District,Public High School,2013,confirmed,https://lhs.wentzville.k12.mo.us/about,n/a,confirmed,https://lhs.wentzville.k12.mo.us/,none,confirmed,,"Seed's 2013 confirmed: the school's own site states 'Established: 2013'; the district cut the ribbon August 14, 2013 and opened with ~283 freshmen (FOX 2, Patch, St. Louis Post-Dispatch) as the Wentzville district's third high school. Physically in O'Fallon with a Lake St. Louis postal address (2275 Sommers Rd, 63367). First principal Phil Ragusky came from Frontier Middle (ALL-607), its feeder. Currently operating.",individual_school,in_scope
ALL-602,Timberland High School,Timberland High; Wentzville Timberland High School; Holt annex campus (2000-2002),63367,Wentzville R-IV School District,Public High School,2000,confirmed,https://ths.wentzville.k12.mo.us/,n/a,confirmed,https://nces.ed.gov/ccd/schoolsearch/school_detail.asp?Search=1&ID=293165002844,none,confirmed,,"SEED YEAR WRONG (1991): the facility at 559 E Highway N opened August 28, 2000 as an annex of Wentzville Holt High School for ~400 freshmen/sophomores; the board named it Timberland High School in May 2001 (name submitted by a student) and it became a fully independent four-year high school in 2002 — per Wikipedia's detailed history, corroborated by the district homepage's '2000' year tile and publicschoolreview ('Year Founded 2002'). Address is Wentzville 63385, not 63367 — the 'Served ZIP/community' listing reflects its attendance zone covering Lake St. Louis-area residents. Currently operating.",individual_school,in_scope
ALL-603,Emil E. Holt Sr. High School,Wentzville High School; Wentzville Holt High School; Holt High School,63367,Wentzville R-IV School District,Public High School,1896,probable,https://en.wikipedia.org/wiki/Wentzville_Holt_High_School,n/a,confirmed,https://hhs.wentzville.k12.mo.us/,none,confirmed,,"SEED YEAR IS THE RENAME, NOT THE OPENING: 'Opened 1969' reflects the year the school was officially named for Emil E. Holt (school board member for 46 years). The underlying school — Wentzville High School — was established in 1896 as a two-year high school (first graduating class 1898, three graduates); the building burned in 1908 and was rebuilt; expanded 1938 and reorganized as a full four-year high school in 1939; moved to a new building at 405 Campus Drive in 1962; and moved to its current 600 Campus Drive building (built 1975 as the middle school) in the late 1980s. The 'Holt' name was only adopted in common use in 2000 when signage was changed ahead of the Timberland annex opening. Confidence on 1896 is 'probable' — Wikipedia's own source line carries a citation-needed flag, though the same account appears on the school paper's history page (holttribe.com). Yearbook title: 'Pow Wow' (Wikipedia infobox). FLAG: seed row ALL-604 'Wentzville High School' (in another batch) is the same school — recommend coordinator merge review. Actual ZIP 63385.",individual_school,in_scope
ALL-605,Wentzville Middle School,Wentzville Junior High; Wentzville Middle,63367,Wentzville R-IV School District,Public Middle School,1964,probable,https://wms.wentzville.k12.mo.us/,n/a,confirmed,https://wms.wentzville.k12.mo.us/,none,confirmed,,"Opening date is layered: the school's own homepage displays '1964' as its founding-year tile (probable — the tile is unlabeled but matches the district's established-year convention used on other school sites). The building it now occupies at 405 Campus Drive was built in 1962 as the high school per Wikipedia's Holt history, and was redesignated Wentzville Middle School only in the late 1980s when high school students moved into the expanded 1975 building — so 1964 likely marks the junior-high entity's organization rather than the building. Where the middle school was housed 1964-late-1980s not found. Actual ZIP 63385. Currently operating.",individual_school,in_scope
ALL-606,Wentzville South Middle School,Wentzville South Junior High; South Middle School; South Middle,63367,Wentzville R-IV School District,Public Middle School,unknown,unknown,,n/a,confirmed,https://nces.ed.gov/ccd/schoolsearch/school_detail.asp?DistrictID=2931650&ID=293165001036,none,confirmed,,"Could not pin an opening year online. Documented operating by December 2006 (St. Louis Suburban Journals honor roll, 2006-07 year). Its campus at 561 E Hwy N abuts Timberland High (559 E Hwy N), and the district's 2014 demographic study says 'since 2000 we have built nine new schools' — SMS is plausibly an early-2000s build alongside the Timberland campus, but no source confirms the year. Hoener Architects documents 2012 additions. NCES lists it open (grades 6-8). Recommend checking WSD board minutes or a facilities bond history for the exact year.",individual_school,in_scope
ALL-607,Frontier Middle School,Frontier Junior High; Frontier Middle,63367,Wentzville R-IV School District,Public Middle School,2005,probable,https://fms.wentzville.k12.mo.us/,n/a,confirmed,https://fms.wentzville.k12.mo.us/,none,confirmed,,"School homepage displays '2005' founding-year tile (unlabeled; probable per district convention). Feeds Liberty High School (ALL-601); Liberty's first principal Phil Ragusky had been Frontier's principal (Wikipedia). Located at 9233 Hwy DD, O'Fallon 63368 — a 'served-community' row for 63367, not physically in the ZIP. Currently operating.",individual_school,in_scope
ALL-608,Green Tree Elementary School,Green Tree School; Green Tree Elementary,63367,Wentzville R-IV School District,Public Elementary,1997,probable,https://gte.wentzville.k12.mo.us/,n/a,confirmed,https://gte.wentzville.k12.mo.us/,none,confirmed,,"School homepage displays '1997' founding-year tile (unlabeled; probable per district convention). Physically in ZIP 63367 at 1000 Ronald Reagan Dr, Lake St. Louis. Feeds South Middle → Timberland High per the district's 2013-14 attendance-zone document. Currently operating.",individual_school,in_scope
ALL-609,Duello Elementary School,Duello School; Duello Elementary,63367,Wentzville R-IV School District,Public Elementary,2007,probable,https://due.wentzville.k12.mo.us/,n/a,confirmed,https://due.wentzville.k12.mo.us/,none,confirmed,,"School homepage displays '2007' founding-year tile (probable — district convention, unlabeled). CONFLICT: publicschoolreview.com lists '2004' as its founding year (NCES-derived); the district's own site is favored, but the discrepancy is noted. At 1814 Old Duello Rd, Lake St. Louis 63367 — physically in ZIP. Currently operating.",individual_school,in_scope
ALL-610,Prairie View Elementary School,Prairie View School; Prairie View Elementary,63367,Wentzville R-IV School District,Public Elementary,2005,probable,https://pve.wentzville.k12.mo.us/,n/a,confirmed,https://pve.wentzville.k12.mo.us/,none,confirmed,,"School homepage displays '2005' founding-year tile (probable — district convention, unlabeled). At 1550 Feise Road — the school's own site gives a Dardenne Prairie MO 63368 address (seed said O'Fallon; the road is on the boundary, same mailing area). 'Served-community' row for 63367. Currently operating.",individual_school,in_scope
ALL-611,Discovery Ridge Elementary School,Discovery Ridge School,63367,Wentzville R-IV School District,Public Elementary,2010,confirmed,https://dre.wentzville.k12.mo.us/about,n/a,confirmed,https://dre.wentzville.k12.mo.us/,none,confirmed,,"Resolved the seed's Unknown opening: the school's own About page lists 'Year Opened: 2010' (also corroborated by a Wentzville Patch article calling it a new school completed in 2010). Currently operating at 2523 Sommers Road, O'Fallon MO 63367 — matches seed address.",individual_school,in_scope
ALL-612,Crossroads Elementary School,Crossroads School,63368,Wentzville R-IV School District,Public Elementary,2002,confirmed,https://cre.wentzville.k12.mo.us/about,n/a,confirmed,https://cre.wentzville.k12.mo.us/,none,confirmed,,"Resolved the seed's Unknown opening: the school's own About page lists 'Year Opened: 2002'. Currently operating at 7500 Town Square Ave, Dardenne Prairie MO 63368 — matches seed address. Seed ZIP column says 63367 because its attendance area overlaps 63367; the physical campus is 63368.",individual_school,in_scope
ALL-613,Lakeview Elementary School,Lakeview School,63385,Wentzville R-IV School District,Public Elementary,2010,confirmed,https://patch.com/missouri/wentzville/looking-back-from-the-future-lakeview-time-capsule,n/a,confirmed,https://lve.wentzville.k12.mo.us/,none,confirmed,,"The school exists and is current — the seed's 'Current/Historical' status is just Current. Opened for the 2010-11 school year: a Wentzville Patch article (June 2011) documents the end of 'the very first school year at Lakeview' with a time-capsule burial, describing it as 'one of Wentzville School District's newest schools'. SURPRISE / seed ZIP error: the campus is at 2501 Mexico Road, Wentzville MO 63385 (school's own site + NCES-derived listings), not '63367 area' as the seed claims — it presumably appears in 63367 listings because its attendance boundary overlaps.",individual_school,in_scope
ALL-614,Lake St. Louis Rural Schools,Various rural one-room schools,63367,Multiple local districts,Public Elementary,unknown,unknown,,unknown,unknown,,unknown,unknown,,"NOT A SINGLE SCHOOL: the seed row is a collective placeholder for the rural one-/two-room common-district schools that occupied the farmland where the Lake St. Louis planned community was later built (development began in the 1960s; the area today is served by Wentzville R-IV, ALL-616). No yearbook was ever produced under this name. No named roster of those rural schools was resolvable via web search; the seed's 'closed 1960s' is consistent with Missouri's consolidation era (1947 School District Reorganization Act; St. Charles County districts were merged into reorganized districts from 1949 on — see Fort Zumwalt district history) but no specific year can be pinned. Recommended human follow-up: St. Charles County rural district maps / county historical society to enumerate the predecessor schools of present-day 63367.",administrative_district_only,unknown_insufficient_data
ALL-615,Boone-Duden Area Schools,Boone/Duden rural schools,63367,Francis Howell/Wentzville predecessors,Public Elementary,unknown,unknown,,unknown,unknown,,unknown,unknown,,"NOT A SINGLE SCHOOL: collective row for the one-room schools of the Boone/Duden area of western St. Charles County (Township 45, Range 2 — New Melle/Foristell area, territory later absorbed into what became Francis Howell and Wentzville reorganized districts). The 'Just a Walk Down the Road' history blog (drawing on Boone-Duden Historical Society grade books) names member schools: Bacon School #64 (started before 1875 on land of Williamson Bacon; closed June 2, 1950, building sold 1952), Calamus Springs School #65, and Hamburg School (all one-room schools in Township 45 Range 2). Citation: http://justawalkdowntheroad.blogspot.com/2015/02/normal-0-microsoftinternetexplorer4_17.html. Seed's 'opened 1800s / closed 1950s' is consistent with this (Bacon: pre-1875 to 1950) but no single open/close year applies to the set. The 63367 ZIP linkage is borderline — Township 45R2 is further west than Lake St. Louis; its inclusion is community-level only.",administrative_district_only,unknown_insufficient_data
ALL-616,Wentzville School District,Wentzville R-IV,63367,Wentzville R-IV School District,Public School District,unknown,unknown,,n/a,confirmed,https://www.wentzville.k12.mo.us/,none,confirmed,,"ADMINISTRATIVE DISTRICT ONLY: Wentzville R-IV (NCES district ID 2931650) is a multi-school district headquartered at 280 Interstate Drive, Wentzville MO 63385 — it has no yearbook of its own. Member schools (per Wikipedia's district article and the district site): high schools Holt, Timberland, Liberty, North Point; middle schools Frontier, South, Wentzville, North Point; elementaries Boone Trail, Crossroads (ALL-612), Discovery Ridge (ALL-611), Duello, Green Tree, Heritage, Journey, Lakeview (ALL-613), Peine Ridge, Prairie View, Stone Creek, Wabash; plus Barfield Early Childhood Center. District formation date not found online (R-IV designation dates to the 1947-era Missouri reorganization, exact vote year unverified). Track B searches must target member schools, not this row.",administrative_district_only,in_scope
ALL-618,Fort Zumwalt West High School,Fort Zumwalt West Senior High,63366,Fort Zumwalt R-II School District,Public High School,1998,confirmed,https://en.wikipedia.org/wiki/Fort_Zumwalt_West_High_School,n/a,confirmed,https://en.wikipedia.org/wiki/Fort_Zumwalt_West_High_School,none,confirmed,,"Seed's 1998 confirmed: the district's own history page says 'in the 1998-99 school year ... Fort Zumwalt West High School, the district's third high school' opened (archived fzschools.org history, https://web.archive.org/web/20070812095313/www.fzschools.org/Html/fzsdhist.htm); Wikipedia lists 'Established 1998' / 'First opened for the 1998-1999 school year'. Currently operating at 1251 Turtle Creek Dr, O'Fallon MO 63366 — note the campus ZIP is 63366, not 63368 as the seed's ZIP column says (seed marks it 'Served ZIP/community').",individual_school,in_scope
ALL-619,Fort Zumwalt West Middle School,Fort Zumwalt West Junior High; West Middle School,63368,Fort Zumwalt R-II School District,Public Middle School,2001,confirmed,https://web.archive.org/web/20070812095313/www.fzschools.org/Html/fzsdhist.htm,n/a,confirmed,https://www.fz.k12.mo.us/o/wms/,none,confirmed,,"Seed's 2001 confirmed: the district history page records 'the new Herbert A. Westhoff Elementary School and West Middle School, both opening for students for the 2001-2002 school year', consistent with the seed's 'Opened Sept. 4, 2001' note. Currently operating at 150 Waterford Crossing, O'Fallon MO 63368 — matches seed.",individual_school,in_scope
ALL-620,Fort Zumwalt North High School,Fort Zumwalt High School; Fort Zumwalt North Senior High,63366,Fort Zumwalt R-II School District,Public High School,1960,confirmed,https://www.publicschoolreview.com/ft-zumwalt-north-high-school-profile,n/a,confirmed,https://www.publicschoolreview.com/ft-zumwalt-north-high-school-profile,none,confirmed,,"Seed's 1960 confirmed: the district history page records the district's high school opening in 1960 (planned 1958), and publicschoolreview/Wikipedia describe Fort Zumwalt North as 'established in 1960 as Fort Zumwalt High School', renamed Fort Zumwalt North High School in 1987 when the second high school (South, ALL-622) opened; moved to its current 1230 Tom Ginnever Ave building in 1976. Currently operating — campus ZIP is 63366, not 63368 (community-served inclusion).",individual_school,in_scope
ALL-622,Fort Zumwalt South High School,Fort Zumwalt South,63376,Fort Zumwalt R-II School District,Public High School,1987,confirmed,https://web.archive.org/web/20070812095313/www.fzschools.org/Html/fzsdhist.htm,n/a,confirmed,https://fortzumwalt.com/,none,confirmed,,"Seed's 1987 confirmed: the district history page records 'In the 1987-88 school year, the district opened its eighth elementary building, Dardenne Elementary School, and a second high school, Fort Zumwalt South High School.' Currently operating at 8050 Mexico Road, St. Peters MO 63376 — campus ZIP is 63376, not 63368 (community-served inclusion).",individual_school,in_scope
ALL-623,Fort Zumwalt East High School,Fort Zumwalt East,63376,Fort Zumwalt R-II School District,Public High School,2007,confirmed,https://en.wikipedia.org/wiki/Fort_Zumwalt_East_High_School,n/a,confirmed,https://ehs.fz.k12.mo.us,none,confirmed,,"Seed's 2007 confirmed: Wikipedia and publicschoolreview record the district's fourth high school first opening to freshmen and sophomores on August 20, 2007, on the former Koenig's Farm site (stlouishighschools.com corroborates 'opened August 2007'). Currently operating. Seed's historical address '6001 Highway 94' differs from the documented address '600 1st Executive Ave, St. Peters MO 63376' — campus ZIP is 63376, not 63368 (community-served inclusion); the address discrepancy is flagged rather than corrected silently.",individual_school,in_scope
ALL-624,Dardenne Elementary School,Dardenne School,63368,Fort Zumwalt R-II School District,Public Elementary,1987,confirmed,https://web.archive.org/web/20070812095313/www.fzschools.org/Html/fzsdhist.htm,n/a,confirmed,https://ecc.fz.k12.mo.us/o/des,none,confirmed,,"Resolved the seed's Unknown opening: the district history page records 'In the 1987-88 school year, the district opened its eighth elementary building, Dardenne Elementary School'. Currently operating at 2621 Highway K, O'Fallon MO 63368 — matches seed.",individual_school,in_scope
ALL-625,Ostmann Elementary School,Ostmann School,63368,Fort Zumwalt R-II School District,Public Elementary,2002,confirmed,https://web.archive.org/web/20070812095313/www.fzschools.org/Html/fzsdhist.htm,n/a,confirmed,https://www.fz.k12.mo.us/o/oes,none,confirmed,,"Resolved the seed's Unknown opening: the district history page records 'During the 2002-2003 school year, two new elementary schools, Ostmann and Emge, opened to help alleviate overcrowding in the Dardenne and Twin Chimneys Elementary Schools.' Currently operating at 200 Meriwether Lewis Dr, O'Fallon MO 63368 — matches seed.",individual_school,in_scope
ALL-626,Pheasant Point Elementary School,Pheasant Point School,63368,Fort Zumwalt R-II School District,Public Elementary,1998,confirmed,https://web.archive.org/web/20070812095313/www.fzschools.org/Html/fzsdhist.htm,n/a,confirmed,https://ppe.fz.k12.mo.us/,none,confirmed,,"Resolved the seed's Unknown opening: the district history page records 'in the 1998-99 school year, the district's twelfth elementary school, Pheasant Point Elementary opened'. Currently operating at 3450 Pheasant Meadow Dr, O'Fallon MO 63368 — matches seed.",individual_school,in_scope
ALL-627,Twin Chimneys Elementary School,Twin Chimneys School,63368,Fort Zumwalt R-II School District,Public Elementary,1993,confirmed,https://web.archive.org/web/20070812095313/www.fzschools.org/Html/fzsdhist.htm,n/a,confirmed,https://tce.fz.k12.mo.us/,none,confirmed,,"Resolved the seed's Unknown opening: the district history page records 'Twin Chimneys Elementary was opened for the 1993-94 school year with the final addition completed for the Fall of 1997.' Currently operating at 7396 Twin Chimneys Blvd, O'Fallon MO 63368 — matches seed.",individual_school,in_scope
ALL-628,Emge Elementary School,Emge School; Emge Elementary,63368,Fort Zumwalt R-II School District,Public Elementary,2002,confirmed,https://web.archive.org/web/20070812095313/www.fzschools.org/Html/fzsdhist.htm,n/a,confirmed,https://lce.fz.k12.mo.us/o/ees,none,confirmed,,"Resolved seed's Unknown: the Fort Zumwalt district's own history page states 'During the 2002-2003 school year, two new elementary schools, Ostmann and Emge, opened to help alleviate overcrowding in the Dardenne and Twin Chimneys Elementary Schools.' Corroborated by the school's 20th-anniversary spirit week (~2022) seen on its live feed. School is currently operating at 250 Fallon Parkway, O'Fallon (emge site on fz.k12.mo.us; NCES CCD lists it open).",individual_school,in_scope
ALL-629,Francis Howell Union High School,Francis Howell Union; FHU,63368,Francis Howell R-III School District,Public Alternative High School,1997,confirmed,https://resources.finalsite.net/images/v1695244026/fhsdschoolsorg/i16z5mjsbdt5pd4ib5am/FHU-Handbook.pdf,n/a,confirmed,https://nces.ed.gov/ccd/schoolsearch/school_detail.asp?ID=292895002063,none,confirmed,,"FHSD's alternative high school. The school's own student handbook states 'Since opening our doors in 1997'; the district history timeline on fhsdschools.org/about corroborates ('Francis Howell Central and Francis Howell Union high schools open (1997)'). FHU was housed for years in the former Francis Howell Senior High School buildings on the FHHS campus; after the old FHHS demolition it moved into the remaining 'C' building (2011), then relocated to the renovated 801 Corporate Centre Drive building for the 2022-23 school year under Prop S (fhsdschools.org/prop-s). NCES lists it open at the 63368 address.",individual_school,in_scope
ALL-632,John Weldon Elementary School,John Weldon School; John Weldon Elementary,63368,Francis Howell R-III School District,Public Elementary,1991,confirmed,https://www.fhsdschools.org/about,n/a,confirmed,https://nces.ed.gov/ccd/schoolsearch/school_detail.asp?ID=292895002666,none,confirmed,,"Resolved seed's Unknown: the official FHSD 'About' page history timeline lists 'John Weldon Elementary opens (1991)'. Currently operating at 7370 Weldon Spring Road, Dardenne Prairie (NCES lists open, PK-5).",individual_school,in_scope
ALL-637,Barfield Early Childhood Center,Barfield Early Childhood; Barfield Early Learning Center; Barfield Early Childhood Special Education Center,63368,Wentzville R-IV School District,Public Early Childhood (PK),2004,probable,https://bec.wentzville.k12.mo.us/,n/a,confirmed,https://bec.wentzville.k12.mo.us/,none,confirmed,,"School's own homepage displays an unlabeled '2004' stat block alongside the enrollment stat — almost certainly the building's opening/establishment year, but the label was not captured in the page text, hence probable rather than confirmed. Wright Construction project page confirms an 'existing' ~30,000 SF Early Learning Center on the site before a 6,200 SF four-classroom addition completed August 2020 (Prop E-funded). Currently operating as WSD's early childhood special education center at 2025 Hanley Road, Dardenne Prairie (mailing O'Fallon 63368). PK-only program — little yearbook relevance.",individual_school,in_scope
ALL-640,OakHaven Montessori School,Oakhaven Montessori; Oak Haven Montessori School,63368,Private (OakHaven Montessori School),Private Montessori (PK-4 elementary),2008,probable,https://www.linkedin.com/company/oakhaven-montessori-school,n/a,confirmed,https://www.oakhavenmontessori.net/,none,confirmed,,"LinkedIn company profile lists the school as 'founded in 2008' (secondary source — probable). Consistent with a founding teacher's account: the school existed by late 2009 and added its elementary classroom in September 2010 (annaschwind.com). Currently operating at 7267 State Route N, Dardenne Prairie — active website, AMI/USA school locator listing (administrator April Powell), and NCES PSS record (ID A1502220, ~60 students, PK-4).",individual_school,in_scope
ALL-641,Future Apostle Academy,Future Apostle Academy; Future Apostle Learning Center & Academy,63368,Private Christian school (Future Apostle Academy nonprofit),Private Christian (PK-9/12),2021,probable,https://www.givingfountain.org/directory/f251e00d-ca83-4aec-8425-9d2987a3e90d,n/a,confirmed,https://www.futureaa.org/our-program,none,confirmed,,"Very small new Christian school. GivingFountain nonprofit record lists 'Est. 2021'; the school's first NCES PSS appearance is the 2021-22 survey (ID A2190501, 11 students, PK-9); Missouri DHSS child-care licensing file shows application June 2022 at 563 Springhurst Pkwy with director/founder Tondalier Rhen. Actively enrolling for 2025-26 per its website, so still operating. Expected near-zero yearbook output given ~11 students.",individual_school,in_scope
ALL-642,O'Fallon Public School System,O'Fallon Public School District; O'Fallon School,63368,O'Fallon local district (St. Charles County); consolidated into Central School District R-II 1949,Public School District (pre-consolidation town district),1869,confirmed,https://web.archive.org/web/20070812095313/www.fzschools.org/Html/fzsdhist.htm,1949,confirmed,https://web.archive.org/web/20070812095313/www.fzschools.org/Html/fzsdhist.htm,ALL-579,confirmed,https://web.archive.org/web/20070812095313/www.fzschools.org/Html/fzsdhist.htm,"Seed's 1869 confirmed by the Fort Zumwalt district's own history page: 'In 1869, a school for O'Fallon was built in the area known as Convent Park on the grounds of St. Mary's Academy. Julius Reichenstein was employed as the first teacher by the townspeople.' Lineage: O'Fallon outgrew the one-room school and built two new schools in 1910 (at the site that later held Hope High School/North Middle School on Virgil Street); a public high school operated until 1918, when a parochial high school's opening drew off enough students that public-HS students were thereafter transported to St. Charles or Wentzville. Under Missouri's 1947 district-reorganization law, voters approved combining 12 small St. Charles County districts — including O'Fallon's — into Central School District R-II on July 19, 1949; that consolidated district is today's Fort Zumwalt R-II (its first own high school opened 1960). ENTITY TYPE NOTE: classified individual_school rather than administrative_district_only because this was a small pre-consolidation town district effectively coextensive with 'the O'Fallon school' — one campus, no separately-named member schools. Successor recorded as ALL-579 (the Fort Zumwalt School District row in batch 19), the modern consolidated district that absorbed it.",individual_school,in_scope
ALL-646,Woodlawn Seminary,Woodlawn Female Seminary; Woodlawn Seminary,63368,"Private (Prof. Richard H. Pitman; Methodist Episcopal Church, South affiliated)",Private Female Seminary/Academy,1878,confirmed,http://genealogytrails.com/mo/stcharles/bios_p.htm,1900,probable,https://hodgelodge.com/Cornerstone_History,none,probable,,"Seed's 1878 confirmed by the Portrait and Biographical Record of St. Charles, Lincoln and Warren Counties (1895, transcribed on Genealogy Trails): 'In 1878 he erected the Woodlawn Female Seminary building and opened his present seminary, of which he is principal.' Founder Richard H. Pitman previously ran Fairview Seminary (a separate, earlier school on his farm, ~1861-1876), then was president of Howard Female College in Fayette 1876-78 before founding Woodlawn. It reported to the M.E. Church South district conference (1888 Lincoln County history: four teachers, ~50 students, full art/music courses). A Hodge Lodge cornerstone history states 'it continued until 1900' — hence closed ~1900 (probable, single informal source). Consistent with 'for forty years he educated... the girls of Northeast Missouri' across Pitman's career, and with the City of O'Fallon's note that the building was 'the former Woodlawn Seminary' when the Williams family bought it after the 1915 cyclone. No successor entity — a personal/proprietary seminary that simply ended; students dispersed to public and other private schools. Seed's 'classical education for young women' verified (a female seminary), though one biography (Caleb S. Stone) mentions a male alumnus. Seed's 'near Fort Zumwalt Park' location plausible — the site was the old Trevy/Woodlawn property near today's Fort Zumwalt Park; actual ZIP is O'Fallon 63366-era boundary.",individual_school,out_of_scope_closed_before_1949
ALL-647,Assumption School,Assumption Parish School; Assumption BVM School; Assumption Elementary School,63368,Assumption of the Blessed Virgin Mary Parish / Archdiocese of St. Louis,Parochial Elementary (K-8),1871,confirmed,https://assumptionbvmschool.org/Why-Choose-Assumption/Our-History,n/a,confirmed,https://assumptionbvmschool.org/,none,confirmed,,"Refined seed's '1870s': per the school's own history page, the Church of the Assumption and its log schoolhouse were dedicated September 17, 1871, and the school opened a week later with 20 pupils under a lay teacher; the Sisters of the Most Precious Blood took over in September 1873 and served uninterrupted until 1991. Still operating as a K-8 school (~500 students) on Main Street, O'Fallon — actual ZIP 63366, included under 63368 community coverage. HIGH SCHOOL LINEAGE (for notes only, the row tracks the parish school): Assumption High School occupied a building dedicated 1955 and closed in 1962 when the Archdiocese opened regional St. Dominic High School — its effective successor at the HS level. Separately, the Precious Blood Sisters ran their own girls' high school and two-year college on the Convent Park campus (the 'St. Mary's Academy' referenced in the 1869 public-school account); those closed with declining vocations and the buildings were sold to the City of O'Fallon (former HS is now City Hall; college is now the police station).",individual_school,in_scope
ALL-650,St. Charles Community College - Dardenne Creek Campus,Dardenne Creek Campus; One Academy Place; LU/SCC Center for Nursing and Allied Health Sciences (2013-2017),63368,St. Charles Community College,Community College Campus,2017,confirmed,https://www.stchas.edu/who-we-are/fast-facts.php,n/a,confirmed,https://www.stchas.edu/who-we-are/campuses.php,none,confirmed,,"Seed's 2017 confirmed by SCC's own Fast Facts ('Dardenne Creek Campus, established in 2017'). Timeline: the 69,000 sq ft building at 1 Academy Place, Dardenne Prairie is the former Barat Academy site, purchased by Lindenwood University in September 2012; SCC leased ~26,000 sq ft for its Nursing and Allied Health program under the LU/SCC partnership from August 2013 (so SCC programming on the site predates the campus). The SCC Board approved purchase Dec. 5, 2016 and closed Feb. 24, 2017 ($9.45M) — the college's first satellite campus; officially dedicated May 2, 2018. Currently open, housing the Center for Healthy Living and the Field to Table Institute.",individual_school,in_scope
63147-01,Baden Elementary School,Baden School; Baden Elementary,63147,St. Louis Public Schools,Public Elementary,1908,probable,"https://en.wikipedia.org/wiki/Baden,_St._Louis",2009,probable,http://preservationresearch.com/historic-preservation/adams-proposes-17-not-29-school-closings/,unknown,unknown,,"Continuation of the Baden public-school lineage (see 63147-06). The final Baden School building at 8724 Halls Ferry Rd was built 1907 and opened 1908 per Wikipedia's Baden neighborhood history (sourcing the city's Wayman neighborhood survey); Landmarks Association and Picture This STL date the Ittner-designed building to 1907. Closure year is conflicting: Preservation Research Office and Wikipedia say it was recommended for/closed in June 2009, while publicschoolreview.com (NCES-derived) lists 'Closed 2010' — seed's 2010 is likely a data-record year. SURPRISE: seed address '5814 Thekla Avenue' is actually the Walnut Park School (Ittner, opened Sept 1909, closed 2003) per the National Register nomination for that building; Baden Elementary's historic home is 8724 Halls Ferry Rd. The 5814 Thekla listing on publicschoolreview.com may reflect a late relocation into the vacated Walnut Park building or simply a bad address record. Successor not established — students likely dispersed to Nance Elementary (63147-02, opened 2002 nearby) and other north-side elementaries, but no direct citation found. Building is being redeveloped as Baden School Apartments (Lutheran Development Group, ldgstl.org).",,in_scope
63147-02,Earl Nance Sr. Elementary School,Earl Nance School; Nance Elementary,63147,St. Louis Public Schools,Public Elementary,2002,confirmed,https://resources.finalsite.net/images/v1762802044/jdpamqavkdchvdfaof5o/slpsstructures.pdf,n/a,confirmed,https://nance.slps.org/,none,confirmed,,"Seed's 2002 opening confirmed by the SLPS 'Table of Current SLPS Structures' (Nance Elementary, 8959 Riverview Blvd, year built 2002) and navigatestlschools.org ('one of the district's newer facilities, built in 2002'). School is currently operating (nance.slps.org). Notably, Walnut Park School closed in 2003 'when a new elementary school opened' per the NRHP nomination — Nance is the probable replacement for Walnut Park, but that school is not in this seed set.",,in_scope
63147-03,Herzog Elementary School,Herzog School; Peter Herzog School; Herzog Academy,63147,St. Louis Public Schools,Public Elementary,1936,confirmed,https://www.stlouis-mo.gov/archive/neighborhood-histories-norbury-wayman/walnut/schools26.htm,n/a,confirmed,https://herzog.slps.org/,none,confirmed,,"Resolved the seed's unknown opening: the Peter Herzog School at 5831 Pamplin Ave was completed in 1936 to designs by Ernest T. Friton, per the City of St. Louis Norbury Wayman neighborhood history. Corroborated by the Missouri History Museum archive record 'Herzog (Peter) School Building, 5835 Pamplin Avenue, P.W.A. Project No 282' (consistent with a mid-1930s PWA-funded build). Currently operating as Herzog Elementary / 'Herzog Academy' branding.",,in_scope
63147-04,River Roads Lutheran School,River Roads Lutheran,63147,Private Lutheran,Private Elementary/Middle,1869,confirmed,https://www.stlamerican.com/news/local-news/little-school-big-heart-how-river-roads-lutheran-school-made-it-to-150-years/,n/a,confirmed,https://nces.ed.gov/surveys/pss/privateschoolsearch/school_detail.asp?ID=02041475,none,confirmed,,"Founded 1869 in Baden; the St. Louis American covered its 150th anniversary. Nearly closed in 2017 (STLPR) after Ebenezer Lutheran Church ended funding in 2002, but remains open — listed as operating in the NCES Private School Universe Survey for 2023-24 and received a 2025 'Light of St. Louis' award. One of only two remaining Lutheran elementary schools in the City of St. Louis. Tax-exempt since 1941 (EIN 43-0954529, ProPublica Nonprofit Explorer).",,in_scope
63147-05,Baden School District,Baden School District,63147,Baden local district,Public School District,unknown,unknown,,1876,probable,https://www.stlouis-mo.gov/live-work/community/neighborhoods/baden/baden-overview.cfm,63147-06,probable,"https://en.wikipedia.org/wiki/Baden,_St._Louis","District-level entity retained as a search alias per seed notes. Baden was an unincorporated community whose first public school opened in 1872; the town was annexed into the City of St. Louis in 1876 by act of the state legislature, at which point its school(s) came under the St. Louis Board of Education (SLPS). District formation date not found. Its school line continued as the SLPS 'Baden Public School' (63147-06), which is recorded as the successor in the sense of absorbing its students/records; the district itself was absorbed by SLPS.",,out_of_scope_closed_before_1949
63147-06,Baden Public School,Baden Public School; Baden School (pre-1908),63147,Baden local district / St. Louis Public Schools (after 1876),Public Elementary,1872,probable,"https://en.wikipedia.org/wiki/Baden,_St._Louis",1908,probable,"https://en.wikipedia.org/wiki/Baden,_St._Louis",63147-01,probable,"https://en.wikipedia.org/wiki/Baden,_St._Louis","WARNING: this row substantially overlaps 63147-01 — it is the same continuous school, not a separate institution. First Baden public school opened 1872 as a one-room building at Christian & Switzer; replaced in 1878 by a brick building at Church Rd & Bittner (240 students); a portable opened 1906 at Halls Ferry & Gimblin; the 'final Baden School' at 8724 Halls Ferry Rd opened 1908 and is the building associated with Baden Elementary (63147-01). Row kept separate per prompt guidance against silent merging, but a merge into 63147-01 should be considered. Separately, a 'Colored School #11' (later Aldridge School) for Black students opened in the original 1872 schoolhouse in 1878 — a distinct school that may deserve its own row in a future pass.",,out_of_scope_closed_before_1949
63147-07,Baden High School,Baden High School; Baden Secondary School,63147,St. Louis Public Schools,Public High School,unknown,unknown,,unknown,unknown,,unknown,unknown,,"FLAGGED AS LIKELY PHANTOM: found no evidence a 'Baden High School' ever existed in St. Louis (searches surface only Baden Continuation High School in South San Francisco, CA). Baden-area students historically attended Yeatman High School (opened Sept 1904, the north side's only white high school until 1926), then Beaumont High School (63147-08, opened Jan/Feb 1926 inheriting Yeatman's student body), and later Northwest High School (opened Feb 1964, 5140 Riverview Blvd). Retained per prompt instruction not to delete seed rows; recommend treating 'Baden High School' as a search alias for archival references, not a real school.",,unknown_insufficient_data
63147-08,Beaumont High School,Beaumont High School,63147,St. Louis Public Schools,Public High School,1926,confirmed,"https://en.wikipedia.org/wiki/Beaumont_High_School_(St._Louis,_Missouri)",2014,confirmed,"https://en.wikipedia.org/wiki/Beaumont_High_School_(St._Louis,_Missouri)",none,probable,,"Seed data confirmed and refined: opened January/February 1926 (inheriting the full student body of Yeatman High School, per the 1926 Caduceus yearbook text on e-yearbook.com and builtstlouis.net); final graduating class May 14, 2014. The building at 3836 Natural Bridge Ave was not fully closed — it continues as a CTE/technical center ('Beaumont High School' CTE programs), so successor is 'none' in the sense of a building conversion rather than absorption by another school; students dispersed across remaining SLPS comprehensive high schools. Yearbook name: Caduceus. Note: actual address is ZIP 63107, not 63147 — included in seed for community coverage.",,in_scope
63147-09,North High School,North High School,63147,St. Louis Public Schools,Public High School,unknown,unknown,,unknown,unknown,,unknown,unknown,,"UNRESOLVED IDENTITY: no SLPS school named exactly 'North High School' was found. Candidates the seed may intend: (a) Northwest High School, opened February 1964 at 5140 Riverview Blvd (ZIP 63120), closed as a comprehensive HS in 1992, later Northwest Academy of Law, closed 2022 — the most likely referent given Baden-area attendance boundaries; (b) Yeatman High School (1904-1926), the north side's flagship whose successor is effectively Beaumont (63147-08). Seed's '1900s' opening hint favors Yeatman; 'Current/Successor' status favors Northwest. Left as unknown rather than guessing — recommend the source spreadsheet author clarify which school was meant.",,unknown_insufficient_data
63147-10,Riverview Gardens High School,Riverview Gardens Senior High School,63147,Riverview Gardens School District,Public High School,1927,probable,https://riverviewgardens1969.myevent.com/rghstory2ep5ace,n/a,confirmed,https://nces.ed.gov/ccd/schoolsearch/school_detail.asp?ID=292667001586&Search=1,none,confirmed,,"Refined the seed's '1950s': the school was founded in 1927 at the old Science Hill/Moline district site per a detailed alumni-written district history (probable — informal but specific and internally consistent). The high school relocated to the current 1218 Shepley Drive campus in September 1957, which likely explains the seed's '1950s' value. NCES lists it as open. District is currently provisionally accredited (was unaccredited ~2013-2020). Actual ZIP is 63137 (Ferguson/Glasgow Village area, St. Louis County).",,in_scope
63147-11,St. Louis Community College - Florissant Valley,Florissant Valley Community College,63147,St. Louis Community College (Junior College District of St. Louis-St. Louis County),Community College,1967,probable,https://stlcc.digitalmobius.org/collections/ef8dcc4e-89cd-4a96-a851-2e739938a34c,n/a,confirmed,https://stlcc.edu/locations/florissant-valley/,none,confirmed,,"Seed's '1965' conflates district history with campus opening. Timeline: Junior College District approved by voters 1962; classes began January 1963 in temporary quarters (McCluer HS, Roosevelt HS); $47.2M bond for permanent campuses approved 1965; Florissant Valley's permanent Pershall Rd campus opened for the 1967-68 year — corroborated by the earliest Florissant Valley yearbook (1967-1968) in the STLCC Digital Archives and a May 1967 cornerstone time capsule documented by the campus paper. Encyclopedia.com lists 'Founded 1963' (district start); 1967 is the campus operating date. Campus remains open.",,in_scope
63147-12,University of Missouri-St. Louis,UMSL; Normandy Residence Center,63147,University of Missouri System,Public University,1963,confirmed,https://umsl.edu/proud/history.html,n/a,confirmed,https://umsl.edu/proud/history.html,none,confirmed,,"Seed's 1963 confirmed: the Normandy Residence Center (opened September 1960 by the Normandy School District on the former Bellerive Country Club site) officially became the University of Missouri-St. Louis on September 15, 1963, after MO House Bill 153 enabled the property transfer. UMSL graduated its first class in 1967. Actual address ZIP is 63121.",,in_scope
