ZIP,School Name,Historical/Former Name,District/Operator,School Type,Opened,Closed,Length,,Historical Address,Current Address,ZIP Inclusion,Location Confidence,Status,Yearbook Priority,Notes
63031,Combs Elementary School,St. Ferdinand Public School; Florissant School,Ferguson-Florissant R-II,Public Elementary,1876,,150,150,300 Rue St Jean,300 Rue St Jean Florissant MO 63031,Address,Confirmed,Current,High,First Florissant public elementary school established at present Combs site in 1876.
63031,Florissant School,St. Ferdinand Public School,Ferguson-Florissant predecessor,Public Elementary,1876,1950s,#VALUE!,#VALUE!,Present Combs site,300 Rue St Jean Florissant MO 63031,Historical address,Confirmed,Closed/Replaced,High,Historical predecessor to Combs; old building demolished in late 1950s.
63031,Cross Keys School,Cross Keys one-room school,Ferguson-Florissant predecessor,Public Elementary,Before 1951,1950s?,#VALUE!,#VALUE!,Halls Ferry Road area,,Served ZIP/community,Borderline,Closed,Medium,Historical reference associates Cross Keys with Florissant area; exact historical parcel needs verification.
63031,DeSmet School,DeSmet Elementary,Ferguson-Florissant R-II,Public Elementary,1953,,73,73,Unknown,,Served ZIP/community,Borderline,Current/Successor,High,Known Ferguson-Florissant school built in 1953; exact historical address needs verification.
63031,Sacred Heart Catholic School,Sacred Heart Parish School,Sacred Heart Parish/Archdiocese of St Louis,Parochial Elementary,1866,,160,160,501 St Louis Street,501 St Louis Street Florissant MO 63031,Address,Confirmed,Current,Very High,School opened in 1866; current school building opened in 1952.
63031,Sacred Heart School - 1866 Building,Original Sacred Heart School,Sacred Heart Parish,Parochial Elementary,1866,1889,23,23,Corner Jefferson and St Louis Streets,Florissant MO 63031,Historical address,Confirmed,Closed/Replaced,High,Original Sacred Heart school building.
63031,Sacred Heart School - 1889 Building,Sacred Heart Parish School,Sacred Heart Parish,Parochial Elementary,1889,1952,63,63,Corner St Denis and Jefferson Streets,Florissant MO 63031,Historical address,Confirmed,Closed/Replaced,High,Replacement school building dedicated in 1889.
63031,Sacred Heart School - 1952 Building,Sacred Heart Catholic School,Sacred Heart Parish/Archdiocese of St Louis,Parochial Elementary,1952,,74,74,501 St Louis Street,501 St Louis Street Florissant MO 63031,Address,Confirmed,Current/Successor,Very High,Present Sacred Heart school building opened in September 1952.
63031,St. Ferdinand School,St. Ferdinand Catholic School,St. Ferdinand Parish/Archdiocese of St Louis,Parochial Elementary,Unknown,,#VALUE!,#VALUE!,Old St Ferdinand complex,1735 Charbonier Road Florissant MO 63031,Address,Probable,Current/Successor,Very High,Historical Catholic school associated with St Ferdinand; institutional chronology needs archival verification.
63031,Old St. Ferdinand School,St. Ferdinand Catholic School,St. Ferdinand Parish,Parochial Elementary,Unknown,Unknown,#VALUE!,#VALUE!,Old St Ferdinand complex,1735 Charbonier Road Florissant MO 63031,Historical address,Probable,Closed/Replaced,Very High,Separate physical-school entry retained for historical records and photographs.
63031,St. Sabina School,St. Sabina Parish School,St. Sabina Parish/Archdiocese of St Louis,Parochial Elementary,1961,2010,49,49,1625 Swallow Lane,1625 Swallow Lane Florissant MO 63031,Address,Confirmed,Closed,High,Parish school opened in 1961 and closed in 2010.
63031,St. Norbert School,St. Norbert Catholic School,St. Norbert Parish/Archdiocese of St Louis,Parochial Elementary,1988,2018,30,30,16455 New Halls Ferry Road,16455 New Halls Ferry Road Florissant MO 63031,Address,Confirmed,Closed/Renamed,High,Opened in 1988; first graduating class 1995; became All Saints Academy in 2018.
63031,All Saints Academy - St. Norbert Campus,St. Norbert School successor,Archdiocese of St Louis,Parochial Elementary,2018,,8,8,16455 New Halls Ferry Road,16455 New Halls Ferry Road Florissant MO 63031,Address,Confirmed,Current/Successor,High,Successor to St Norbert School.
63031,All Saints Academy - St. Ferdinand Campus,St. Ferdinand School successor,Archdiocese of St Louis,Parochial Elementary,2018,,8,8,1735 Charbonier Road,1735 Charbonier Road Florissant MO 63031,Address,Confirmed,Current/Successor,High,Modern successor associated with St Ferdinand campus.
63031,North County Christian School,North County Christian Academy/School,Private,Private K-12,1994,,32,32,845 Dunn Road,845 Dunn Road Florissant MO 63031,Address,Confirmed,Current,High,Current private school; historical records and yearbooks should be checked.
63031,Atonement Lutheran School,Atonement Lutheran Church School,Atonement Lutheran Church/LCMS,Parochial/Private,Unknown,,#VALUE!,#VALUE!,1285 N New Florissant Road,1285 N New Florissant Road Florissant MO 63031,Address,Confirmed,Current,Medium,Current private school; founding date needs archival verification.
63031,Grace Christian Academy,Grace Christian Academy,Private,Private K-8,Unknown,,#VALUE!,#VALUE!,2890 Patterson Road,2890 Patterson Road Florissant MO 63031,Address,Confirmed,Current,Medium,Current private school; historical operating period needs verification.
63031,Marygrove School/Marygrove Services,Marygrove,Private/Special Education,Special Education,Unknown,,#VALUE!,#VALUE!,2705 Mullanphy Lane,2705 Mullanphy Lane Florissant MO 63031,Address,Confirmed,Current/Unknown,Low,Retain pending historical verification.
63031,Oak Bridge School,Oak Bridge,Private,Private K-6,Unknown,,#VALUE!,#VALUE!,3465 Shackelford Road,3465 Shackelford Road Florissant MO 63031,Address,Confirmed,Current/Unknown,Low,Retain pending historical verification.
63031,Hazelwood High School - Original,Original Hazelwood High School,Hazelwood School District,Public High School,1954,1965,11,11,1865 Dunn Road,1865 Dunn Road Florissant MO 63031,Address,Confirmed,Closed/Replaced,Very High,First Hazelwood High School opened in 1954.
63031,Hazelwood High School - Second Building,Hazelwood High School; later Hazelwood Central,Hazelwood School District,Public High School,1966,,60,60,New Halls Ferry Road,15875 New Halls Ferry Road Florissant MO 63031,Address,Confirmed,Current/Successor,Very High,Second Hazelwood High opened in 1966 and later became Hazelwood Central.
63031,Hazelwood Central High School,Hazelwood High School,Hazelwood School District,Public High School,1966,,60,60,New Halls Ferry Road,15875 New Halls Ferry Road Florissant MO 63031,Address,Confirmed,Current,Very High,Continuation of second Hazelwood High under later name.
63031,Brown School,Brown School,Hazelwood predecessor/Hazelwood School District,Public Elementary,Unknown,1950s?,#VALUE!,#VALUE!,Old Jamestown Road,3325 Chickory Creek Lane Florissant MO 63031,Served ZIP/community,Probable,Closed/Successor,Very High,Historical predecessor school associated with Hazelwood consolidation; retain separately from current Brown Elementary.
63031,Cold Water School,Cold Water School,Hazelwood predecessor/Hazelwood School District,Public Elementary,Unknown,1950s?,#VALUE!,#VALUE!,Wiethaupt Road,1105 Wiethaupt Road Florissant MO 63031,Historical address,Probable,Closed/Successor,Very High,Historical Hazelwood predecessor; exact relationship to current Cold Water Elementary needs verification.
63031,Prigge School/Larimore School,Prigge; Larimore,Hazelwood predecessor/Hazelwood School District,Public Elementary,Unknown,1950s?,#VALUE!,#VALUE!,Larimore Road,,Served ZIP/community,Probable,Closed/Successor,Very High,Historical Hazelwood predecessor; exact building address needs verification.
63031,Hyatt School,Hyatt School,Hazelwood predecessor/Hazelwood School District,Public Elementary,Unknown,1950s?,#VALUE!,#VALUE!,Shackelford Road,,Served ZIP/community,Probable,Closed/Successor,Very High,Historical Hazelwood predecessor; exact parcel needs verification.
63031,Elm Grove School,Elm Grove School,Hazelwood predecessor/Hazelwood School District,Public Elementary,Unknown,1950s?,#VALUE!,#VALUE!,450 Brookes Lane,,Borderline,Borderline,Closed,Very High,Historical Hazelwood-area school; retained pending geographic verification.
63031,Pea Ridge School,Pea Ridge School,Hazelwood predecessor/Hazelwood School District,Public Elementary,Unknown,1950s?,#VALUE!,#VALUE!,St Louis County north Florissant area,,Served ZIP/community,Borderline,Closed,High,Historical predecessor named in Hazelwood consolidation material; exact location needs verification.
63031,Columbia Bottom School,Columbia Bottom School,Hazelwood predecessor/Hazelwood School District,Public Elementary,Unknown,1950s?,#VALUE!,#VALUE!,Columbia Bottom Road area,,Served ZIP/community,Borderline,Closed,High,Historical predecessor named in Hazelwood consolidation material; exact location needs verification.
63031,Vossenkemper School,Vossenkemper School,Hazelwood predecessor/Hazelwood School District,Public Elementary,Unknown,1950s?,#VALUE!,#VALUE!,North County/Florissant area,,Served ZIP/community,Borderline,Closed,High,Historical predecessor named in Hazelwood consolidation material; exact location needs verification.
63031,Black Jack School,Black Jack School,Hazelwood predecessor/Hazelwood School District,Public Elementary,Unknown,1950s?,#VALUE!,#VALUE!,Black Jack/Florissant area,,Served ZIP/community,Borderline,Closed,High,Historical predecessor named in Hazelwood consolidation material; exact location needs verification.
63033,McCluer North High School,McCluer North,Ferguson-Florissant R-II,Public High School,1971,,55,55,705 Waterford Drive,705 Waterford Drive Florissant MO 63033,Address,Confirmed,Current,Very High,Current high school and major yearbook target.
63033,Cross Keys Middle School,Cross Keys Junior High; Cross Keys Middle,Ferguson-Florissant R-II,Public Middle School,1960s?,,#VALUE!,#VALUE!,14205 Cougar Drive,14205 Cougar Drive Florissant MO 63033,Address,Confirmed,Current,High,Current school; historical predecessor/name chronology should be researched.
63033,Wedgwood 6th Grade Center,Wedgwood 6th Grade Center; Wedgwood School,Ferguson-Florissant R-II,Public Middle/Elementary,Unknown,,#VALUE!,#VALUE!,14275 New Halls Ferry Road,14275 New Halls Ferry Road Florissant MO 63033,Address,Confirmed,Current,High,Current school; historical Wedgwood identity may predate current grade-center configuration.
63033,Commons Lane Elementary School,Commons Lane Primary School,Ferguson-Florissant R-II,Public Elementary,Unknown,,#VALUE!,#VALUE!,2700 Derhake Road,2700 Derhake Road Florissant MO 63033,Address,Confirmed,Current,High,Current FFSD school.
63033,Halls Ferry Elementary School,Halls Ferry School,Ferguson-Florissant R-II,Public Elementary,Unknown,,#VALUE!,#VALUE!,13585 New Halls Ferry Road,13585 New Halls Ferry Road Florissant MO 63033,Address,Confirmed,Current,High,Current FFSD school.
63033,Jury Elementary School,Jury School,Hazelwood School District,Public Elementary,Unknown,,#VALUE!,#VALUE!,11950 Old Halls Ferry Road,11950 Old Halls Ferry Road Florissant MO 63033,Address,Confirmed,Current,High,Current Hazelwood school.
63033,Jamestown Elementary School,Jamestown School,Hazelwood School District,Public Elementary,Unknown,,#VALUE!,#VALUE!,13750 Old Jamestown Road,13750 Old Jamestown Road Florissant MO 63033,Address,Confirmed,Current,High,Current Hazelwood school.
63033,Parker Road Elementary School,Parker Road School; Parker Road Primary,Ferguson-Florissant R-II,Public Elementary,Unknown,,#VALUE!,#VALUE!,2800 Parker Road,2800 Parker Road Florissant MO 63033,Address,Confirmed,Current,High,Current FFSD school; historical school identity should be researched.
63033,Robinwood Elementary School,Robinwood School,Ferguson-Florissant R-II,Public Elementary,Unknown,,#VALUE!,#VALUE!,955 Derhake Road,955 Derhake Road Florissant MO 63033,Address,Confirmed,Current,High,Current FFSD school.
63033,Townsend Elementary School,Townsend School,Hazelwood School District,Public Elementary,Unknown,,#VALUE!,#VALUE!,6645 Parker Road,6645 Parker Road Florissant MO 63033,Address,Confirmed,Current,High,Current Hazelwood school.
63033,Ackerman School,Ackerman School,Hazelwood School District,Public K-8,Unknown,,#VALUE!,#VALUE!,1550 Derhake Road,1550 Derhake Road Florissant MO 63033,Address,Confirmed,Current,High,Current Hazelwood school serving K-8.
63033,Northview High School,Northview School; Northview High,Special School District of St Louis County,Public Special Education/High School,Unknown,,#VALUE!,#VALUE!,1520 Derhake Road,1520 Derhake Road Florissant MO 63033,Address,Confirmed,Current,Medium,Current SSD school; retain because it may generate school records but likely fewer traditional yearbooks.
63033,North Technical High School,North Technical; North Technical School,Special School District of St Louis County,Public Vocational High School,Unknown,,#VALUE!,#VALUE!,1700 Derhake Road,1700 Derhake Road Florissant MO 63033,Address,Confirmed,Current,High,Vocational school; yearbook/publication potential worth investigating.
63033,East Early Childhood Center,East Early Childhood Center,Special School District/Ferguson-Florissant,Public Early Childhood,Unknown,,#VALUE!,#VALUE!,12555 Partridge Run,12555 Partridge Run Florissant MO 63033,Address,Confirmed,Current,Low,Modern early-childhood facility; retain for completeness.
63033,Our Lady of Fatima School,Our Lady of Fatima Catholic School,Archdiocese of St Louis,Parochial Elementary,Unknown,2004,#VALUE!,#VALUE!,4500 Washington Street,4500 Washington Street Florissant MO 63033,Address,Confirmed,Closed,Very High,Closed Catholic K-8 school; particularly important yearbook/photo target. Facility later used by Lindenwood University.
63033,St. Rose Philippine Duchesne School,St. Rose Philippine Duchesne Catholic School,St Rose Philippine Duchesne Parish/Archdiocese of St Louis,Parochial Elementary,1967,,59,59,3500 St Catherine Street,3500 St Catherine Street Florissant MO 63033,Address,Confirmed,Closed/Successor,Very High,NCES-derived history gives 1967 establishment; campus later associated with All Saints Academy.
63033,All Saints Academy - St. Rose Philippine Duchesne,St. Rose Philippine Duchesne School successor,Archdiocese of St Louis,Parochial Elementary,2018,2023,5,5,3500 St Catherine Street,3500 St Catherine Street Florissant MO 63033,Address,Confirmed,Closed/Successor,Very High,Keep separate from historical St Rose because institutional/name changes matter for yearbook searches.
63033,St. Thomas the Apostle School,St. Thomas the Apostle Catholic School,St Thomas the Apostle Parish/Archdiocese of St Louis,Parochial Elementary,Unknown,,#VALUE!,#VALUE!,5300 Derby Lane,5300 Derby Lane Florissant MO 63033,Address,Probable,Current/Unknown,High,Current/historical private-school records identify institution in ZIP; exact opening chronology needs research.
63033,St. Christopher School,St. Christopher Catholic School,St Christopher Parish/Archdiocese of St Louis,Parochial Elementary,Unknown,Unknown,#VALUE!,#VALUE!,Florissant MO 63033,,Served ZIP/community,Borderline,Historical/Unknown,High,Private-school datasets identify a St Christopher School associated with 63033; exact address and dates require verification.
63033,Salem Lutheran School,Salem Lutheran School,Salem Lutheran Church/LCMS,Parochial Elementary,1895,,131,131,5190 Parker Road,5190 Parker Road Black Jack MO 63033,Address,Confirmed,Current,Very High,Historic school building dates to 1895; current school maintains alumni association and is planning an all-school reunion in 2026.
63033,Salem Lutheran School - Original Building,Salem Lutheran School,Salem Lutheran Church/LCMS,Parochial Elementary,1895,Unknown,#VALUE!,#VALUE!,5190 Parker Road,5190 Parker Road Black Jack MO 63033,Address,Confirmed,Historical/Current,Very High,Historic brick school building constructed in 1895; physical building itself should be treated as an archival target.
63033,Children's Village Christian School,Children's Village Christian School,Private,Private Elementary,Unknown,,#VALUE!,#VALUE!,13505 New Halls Ferry Road,13505 New Halls Ferry Road Florissant MO 63033,Address,Confirmed,Current/Unknown,Medium,Current private-school listing; historical operating period needs verification.
63033,Gateway Legacy Christian Academy,Gateway Legacy Christian Academy,Private Christian,Private High School,Unknown,,#VALUE!,#VALUE!,1360 Grandview Drive,1360 Grandview Drive Florissant MO 63033,Address,Confirmed,Current,Medium,Current private high school; retain for completeness.
63033,Faith Christian School,Faith Christian School,Private Christian,Private School,Unknown,Unknown,#VALUE!,#VALUE!,Florissant MO 63033,,Served ZIP/community,Probable,Historical/Unknown,Medium,Private-school dataset identifies institution associated with 63033; exact address and dates need verification.
63033,Academy at St. Rose Philippine Duchesne,Academy at St. Rose Philippine Duchesne,Archdiocese of St Louis,Parochial/Private,Unknown,Unknown,#VALUE!,#VALUE!,Florissant MO 63033,,Served ZIP/community,Probable,Historical/Unknown,High,Separate NCES institution identifier suggests an institutional predecessor or separate school entity; retain until relationship to St Rose is resolved.
63033,Tendercare Learning Center,Tendercare Learning Center,Private,Early Childhood/Private,Unknown,Unknown,#VALUE!,#VALUE!,Florissant MO 63033,,Served ZIP/community,Probable,Current/Unknown,Low,Private-school dataset identifies institution; retain for completeness but likely low yearbook value.
63033,Alphabet Soup Learning Center,Alphabet Soup Learning Center,Private,Early Childhood/Private,Unknown,Unknown,#VALUE!,#VALUE!,Florissant MO 63033,,Served ZIP/community,Probable,Current/Unknown,Low,Private-school dataset identifies institution; retain for completeness.
63033,Children's Village Christian School - Historical,Children's Village Christian School,Private,Private Elementary,Unknown,Unknown,#VALUE!,#VALUE!,New Halls Ferry Road area,13505 New Halls Ferry Road Florissant MO 63033,Address,Confirmed,Current/Unknown,Medium,Included separately only if historical records reveal an earlier institutional identity or campus.
63033,Hazelwood Central Middle School,Central Middle School,Hazelwood School District,Public Middle School,Unknown,,#VALUE!,#VALUE!,13450 Old Jamestown Road,13450 Old Jamestown Road Florissant MO 63033,Address,Confirmed,Current,High,Current middle school in Black Jack/63033; exact opening date and predecessor identity need research.
63033,Hazelwood Central Middle School predecessor,Central Junior High/Intermediate School,Hazelwood School District,Public Middle School,Unknown,Unknown,#VALUE!,#VALUE!,Old Jamestown Road area,13450 Old Jamestown Road Florissant MO 63033,Predecessor/successor,Probable,Historical/Successor,High,Separate historical row retained until building chronology is established.
63033,Hazelwood Central High School,Hazelwood High School; second Hazelwood High,Hazelwood School District,Public High School,1966,,60,60,15875 New Halls Ferry Road,15875 New Halls Ferry Road Florissant MO 63031,Predecessor/successor,Borderline,Current,Very High,School identity is highly relevant to 63033 because the surrounding community and attendance area overlap; physical address is 63031 so retain as borderline rather than discard.
63033,Hazelwood High School - Original,Original Hazelwood High School,Hazelwood School District,Public High School,1954,1965,11,11,1865 Dunn Road,1865 Dunn Road Florissant MO 63031,Predecessor/successor,Borderline,Closed/Replaced,Very High,Physical address is 63031 but historical Hazelwood students/community overlap 63033; retain under broad inclusion rule.
63033,Hazelwood East High School,Hazelwood East High School,Hazelwood School District,Public High School,1965,,61,61,11300 Dunn Road,11300 Dunn Road St Louis MO 63138,Served ZIP/community,Borderline,Current,Very High,Physical address is 63138
63033,Hazelwood East Middle School,East Middle School,Hazelwood School District,Public Middle School,Unknown,,#VALUE!,#VALUE!,11300 Dunn Road,11300 Dunn Road St Louis MO 63138,Served ZIP/community,Borderline,Current,High,Physical address is 63138; retained because 63033 homes are assigned to it and historical attendance records may be relevant.
63033,Central Middle School,Central Middle School,Hazelwood School District,Public Middle School,Unknown,,#VALUE!,#VALUE!,Old Jamestown Road,13450 Old Jamestown Road Florissant MO 63033,Address,Confirmed,Current,High,Current Hazelwood middle school.
63033,East Middle School,East Middle School,Hazelwood School District,Public Middle School,Unknown,,#VALUE!,#VALUE!,Dunn Road,11300 Dunn Road St Louis MO 63138,Served ZIP/community,Borderline,Current,High,Retained despite physical ZIP 63138 because it appears as the middle-school assignment for portions of 63033.
63033,Black Jack School,Black Jack School,Hazelwood predecessor,Public Elementary,Unknown,1950s?,#VALUE!,#VALUE!,Black Jack/Parker Road area,Black Jack MO 63033,Historical address,Probable,Closed,Very High,Historical predecessor school specifically associated with the Black Jack community; retain pending exact parcel and dates.
63033,Pea Ridge School,Pea Ridge School,Hazelwood predecessor,Public Elementary,Unknown,1950s?,#VALUE!,#VALUE!,North County/Black Jack area,Black Jack MO 63033,Served ZIP/community,Borderline,Closed,High,Historical Hazelwood predecessor; exact location may fall in or immediately adjacent to 63033.
63033,Columbia Bottom School,Columbia Bottom School,Hazelwood predecessor,Public Elementary,Unknown,1950s?,#VALUE!,#VALUE!,Columbia Bottom/Spanish Lake area,,Served ZIP/community,Borderline,Closed,High,Historical predecessor; retain because modern ZIP boundaries may place the historical site near 63033/63138.
63033,Vossenkemper School,Vossenkemper School,Hazelwood predecessor,Public Elementary,Unknown,1950s?,#VALUE!,#VALUE!,North County area,,Served ZIP/community,Borderline,Closed,High,Historical predecessor; exact site needs map verification.
63033,Elm Grove School,Elm Grove School,Hazelwood predecessor,Public Elementary,Unknown,1950s?,#VALUE!,#VALUE!,Brookes Lane area,,Served ZIP/community,Borderline,Closed,High,Historical predecessor; retained until historical parcel is mapped.
63033,Prigge/Larimore School,Prigge School; Larimore School,Hazelwood predecessor,Public Elementary,Unknown,1950s?,#VALUE!,#VALUE!,Larimore/Old Halls Ferry area,,Served ZIP/community,Borderline,Closed,High,Historical predecessor; modern Larimore is 63138 but historical attendance/community overlap requires investigation.
63033,Hyatt School,Hyatt School,Hazelwood predecessor,Public Elementary,Unknown,1950s?,#VALUE!,#VALUE!,Shackelford Road area,,Served ZIP/community,Borderline,Closed,High,Historical predecessor; exact site requires verification.
63033,Twillman School,Twillman School,Hazelwood predecessor,Public Elementary,Unknown,1950s?,#VALUE!,#VALUE!,Bellefontaine/Redman area,,Served ZIP/community,Borderline,Closed,High,Historical predecessor; current Twillman is 63138 but historical district/community relationship warrants retention.
63033,Our Lady of Fatima School - Lindenwood campus,Our Lady of Fatima School,Lindenwood University,College/University Extension Site,2019,2021?,#VALUE!,#VALUE!,4500 Washington Street,4500 Washington Street Florissant MO 63033,Address,Confirmed,Closed/Repurposed,Medium,Former Catholic school building later used by Lindenwood University as North County location; useful for institutional-history and building records.
63034,Barrington Elementary School,Barrington School,Hazelwood School District,Public Elementary,Unknown,,#VALUE!,#VALUE!,15600 Old Halls Ferry Road,15600 Old Halls Ferry Road Florissant MO 63034,Address,Confirmed,Current,High,Current Hazelwood elementary school; exact opening date needs historical district research.
63034,North Middle School,North Junior High; North Middle,Hazelwood School District,Public Middle School,Unknown,,#VALUE!,#VALUE!,4420 Vaile Avenue,4420 Vaile Avenue Florissant MO 63034,Address,Confirmed,Current,High,Current Hazelwood middle school; exact opening date and predecessor identity need research.
63034,OLTC Institute,OLTC Institute,Private,Private School,Unknown,,#VALUE!,#VALUE!,5145 N Highway 67,5145 N Highway 67 Florissant MO 63034,Address,Confirmed,Current/Unknown,Medium,Current private school serving grades 3-12; historical operating period needs verification.
63034,St. Angela Merici School,St. Angela Merici Catholic School,St. Angela Merici Parish/Archdiocese of St Louis,Parochial Elementary,Unknown,,#VALUE!,#VALUE!,3860 US Highway 67,3860 US Highway 67 Florissant MO 63034,Address,Confirmed,Current/Unknown,Very High,Private-school directories identify the school at this address; exact founding/closure history needs archival research.
63034,Barrington Elementary predecessor,Barrington School,Hazelwood School District predecessor,Public Elementary,Unknown,Unknown,#VALUE!,#VALUE!,Old Halls Ferry Road,15600 Old Halls Ferry Road Florissant MO 63034,Address,Confirmed,Historical/Current,High,Keep as separate historical identity until building chronology is established.
63034,North Middle predecessor,North Junior High,Hazelwood School District,Public Middle School,Unknown,Unknown,#VALUE!,#VALUE!,Vaile Avenue,4420 Vaile Avenue Florissant MO 63034,Address,Confirmed,Historical/Current,High,Separate historical identity retained for yearbook/annual searches.
63034,North High School,North High School,Hazelwood School District,Public High School,Unknown,Unknown,#VALUE!,#VALUE!,North County/Florissant area,,Served ZIP/community,Borderline,Historical/Unknown,Very High,Retain as a possible historical Hazelwood high-school identity associated with the North County area pending district-history verification.
63034,Hazelwood High School - Original,Original Hazelwood High School,Hazelwood School District,Public High School,1954,1965,11,11,1865 Dunn Road,1865 Dunn Road Florissant MO 63031,Served ZIP/community,Borderline,Closed/Replaced,Very High,Physical address is 63031 but historical Hazelwood attendance/community extended into 63034; retain for residency/yearbook investigation.
63034,Hazelwood High School - Second Building,Hazelwood High School; later Hazelwood Central,Hazelwood School District,Public High School,1966,,60,60,15875 New Halls Ferry Road,15875 New Halls Ferry Road Florissant MO 63031,Served ZIP/community,Borderline,Current/Successor,Very High,Physical address is 63031 but Hazelwood Central serves the broader 63034 community; retain under broad inclusion rule.
63034,Hazelwood Central High School,Hazelwood High School,Hazelwood School District,Public High School,1966,,60,60,15875 New Halls Ferry Road,15875 New Halls Ferry Road Florissant MO 63031,Served ZIP/community,Borderline,Current,Very High,Major yearbook target despite physical address being 63031.
63034,Hazelwood East High School,Hazelwood East High School,Hazelwood School District,Public High School,1965,,61,61,11300 Dunn Road,11300 Dunn Road St Louis MO 63138,Served ZIP/community,Borderline,Current,Very High,Physical address is 63138 but school serves portions of the 63034 community; retain for attendance/residency evidence.
63034,Hazelwood East Middle School,East Middle School,Hazelwood School District,Public Middle School,Unknown,,#VALUE!,#VALUE!,11300 Dunn Road,11300 Dunn Road St Louis MO 63138,Served ZIP/community,Borderline,Current,High,Retain because 63034 residents may have attended despite physical address being 63138.
63034,Central Middle School,Central Middle School,Hazelwood School District,Public Middle School,Unknown,,#VALUE!,#VALUE!,13450 Old Jamestown Road,13450 Old Jamestown Road Florissant MO 63033,Served ZIP/community,Borderline,Current,High,Physical address is 63033; retained because Hazelwood attendance boundaries overlap the 63034 area.
63034,Southeast Middle School,Southeast Junior High; Southeast Middle,Hazelwood School District,Public Middle School,Unknown,,#VALUE!,#VALUE!,9180 Riverview Drive,9180 Riverview Drive St Louis MO 63137,Served ZIP/community,Borderline,Current,High,Physical address is outside 63034 but historical/current attendance area may include portions of the ZIP; retain for later boundary verification.
63034,Arrowpoint Elementary School,Arrowpoint School,Hazelwood School District,Public Elementary,Unknown,,#VALUE!,#VALUE!,2017 Arrowpoint Drive,2017 Arrowpoint Drive St Louis MO 63138,Served ZIP/community,Borderline,Current,High,Physical address is 63138 but appears in ZIP/district school listings associated with northern Hazelwood attendance areas; retain.
63034,Brown Elementary School,Brown School,Hazelwood School District/Hazelwood predecessor,Public Elementary,Unknown,,#VALUE!,#VALUE!,Old Jamestown Road,3325 Chickory Creek Lane Florissant MO 63031,Served ZIP/community,Borderline,Current/Successor,High,Current physical address is 63031 but historical Hazelwood service area overlaps 63034; retain historical identity.
63034,Cold Water Elementary School,Cold Water School,Hazelwood School District/Hazelwood predecessor,Public Elementary,Unknown,,#VALUE!,#VALUE!,Wiethaupt Road,1105 Wiethaupt Road Florissant MO 63031,Served ZIP/community,Borderline,Current/Successor,High,Current physical address is 63031; historical predecessor school retained because ZIP boundaries are modern.
63034,Jana Elementary School,Jana School,Hazelwood School District,Public Elementary,Unknown,2022,#VALUE!,#VALUE!,405 Jana Drive,405 Jana Drive Florissant MO 63031,Served ZIP/community,Borderline,Closed,Very High,Closed Hazelwood school; physical address is 63031 but retain due to broader historical attendance/community relationship.
63034,Jamestown Elementary School,Jamestown School,Hazelwood School District,Public Elementary,Unknown,,#VALUE!,#VALUE!,13750 Old Jamestown Road,13750 Old Jamestown Road Florissant MO 63033,Served ZIP/community,Borderline,Current,High,Physical address is 63033; retain because the historical Jamestown community extends into 63034.
63034,Prigge/Larimore School,Prigge School; Larimore School,Hazelwood predecessor,Public Elementary,Unknown,1950s?,#VALUE!,#VALUE!,Larimore/Old Halls Ferry area,,Served ZIP/community,Borderline,Closed,Very High,Historical rural predecessor district; exact location may fall near modern 63034/63138 boundary.
63034,Pea Ridge School,Pea Ridge School,Hazelwood predecessor,Public Elementary,Unknown,1950s?,#VALUE!,#VALUE!,North County area,,Served ZIP/community,Borderline,Closed,High,Historical Hazelwood predecessor; exact historical parcel needs mapping.
63034,Columbia Bottom School,Columbia Bottom School,Hazelwood predecessor,Public Elementary,Unknown,1950s?,#VALUE!,#VALUE!,Columbia Bottom Road area,,Served ZIP/community,Borderline,Closed,High,Historical Hazelwood predecessor; retain because historical site may fall close to modern 63034.
63034,Vossenkemper School,Vossenkemper School,Hazelwood predecessor,Public Elementary,Unknown,1950s?,#VALUE!,#VALUE!,North County area,,Served ZIP/community,Borderline,Closed,High,Historical Hazelwood predecessor; exact site requires verification.
63034,Black Jack School,Black Jack School,Hazelwood predecessor,Public Elementary,Unknown,1950s?,#VALUE!,#VALUE!,Black Jack area,,Served ZIP/community,Borderline,Closed,High,Historical Hazelwood predecessor; retain until parcel is mapped.
63034,Twillman School,Twillman School,Hazelwood predecessor,Public Elementary,Unknown,1950s?,#VALUE!,#VALUE!,Bellefontaine/Redman area,,Served ZIP/community,Borderline,Closed,High,Historical Hazelwood predecessor; modern ZIP relationship needs verification.
63034,Hyatt School,Hyatt School,Hazelwood predecessor,Public Elementary,Unknown,1950s?,#VALUE!,#VALUE!,Shackelford Road area,,Served ZIP/community,Borderline,Closed,High,Historical Hazelwood predecessor; retain pending mapping.
63034,Elm Grove School,Elm Grove School,Hazelwood predecessor,Public Elementary,Unknown,1950s?,#VALUE!,#VALUE!,Brookes Lane area,,Served ZIP/community,Borderline,Closed,High,Historical Hazelwood predecessor; retain pending mapping.
63034,Oasis Institute,Oasis Institute,Private,Private/Alternative School,Unknown,Unknown,#VALUE!,#VALUE!,Florissant area,,Served ZIP/community,Probable,Historical/Unknown,Medium,Private-school searches should be checked for historical addresses and operating dates.
63034,St. Ferdinand School,St. Ferdinand Catholic School,St Ferdinand Parish/Archdiocese of St Louis,Parochial Elementary,Unknown,,#VALUE!,#VALUE!,1735 Charbonier Road,1735 Charbonier Road Florissant MO 63031,Served ZIP/community,Borderline,Current/Successor,High,Physical address is 63031; retained because historical parish/community boundaries can differ from modern ZIPs.
63034,Sacred Heart Catholic School,Sacred Heart Parish School,Sacred Heart Parish/Archdiocese of St Louis,Parochial Elementary,1866,,160,160,501 St Louis Street,501 St Louis Street Florissant MO 63031,Served ZIP/community,Borderline,Current,High,Physical address is 63031 but included because historical Florissant community/residency may cross modern ZIP boundary.
63034,St. Rose Philippine Duchesne School,St. Rose Philippine Duchesne Catholic School,St Rose Philippine Duchesne Parish/Archdiocese of St Louis,Parochial Elementary,1967,2018,51,51,3500 St Catherine Street,3500 St Catherine Street Florissant MO 63033,Served ZIP/community,Borderline,Closed/Renamed,Very High,Physical address is 63033 but retained because broad historical Florissant coverage is preferable to exclusion.
63034,All Saints Academy - St. Rose Campus,St Rose Philippine Duchesne School successor,Archdiocese of St Louis,Parochial Elementary,2018,2023,5,5,3500 St Catherine Street,3500 St Catherine Street Florissant MO 63033,Served ZIP/community,Borderline,Closed/Successor,High,Retained with predecessor because institutional records may be filed under either name.
63034,Salem Lutheran School,Salem Lutheran School,Salem Lutheran Church/LCMS,Parochial Elementary,1895,,131,131,5190 Parker Road,5190 Parker Road Black Jack MO 63033,Served ZIP/community,Borderline,Current,Very High,Historic school with 1895 building; physical address is 63033 but retained because Black Jack/northern Hazelwood community overlaps 63034.
63034,St. Angela Merici School,St. Angela Merici Catholic School,St Angela Merici Parish/Archdiocese of St Louis,Parochial Elementary,Unknown,,#VALUE!,#VALUE!,3860 US Highway 67,3860 US Highway 67 Florissant MO 63034,Address,Confirmed,Current/Unknown,Very High,Strong private/parochial yearbook target; exact institutional history needs research.
63042,McCluer High School,McCluer Senior High School,Ferguson-Florissant R-II,Public High School,1957,,69,69,1896 S New Florissant Road,1896 S New Florissant Road Florissant MO 63031,Served ZIP/community,Borderline,Current,Very High,Major historical FFSD high school serving the Florissant area; physical address is 63031 but retain for 63042 residency research.
63042,McCluer North High School,McCluer North,Ferguson-Florissant R-II,Public High School,1971,,55,55,705 Waterford Drive,705 Waterford Drive Florissant MO 63033,Served ZIP/community,Borderline,Current,Very High,Physical address is 63033 but school attendance area overlaps northern 63042; retain for residency/yearbook purposes.
63042,McCluer South-Berkeley High School,McCluer South-Berkeley High School,Ferguson-Florissant R-II,Public High School,1976,,50,50,201 Brotherton Lane,Berkeley MO 63134,Served ZIP/community,Borderline,Closed/Reorganized,Very High,Historical FFSD high school serving northern St Louis County; retain because attendance boundaries changed over time.
63042,Berkeley High School,Berkeley High School,Berkeley School District,Public High School,Unknown,,#VALUE!,#VALUE!,Berkeley MO 63134,Berkeley MO 63134,Served ZIP/community,Borderline,Historical/Closed,Very High,Historical Berkeley-area high school; retain because residents near airport/northern Florissant may have attended.
63042,Central High School,Central High School,Ferguson-Florissant predecessor,Public High School,Unknown,1950s,#VALUE!,#VALUE!,Florissant area,,Served ZIP/community,Borderline,Closed,Very High,Historical predecessor associated with Ferguson-Florissant consolidation; exact building location/date needs verification.
63042,McCluer High School - Original,McCluer Senior High School,Ferguson-Florissant R-II,Public High School,1957,Unknown,#VALUE!,#VALUE!,1896 S New Florissant Road,1896 S New Florissant Road Florissant MO 63031,Served ZIP/community,Borderline,Current/Historical,Very High,Separate row retained for original institutional/building identity because yearbooks may use different names.
63042,Central Elementary School,Central School,Ferguson-Florissant R-II,Public Elementary,Unknown,,#VALUE!,#VALUE!,12300 Old Halls Ferry Road,12300 Old Halls Ferry Road Florissant MO 63033,Served ZIP/community,Borderline,Current,High,Physical address is 63033; included because historical/current attendance area overlaps northern 63042.
63042,McCluer South-Berkley feeder schools,Various predecessor elementary schools,Ferguson-Florissant/Berkeley,Public Elementary,Unknown,Unknown,#VALUE!,#VALUE!,Northern Florissant/Berkeley area,,Served ZIP/community,Borderline,Historical/Unknown,High,Placeholder category to be broken into individual historical schools after district consolidation records are mapped.
63042,Cold Water Elementary School,Cold Water School,Hazelwood School District,Public Elementary,Unknown,,#VALUE!,#VALUE!,1105 Wiethaupt Road,1105 Wiethaupt Road Florissant MO 63031,Served ZIP/community,Borderline,Current/Successor,High,Physical address is 63031; historical Hazelwood attendance area extends into 63042.
63042,Brown Elementary School,Brown School,Hazelwood School District,Public Elementary,Unknown,,#VALUE!,#VALUE!,3325 Chickory Creek Lane,3325 Chickory Creek Lane Florissant MO 63031,Served ZIP/community,Borderline,Current/Successor,High,Retained because modern ZIP boundaries differ from historical attendance/community boundaries.
63042,Jana Elementary School,Jana School,Hazelwood School District,Public Elementary,Unknown,2022,#VALUE!,#VALUE!,405 Jana Drive,405 Jana Drive Florissant MO 63031,Served ZIP/community,Borderline,Closed,Very High,Closed school with potentially significant historical records; retain despite physical ZIP 63031.
63042,Barrington Elementary School,Barrington School,Hazelwood School District,Public Elementary,Unknown,,#VALUE!,#VALUE!,15600 Old Halls Ferry Road,15600 Old Halls Ferry Road Florissant MO 63034,Served ZIP/community,Borderline,Current,High,Physical address is 63034 but adjacent northern attendance/community relationship warrants retention.
63042,North Middle School,North Junior High; North Middle,Hazelwood School District,Public Middle School,Unknown,,#VALUE!,#VALUE!,4420 Vaile Avenue,4420 Vaile Avenue Florissant MO 63034,Served ZIP/community,Borderline,Current,High,Physical address is 63034; retained because attendance areas overlap northern 63042.
63042,Hazelwood Central High School,Hazelwood High School; second Hazelwood High,Hazelwood School District,Public High School,1966,,60,60,15875 New Halls Ferry Road,15875 New Halls Ferry Road Florissant MO 63031,Served ZIP/community,Borderline,Current,Very High,Major yearbook target serving broader northern Florissant.
63042,Hazelwood High School - Original,Original Hazelwood High School,Hazelwood School District,Public High School,1954,1965,11,11,1865 Dunn Road,1865 Dunn Road Florissant MO 63031,Served ZIP/community,Borderline,Closed/Replaced,Very High,Historical Hazelwood high school; retain for broad residency coverage.
63042,Hazelwood East High School,Hazelwood East High School,Hazelwood School District,Public High School,1965,,61,61,11300 Dunn Road,11300 Dunn Road St Louis MO 63138,Served ZIP/community,Borderline,Current,Very High,Physical address is 63138 but northern 63042 residents may have attended depending on historical boundaries.
63042,Hazelwood East Middle School,East Middle School,Hazelwood School District,Public Middle School,Unknown,,#VALUE!,#VALUE!,11300 Dunn Road,11300 Dunn Road St Louis MO 63138,Served ZIP/community,Borderline,Current,High,Retain because historical attendance boundaries are not equivalent to modern ZIP boundaries.
63042,Central Middle School,Central Middle School,Hazelwood School District,Public Middle School,Unknown,,#VALUE!,#VALUE!,13450 Old Jamestown Road,13450 Old Jamestown Road Florissant MO 63033,Served ZIP/community,Borderline,Current,High,Adjacent Hazelwood middle school; retained pending historical boundary mapping.
63042,St. Ferdinand School,St. Ferdinand Catholic School,St Ferdinand Parish/Archdiocese of St Louis,Parochial Elementary,Unknown,,#VALUE!,#VALUE!,1735 Charbonier Road,1735 Charbonier Road Florissant MO 63031,Served ZIP/community,Borderline,Current/Successor,High,Historical parish school with broad Florissant catchment; retain for residency repository.
63042,Sacred Heart Catholic School,Sacred Heart Parish School,Sacred Heart Parish/Archdiocese of St Louis,Parochial Elementary,1866,,160,160,501 St Louis Street,501 St Louis Street Florissant MO 63031,Served ZIP/community,Borderline,Current,High,Historic Florissant Catholic school dating to 1866; physical address 63031 but community overlap warrants retention.
63042,St. Sabina School,St. Sabina Parish School,St Sabina Parish/Archdiocese of St Louis,Parochial Elementary,1961,2010,49,49,1625 Swallow Lane,1625 Swallow Lane Florissant MO 63031,Served ZIP/community,Borderline,Closed,Very High,Closed Catholic school; likely valuable yearbook/alumni target.
63042,St. Norbert School,St. Norbert Catholic School,St Norbert Parish/Archdiocese of St Louis,Parochial Elementary,1988,2018,30,30,16455 New Halls Ferry Road,16455 New Halls Ferry Road Florissant MO 63031,Served ZIP/community,Borderline,Closed/Renamed,Very High,Closed Catholic school; became All Saints Academy; retain historical identity.
63042,All Saints Academy - St. Norbert Campus,St. Norbert School successor,Archdiocese of St Louis,Parochial Elementary,2018,,8,8,16455 New Halls Ferry Road,16455 New Halls Ferry Road Florissant MO 63031,Served ZIP/community,Borderline,Current/Successor,High,Successor institution to St Norbert.
63042,St. Rose Philippine Duchesne School,St. Rose Philippine Duchesne Catholic School,St Rose Philippine Duchesne Parish/Archdiocese of St Louis,Parochial Elementary,1967,2018,51,51,3500 St Catherine Street,3500 St Catherine Street Florissant MO 63033,Served ZIP/community,Borderline,Closed/Renamed,Very High,Historical Catholic school; retain due to broader Florissant catchment.
63042,All Saints Academy - St. Rose Campus,St Rose Philippine Duchesne School successor,Archdiocese of St Louis,Parochial Elementary,2018,2023,5,5,3500 St Catherine Street,3500 St Catherine Street Florissant MO 63033,Served ZIP/community,Borderline,Closed/Successor,High,Separate institutional identity for archival/yearbook searches.
63042,Our Lady of Fatima School,Our Lady of Fatima Catholic School,Archdiocese of St Louis,Parochial Elementary,Unknown,2004,#VALUE!,#VALUE!,4500 Washington Street,4500 Washington Street Florissant MO 63033,Served ZIP/community,Borderline,Closed,Very High,Closed Catholic school; strong yearbook/photo target.
63042,St. Angela Merici School,St Angela Merici Catholic School,St Angela Merici Parish/Archdiocese of St Louis,Parochial Elementary,Unknown,,#VALUE!,#VALUE!,3860 US Highway 67,3860 US Highway 67 Florissant MO 63034,Served ZIP/community,Borderline,Current/Unknown,High,Adjacent Catholic school; retain for historical attendance/community overlap.
63042,Salem Lutheran School,Salem Lutheran School,Salem Lutheran Church/LCMS,Parochial Elementary,1895,,131,131,5190 Parker Road,5190 Parker Road Black Jack MO 63033,Served ZIP/community,Borderline,Current,Very High,Historic 1895 school building; retain due to northern Florissant/Black Jack community overlap.
63042,St. Thomas the Apostle School,St Thomas the Apostle Catholic School,St Thomas the Apostle Parish/Archdiocese of St Louis,Parochial Elementary,Unknown,,#VALUE!,#VALUE!,5300 Derby Lane,5300 Derby Lane Florissant MO 63033,Served ZIP/community,Borderline,Current/Unknown,High,Adjacent Catholic school; retain until historical catchment is established.
63042,North County Christian School,North County Christian Academy/School,Private,Private K-12,1994,,32,32,845 Dunn Road,845 Dunn Road Florissant MO 63031,Served ZIP/community,Borderline,Current,High,Private school serving the northern Florissant area; physical address 63031.
63042,Atonement Lutheran School,Atonement Lutheran Church School,Atonement Lutheran Church/LCMS,Parochial/Private,Unknown,,#VALUE!,#VALUE!,1285 N New Florissant Road,1285 N New Florissant Road Florissant MO 63031,Served ZIP/community,Borderline,Current,Medium,Adjacent private school; retain pending historical attendance/community research.
63042,Gateway Legacy Christian Academy,Gateway Legacy Christian Academy,Private Christian,Private High School,Unknown,,#VALUE!,#VALUE!,1360 Grandview Drive,1360 Grandview Drive Florissant MO 63033,Served ZIP/community,Borderline,Current,Medium,Adjacent private school; retain for completeness.
63042,Faith Christian School,Faith Christian School,Private Christian,Private School,Unknown,Unknown,#VALUE!,#VALUE!,Florissant area,,Served ZIP/community,Borderline,Historical/Unknown,Medium,Private-school directory record associated with Florissant; exact address and dates need verification.
63042,Children's Village Christian School,Children's Village Christian School,Private,Private Elementary,Unknown,,#VALUE!,#VALUE!,13505 New Halls Ferry Road,13505 New Halls Ferry Road Florissant MO 63033,Served ZIP/community,Borderline,Current/Unknown,Medium,Adjacent private school; retain for historical research.
63042,Oasis Institute,Oasis Institute,Private,Private/Alternative School,Unknown,Unknown,#VALUE!,#VALUE!,Florissant area,,Served ZIP/community,Borderline,Historical/Unknown,Medium,Private/alternative school record associated with northern Florissant; exact location needs verification.
63042,North Technical High School,North Technical School,Special School District of St Louis County,Public Vocational High School,Unknown,,#VALUE!,#VALUE!,1700 Derhake Road,1700 Derhake Road Florissant MO 63033,Served ZIP/community,Borderline,Current,High,Vocational school serving the region; retain because school publications may exist.
63042,Northview High School,Northview School,Special School District of St Louis County,Public Special Education/High School,Unknown,,#VALUE!,#VALUE!,1520 Derhake Road,1520 Derhake Road Florissant MO 63033,Served ZIP/community,Borderline,Current,Medium,Special education high school; retain for completeness even though yearbook likelihood is lower.
63043,Pattonville High School,Pattonville High School,Pattonville R-III,Public High School,1936,,90,90,11055 St Charles Rock Road,2497 Creve Coeur Mill Road Maryland Heights MO 63043,Address/Predecessor,Confirmed,Current/Successor,Very High,Original Pattonville High opened at 11055 St Charles Rock Road in 1936; current campus opened at 2497 Creve Coeur Mill Road in 1971. Major yearbook target.
63043,Pattonville High School - Original Campus,Pattonville High School,Pattonville R-III,Public High School,1936,1971,35,35,11055 St Charles Rock Road,11055 St Charles Rock Road St Ann MO 63074,Historical address,Confirmed,Closed/Relocated,Very High,Original high school building; current location became Holman Middle School. Yearbooks from 1936-1970 should be searched under Pattonville High School.
63043,Pattonville Heights Middle School,Pattonville Heights School; Pattonville Heights Seventh and Eighth Grade Center; Pattonville Junior High,Pattonville R-III,Public Middle School,1966,,60,60,195 Fee Fee Road,195 Fee Fee Road Maryland Heights MO 63043,Address,Confirmed,Current,Very High,Opened in October 1966 as a seventh/eighth grade facility; later junior high and middle school. Planetarium/observatory opened in 1967.
63043,Remington Elementary School,Remington Elementary; Remington Traditional School; Academy of Innovation at Remington,Maryland Heights School District/Pattonville R-III,Public K-8,1955,,71,71,102 Fee Fee Road,102 Fee Fee Road Maryland Heights MO 63043,Address,Confirmed,Current/Successor,Very High,Built 1954-55 by Maryland Heights School District and opened fall 1955; became Remington Traditional School in 1982; renamed Academy of Innovation at Remington in 2024-25.
63043,Remington Traditional School,Remington Elementary School,Pattonville R-III,Public K-8,1982,2024,42,42,102 Fee Fee Road,102 Fee Fee Road Maryland Heights MO 63043,Address,Confirmed,Closed/Renamed,Very High,Institutional name used from 1982 until 2024; critical yearbook search term.
63043,Academy of Innovation at Remington,Remington Traditional School,Pattonville R-III,Public K-8,2024,,2,2,102 Fee Fee Road,102 Fee Fee Road Maryland Heights MO 63043,Address,Confirmed,Current/Successor,High,Current successor to Remington Traditional School.
63043,Parkwood Elementary School,Parkwood School,Pattonville R-III,Public Elementary,1965,,61,61,3199 Parkwood Lane,3199 Parkwood Lane Maryland Heights MO 63043,Address,Confirmed,Current,Very High,Opened fall 1965; dedicated November 8 1965. Strong yearbook/photo target.
63043,Rose Acres Elementary School,Rose Acres School,Pattonville R-III,Public Elementary,1967,,59,59,2905 Rose Acres Lane,2905 Rose Acres Lane Maryland Heights MO 63043,Address,Confirmed,Current,Very High,Opened fall 1967 and dedicated January 15 1968. Built to relieve crowding at Penn-Junction
63043,Holy Spirit Catholic School,Holy Spirit School,Holy Spirit Parish/Archdiocese of St Louis,Parochial Elementary,1964,,62,62,3120 Parkwood Lane,3120 Parkwood Lane Maryland Heights MO 63043,Address,Confirmed,Current,Very High,Established 1964 according to NCES-derived private school data. Excellent yearbook/alumni target.
63043,DaySpring Arts & Education,DaySpring Academy; DaySpring Arts & Education,Private Christian,Private PK-12,Unknown,,#VALUE!,#VALUE!,2500 Metro Boulevard,2500 Metro Boulevard Maryland Heights MO 63043,Address,Confirmed,Current,Medium,Current private school. Historical founding and name chronology should be researched.
63043,McKelvey Elementary School,McKelvey Elementary School,Parkway C-2,Public Elementary,Unknown,,#VALUE!,#VALUE!,1751 McKelvey Road,1751 McKelvey Road Maryland Heights MO 63043,Address,Confirmed,Current/Successor,Very High,Parkway school serving southwest Maryland Heights. Current site is at 1751 McKelvey Road.
63043,McKelvey Intermediate School,McKelvey Intermediate,Parkway C-2,Public Intermediate,Unknown,,#VALUE!,#VALUE!,1751 McKelvey Road,1751 McKelvey Road Maryland Heights MO 63043,Address,Confirmed,Current/Successor,High,Current Parkway intermediate school at McKelvey campus; historical institutional relationship to McKelvey Elementary should be resolved.
63043,Traditional School,Remington Traditional School,Pattonville R-III,Public K-8,1982,2024,42,42,102 Fee Fee Road,102 Fee Fee Road Maryland Heights MO 63043,Address,Confirmed,Closed/Renamed,Very High,Some current directories still use Traditional School as the name. Retain as separate search identity for yearbooks.
63043,Positive School,POSITIVE School,Pattonville R-III,Public Alternative Secondary,1981,,45,45,Pattonville area,2497 Creve Coeur Mill Road Maryland Heights MO 63043,Served ZIP/community,Probable,Current/Integrated,Medium,Opened 1981 as alternative school for secondary students; later associated with Pattonville High School.
63043,Maryland Heights School,Maryland Heights Grade School; Maryland Heights School,Maryland Heights School District,Public Elementary/Secondary,1924,1962,38,38,115 Harding,115 Harding Maryland Heights MO 63043,Historical address,Confirmed,Closed/Converted,Very High,Original Maryland Heights school building dedicated September 1924; later became Maryland Heights High School and then Pattonville administration building.
63043,Maryland Heights High School,Maryland Heights School; Maryland Heights High,Maryland Heights School District,Public High School,1924,1962,38,38,115 Harding,115 Harding Maryland Heights MO 63043,Historical address,Confirmed,Closed/Converted,Very High,The 1924 Maryland Heights school eventually became the high school. When the district merged with Pattonville in 1962
63043,Maryland Heights High School - Gymnasium,Pattonville Administration/Printing Facility,Maryland Heights School District/Pattonville R-III,School Facility,1951,2025,74,74,115 Harding,115 Harding Maryland Heights MO 63043,Historical address,Confirmed,Demolished,High,Gymnasium built in 1951; later used as Pattonville printing facility; demolished July 2025.
63043,Carver School for Negroes,Carver Elementary School,Maryland Heights School District,Public Elementary,Unknown,1962,#VALUE!,#VALUE!,Adie Road area; later Harding Avenue,Harding Avenue Maryland Heights MO 63043,Historical address,Probable,Closed,Very High,Separate Black school operated by Maryland Heights School District. A new two-room building replaced the earlier Adie Road location in 1951; discontinued after 1962 merger. Critical archival target.
63043,Carver School - Adie Road Campus,Carver School for Negroes,Maryland Heights School District,Public Elementary,Unknown,1951,#VALUE!,#VALUE!,End of Adie Road,End of Adie Road Maryland Heights MO 63043,Historical address,Probable,Closed/Replaced,Very High,Earlier Carver facility before construction of the 1951 Harding Avenue building.
63043,Carver School - Harding Avenue Campus,Carver School for Negroes,Maryland Heights School District,Public Elementary,1951,1962,11,11,Harding Avenue near Maryland Heights High School,Harding Avenue Maryland Heights MO 63043,Historical address,Confirmed,Closed,Very High,Two-room school built in 1951 for Black students; discontinued when Maryland Heights merged with Pattonville in 1962.
63043,Penn School,Penn School,Penn School District/Pattonville predecessor,Public Elementary,Unknown,1936,#VALUE!,#VALUE!,Near Penn Junction/St Charles Rock Road,St Louis County MO,Served ZIP/community,Probable,Closed/Merged,Very High,Penn School merged with Junction School in 1936; Penn building was torn down. Later Penn-Junction was annexed into Pattonville in 1950.
63043,Junction School,Junction School,Pattonville predecessor,Public Elementary,1869,1936,67,67,St Charles Rock Road and Natural Bridge,St Louis County MO,Served ZIP/community,Borderline,Closed/Merged,Very High,One-room public school opened 1869. Penn and Junction merged in 1936. Historical location may fall outside modern 63043 but retain for broad residency research.
63043,Penn-Junction School,Penn-Junction School,Pattonville predecessor,Public Elementary,1936,1950,14,14,St Charles Rock Road/Penn Junction area,St Louis County MO,Served ZIP/community,Probable,Closed/Annexed,Very High,Created from Penn/Junction merger in 1936; annexed into Pattonville in May 1950. Important historical identity for yearbook searches.
63043,Mount Pleasant School,Mount Pleasant School,Pattonville predecessor,Public Elementary,Unknown,1951,#VALUE!,#VALUE!,Mount Pleasant area,St Louis County MO,Served ZIP/community,Borderline,Closed/Merged,Very High,Mount Pleasant merged into Pattonville in 1951. Exact historical address requires mapping.
63043,Pattonville Grade School,Pattonville Grade School,Pattonville predecessor,Public Elementary,Before 1930,1950s,#VALUE!,#VALUE!,Pattonville area,St Louis County MO,Served ZIP/community,Probable,Closed/Replaced,Very High,Original Pattonville district grade school; by 1930s district had one grade school serving grades 1-8. Exact building location/date needs further research.
63043,Bridgeton Elementary School,Bridgeton School,Bridgeton School District/Pattonville predecessor,Public Elementary,Unknown,1960s,#VALUE!,#VALUE!,Bridgeton area,St Louis County MO,Served ZIP/community,Borderline,Closed/Successor,High,Bridgeton district annexed into Pattonville 1949-50; historical school should remain in inventory even though modern Bridgeton ZIPs differ.
63043,St. Ann Elementary School,St Ann School,St Ann School District/Pattonville predecessor,Public Elementary,Unknown,Unknown,#VALUE!,#VALUE!,St Ann area,St Ann MO,Served ZIP/community,Borderline,Closed/Successor,High,Historical Pattonville school. Modern physical address is outside 63043
63043,Willow Brook Elementary School,Willow Brook School,Pattonville R-III,Public Elementary,1959,,67,67,11022 Schuetz Road,11022 Schuetz Road Creve Coeur MO 63146,Served ZIP/community,Borderline,Current,High,Pattonville history identifies school as opened 1959; physical address is outside 63043 but it served nearby Maryland Heights/Pattonville communities.
63043,Bridgeway Elementary School,Bridgeway School,Pattonville R-III,Public Elementary,1963,,63,63,11635 Oakbury Court,11635 Oakbury Court Bridgeton MO 63044,Served ZIP/community,Borderline,Current,High,Opened 1963; physical ZIP is 63044 but historical Pattonville attendance/community area overlaps northern Maryland Heights.
63043,Holman Middle School,Holman Junior High; Pattonville Junior High,Pattonville R-III,Public Middle School,1956,,70,70,11055 St Charles Rock Road,11055 St Charles Rock Road St Ann MO 63074,Served ZIP/community,Borderline,Current,Very High,Opened 1956 as Holman Junior High; building occupies original Pattonville High site. Important historical/yearbook identity.
63043,Briar Crest Elementary School,Briar Crest School,Pattonville R-III,Public Elementary,1965,2018,53,53,2900 Adie Road,2900 Adie Road St Ann MO 63074,Served ZIP/community,Borderline,Closed,High,Opened 1965 and later became site of Pattonville Early Childhood Center. Retain because historical attendance area may overlap Maryland Heights.
63043,Carrollton Oaks Elementary School,Carrollton Oaks School,Pattonville R-III,Public Elementary,1967,2002,35,35,4385 Holmford Drive,4385 Holmford Drive Bridgeton MO 63044,Served ZIP/community,Borderline,Closed,High,Opened 1967 and closed 2002; airport acquired site. Historical Pattonville school.
63043,Carrollton Elementary School,Carrollton School,Pattonville R-III,Public Elementary,Unknown,2002,#VALUE!,#VALUE!,Bridgeton area,Bridgeton MO 63044,Served ZIP/community,Borderline,Closed,High,Closed 2002 and site acquired by Lambert Airport; retain for historical school-record searches.
63043,Pattonville School District - Original District School,Pattonville School,Pattonville predecessor,Public Elementary,1930,Unknown,#VALUE!,#VALUE!,Pattonville area,St Louis County MO,Served ZIP/community,Probable,Historical,Very High,Pattonville district history says the district consisted of one grade school in the early 1930s. Need exact school identity/address research.
63043,Maryland Heights School District - Rural District 24,Maryland Heights School District,Rural District 24,Public School District,1924,1962,38,38,Maryland Heights,115 Harding Maryland Heights MO 63043,Address,Confirmed,Closed/Merged,Very High,District founded as Rural District 24 in 1924 and later reorganized as town district; merged with Pattonville in 1962.
63043,Pattonville Consolidated School District R-3,Pattonville R-3,Pattonville School District,Public School District,1951,1958,7,7,Pattonville area,St Louis County MO,Served ZIP/community,Confirmed,Renamed,High,District name used after 1951 reorganization and before 1958 name modification to Pattonville R-3.
63043,Pattonville R-3 School District,Pattonville R-III,Pattonville R-III,Public School District,1958,,68,68,Pattonville/Maryland Heights,St Louis County MO,Served ZIP/community,Confirmed,Current,High,Current district identity; important umbrella term for historical records.
63044,Pattonville High School,Pattonville High School,Pattonville R-III,Public High School,1936,,90,90,11055 St Charles Rock Road,2497 Creve Coeur Mill Road Maryland Heights MO 63043,Served ZIP/community,Borderline,Current/Successor,Very High,Major historical high school serving Bridgeton/Pattonville; physical campus is outside 63044.
63044,Pattonville High School - Original Campus,Pattonville High School,Pattonville R-III,Public High School,1936,1971,35,35,11055 St Charles Rock Road,11055 St Charles Rock Road St Ann MO 63074,Served ZIP/community,Borderline,Closed/Relocated,Very High,Original Pattonville High campus; retain because yearbooks through 1970 may identify this location.
63044,Holman Middle School,Holman Junior High; Pattonville Junior High,Pattonville R-III,Public Middle School,1956,,70,70,11055 St Charles Rock Road,11055 St Charles Rock Road St Ann MO 63074,Served ZIP/community,Borderline,Current,Very High,Opened as Holman Junior High on original Pattonville High campus; strong historical publication target.
63044,Willow Brook Elementary School,Willow Brook School,Pattonville R-III,Public Elementary,1959,,67,67,11022 Schuetz Road,11022 Schuetz Road Creve Coeur MO 63146,Served ZIP/community,Borderline,Current,High,Pattonville historical school serving the broader district.
63044,Bridgeway Elementary School,Bridgeway School,Pattonville R-III,Public Elementary,1963,,63,63,11635 Oakbury Court,11635 Oakbury Court Bridgeton MO 63044,Address,Confirmed,Current,Very High,Current Pattonville elementary school; opened 1963.
63044,Carrollton Oaks Elementary School,Carrollton Oaks School,Pattonville R-III,Public Elementary,1967,2002,35,35,4385 Holmford Drive,4385 Holmford Drive Bridgeton MO 63044,Address,Confirmed,Closed,Very High,Opened 1967; closed 2002; site acquired by Lambert Airport. Strong yearbook/photograph target.
63044,Carrollton Elementary School,Carrollton School,Pattonville R-III,Public Elementary,Unknown,2002,#VALUE!,#VALUE!,Bridgeton area,Bridgeton MO 63044,Address,Confirmed,Closed,High,Historical Pattonville elementary identity; retain separately from Carrollton Oaks until relationship is established.
63044,Parkwood Elementary School,Parkwood School,Pattonville R-III,Public Elementary,1965,,61,61,3199 Parkwood Lane,3199 Parkwood Lane Maryland Heights MO 63043,Served ZIP/community,Borderline,Current,High,Physical ZIP is 63043 but historical Pattonville attendance area overlaps Bridgeton.
63044,Rose Acres Elementary School,Rose Acres School,Pattonville R-III,Public Elementary,1967,,59,59,2905 Rose Acres Lane,2905 Rose Acres Lane Maryland Heights MO 63043,Served ZIP/community,Borderline,Current,High,Adjacent Pattonville school; retain due to historical attendance boundaries.
63044,Remington Elementary School,Remington Elementary; Remington Traditional School; Academy of Innovation at Remington,Pattonville R-III,Public K-8,1955,,71,71,102 Fee Fee Road,102 Fee Fee Road Maryland Heights MO 63043,Served ZIP/community,Borderline,Current/Successor,High,Historical Pattonville school with multiple names; retain all institutional identities for yearbook searching.
63044,Remington Traditional School,Remington Elementary School,Pattonville R-III,Public K-8,1982,2024,42,42,102 Fee Fee Road,102 Fee Fee Road Maryland Heights MO 63043,Served ZIP/community,Borderline,Closed/Renamed,High,Important alternate name for searches of yearbooks and student publications.
63044,Academy of Innovation at Remington,Remington Traditional School,Pattonville R-III,Public K-8,2024,,2,2,102 Fee Fee Road,102 Fee Fee Road Maryland Heights MO 63043,Served ZIP/community,Borderline,Current/Successor,Medium,Current successor; lower yearbook priority due to recent establishment.
63044,Pattonville Heights Middle School,Pattonville Heights School; Pattonville Heights Junior High,Pattonville R-III,Public Middle School,1966,,60,60,195 Fee Fee Road,195 Fee Fee Road Maryland Heights MO 63043,Served ZIP/community,Borderline,Current,High,Adjacent Pattonville middle school; included for broad attendance-area coverage.
63044,Pattonville High School - Current Campus,Pattonville High School,Pattonville R-III,Public High School,1971,,55,55,2497 Creve Coeur Mill Road,2497 Creve Coeur Mill Road Maryland Heights MO 63043,Served ZIP/community,Borderline,Current,Very High,Current campus outside 63044 but serves the broader Pattonville/Bridgeton community.
63044,Bridgeton Elementary School,Bridgeton School,Bridgeton School District/Pattonville predecessor,Public Elementary,Unknown,1960s,#VALUE!,#VALUE!,Bridgeton area,Bridgeton MO 63044,Address,Confirmed,Closed/Successor,Very High,Historical Bridgeton school district institution; exact building/date needs district-history research.
63044,Bridgeton School District School,Bridgeton School,Bridgeton School District,Public Elementary,Unknown,1950,#VALUE!,#VALUE!,Bridgeton area,Bridgeton MO 63044,Address,Confirmed,Closed/Merged,Very High,Bridgeton district was annexed into Pattonville around 1949-50; retain as historical institutional identity.
63044,Carrollton School,Carrollton School,Bridgeton/Pattonville predecessor,Public Elementary,Unknown,Unknown,#VALUE!,#VALUE!,Carrollton/Bridgeton area,Bridgeton MO 63044,Address,Confirmed,Closed/Successor,High,Historical school identity should be searched independently of Carrollton Oaks.
63044,St. Charles Rock Road School,St Charles Rock Road School,Bridgeton/Pattonville predecessor,Public Elementary,Unknown,Unknown,#VALUE!,#VALUE!,St Charles Rock Road/Bridgeton area,Bridgeton MO 63044,Address,Probable,Closed/Successor,High,Historical school name encountered in district/community records; exact identity and address need verification.
63044,Pattonville Grade School,Pattonville Grade School,Pattonville predecessor,Public Elementary,Before 1930,1950s,#VALUE!,#VALUE!,Pattonville area,St Louis County MO,Served ZIP/community,Probable,Closed/Replaced,Very High,Original Pattonville grade school; district history says one grade school served grades 1-8 in early period.
63044,Penn-Junction School,Penn-Junction School,Pattonville predecessor,Public Elementary,1936,1950,14,14,St Charles Rock Road/Penn Junction area,St Louis County MO,Served ZIP/community,Borderline,Closed/Annexed,Very High,Created from Penn and Junction schools; annexed into Pattonville in 1950.
63044,Penn School,Penn School,Pattonville predecessor,Public Elementary,Unknown,1936,#VALUE!,#VALUE!,Near Penn Junction,St Louis County MO,Served ZIP/community,Borderline,Closed/Merged,Very High,Historical predecessor to Penn-Junction; exact site needs mapping.
63044,Junction School,Junction School,Pattonville predecessor,Public Elementary,1869,1936,67,67,St Charles Rock Road and Natural Bridge,St Louis County MO,Served ZIP/community,Borderline,Closed/Merged,Very High,One-room school dating to 1869; may fall outside modern 63044 but is important for historical residency evidence.
63044,Mount Pleasant School,Mount Pleasant School,Pattonville predecessor,Public Elementary,Unknown,1951,#VALUE!,#VALUE!,Mount Pleasant area,St Louis County MO,Served ZIP/community,Borderline,Closed/Merged,High,Historical predecessor annexed into Pattonville in 1951.
63044,Maryland Heights School,Maryland Heights Grade School; Maryland Heights High,Maryland Heights School District,Public Elementary/Secondary,1924,1962,38,38,115 Harding,115 Harding Maryland Heights MO 63043,Served ZIP/community,Borderline,Closed/Merged,High,Historical Maryland Heights school; district merged with Pattonville in 1962.
63044,Maryland Heights High School,Maryland Heights High,Maryland Heights School District,Public High School,1924,1962,38,38,115 Harding,115 Harding Maryland Heights MO 63043,Served ZIP/community,Borderline,Closed/Merged,High,Students transferred to Pattonville High after 1962 merger.
63044,Carver School for Negroes,Carver School,Maryland Heights School District,Public Elementary,Unknown,1962,#VALUE!,#VALUE!,Adie Road/Harding Avenue,Harding Avenue Maryland Heights MO 63043,Served ZIP/community,Borderline,Closed,Very High,Separate Black school in Maryland Heights district; critical archival target even though modern address is 63043.
63044,Carver School - Adie Road Campus,Carver School for Negroes,Maryland Heights School District,Public Elementary,Unknown,1951,#VALUE!,#VALUE!,End of Adie Road,Maryland Heights MO 63043,Served ZIP/community,Borderline,Closed/Replaced,Very High,Earlier Carver campus.
63044,Carver School - Harding Avenue Campus,Carver School for Negroes,Maryland Heights School District,Public Elementary,1951,1962,11,11,Harding Avenue,Maryland Heights MO 63043,Served ZIP/community,Borderline,Closed,Very High,Two-room replacement school built in 1951.
63044,Holy Spirit Catholic School,Holy Spirit School,Holy Spirit Parish/Archdiocese of St Louis,Parochial Elementary,1964,,62,62,3120 Parkwood Lane,3120 Parkwood Lane Maryland Heights MO 63043,Served ZIP/community,Borderline,Current,High,Adjacent Catholic school; included for broad historical attendance coverage.
63044,St. Angela Merici School,St Angela Merici Catholic School,St Angela Merici Parish/Archdiocese of St Louis,Parochial Elementary,Unknown,,#VALUE!,#VALUE!,3860 US Highway 67,3860 US Highway 67 Florissant MO 63034,Served ZIP/community,Borderline,Current/Unknown,High,Adjacent Catholic school; retain until historical catchment is established.
63044,St. Thomas the Apostle School,St Thomas the Apostle Catholic School,St Thomas the Apostle Parish/Archdiocese of St Louis,Parochial Elementary,Unknown,,#VALUE!,#VALUE!,5300 Derby Lane,5300 Derby Lane Florissant MO 63033,Served ZIP/community,Borderline,Current/Unknown,Medium,Adjacent northern Florissant Catholic school; retain pending boundary research.
63044,Our Lady of Fatima School,Our Lady of Fatima Catholic School,Archdiocese of St Louis,Parochial Elementary,Unknown,2004,#VALUE!,#VALUE!,4500 Washington Street,4500 Washington Street Florissant MO 63033,Served ZIP/community,Borderline,Closed,High,Closed Catholic school; strong archival/yearbook target.
63044,North Technical High School,North Technical School,Special School District of St Louis County,Public Vocational High School,Unknown,,#VALUE!,#VALUE!,1700 Derhake Road,1700 Derhake Road Florissant MO 63033,Served ZIP/community,Borderline,Current,Medium,Vocational school serving northern St Louis County; retain for publication searches.
63044,Northview High School,Northview School,Special School District of St Louis County,Public Special Education/High School,Unknown,,#VALUE!,#VALUE!,1520 Derhake Road,1520 Derhake Road Florissant MO 63033,Served ZIP/community,Borderline,Current,Low,Special education institution; retain for completeness.
63044,Positive School,POSITIVE School,Pattonville R-III,Public Alternative Secondary,1981,,45,45,Pattonville area,Pattonville MO,Served ZIP/community,Probable,Current/Integrated,Medium,Opened in 1981 as alternative school; later associated with Pattonville High.
63044,Bridgeton Senior High School,Bridgeton High School,Bridgeton School District,Public High School,Unknown,1950,#VALUE!,#VALUE!,Bridgeton area,Bridgeton MO 63044,Address,Confirmed,Closed/Merged,Very High,Historical Bridgeton high school identity to investigate independently; district merged into Pattonville around 1950.
63044,Bridgeton High School,Bridgeton Senior High School,Bridgeton School District,Public High School,Unknown,1950,#VALUE!,#VALUE!,Bridgeton area,Bridgeton MO 63044,Address,Confirmed,Closed/Merged,Very High,Alternate historical name; retain separately as a search term.
63045,Airport Elementary School,Airport School,Pattonville R-III,Public Elementary,Unknown,Unknown,#VALUE!,#VALUE!,Bridgeton/Earth City area,Bridgeton MO,Address/Community,Probable,Historical/Unknown,Very High,Historical Pattonville-area school identity requiring additional district-history research.
63045,Bridgeway Elementary School,Bridgeway School,Pattonville R-III,Public Elementary,1963,,63,63,11635 Oakbury Court,11635 Oakbury Court Bridgeton MO 63044,Served ZIP/community,Borderline,Current,High,Adjacent school serving Bridgeton/Pattonville area; retain because modern ZIP boundaries differ from historical attendance areas.
63045,Carrollton Oaks Elementary School,Carrollton Oaks School,Pattonville R-III,Public Elementary,1967,2002,35,35,4385 Holmford Drive,4385 Holmford Drive Bridgeton MO 63044,Served ZIP/community,Borderline,Closed,Very High,Closed in 2002; site acquired by Lambert Airport. Strong historical yearbook target.
63045,Carrollton Elementary School,Carrollton School,Pattonville R-III/Bridgeton predecessor,Public Elementary,Unknown,2002,#VALUE!,#VALUE!,Bridgeton area,Bridgeton MO 63044,Served ZIP/community,Borderline,Closed,High,Historical school identity; retain separately from Carrollton Oaks.
63045,Bridgeton Elementary School,Bridgeton School,Bridgeton School District/Pattonville predecessor,Public Elementary,Unknown,Unknown,#VALUE!,#VALUE!,Bridgeton/Earth City area,Bridgeton MO 63044,Served ZIP/community,Probable,Closed/Successor,Very High,Historical Bridgeton district school; exact campus needs verification.
63045,Bridgeton High School,Bridgeton Senior High School,Bridgeton School District,Public High School,Unknown,1950,#VALUE!,#VALUE!,Bridgeton area,Bridgeton MO 63044,Served ZIP/community,Borderline,Closed/Merged,Very High,Historical Bridgeton high school; Bridgeton district was absorbed into Pattonville around 1950.
63045,Bridgeton Senior High School,Bridgeton High School,Bridgeton School District,Public High School,Unknown,1950,#VALUE!,#VALUE!,Bridgeton area,Bridgeton MO 63044,Served ZIP/community,Borderline,Closed/Merged,Very High,Alternate name retained because yearbooks may use either identity.
63045,Pattonville High School,Pattonville High School,Pattonville R-III,Public High School,1936,,90,90,11055 St Charles Rock Road / 2497 Creve Coeur Mill Road,2497 Creve Coeur Mill Road Maryland Heights MO 63043,Served ZIP/community,Borderline,Current/Successor,Very High,Primary high-school repository target for the broader Bridgeton/Earth City area.
63045,Pattonville High School - Original Campus,Pattonville High School,Pattonville R-III,Public High School,1936,1971,35,35,11055 St Charles Rock Road,11055 St Charles Rock Road St Ann MO 63074,Served ZIP/community,Borderline,Closed/Relocated,Very High,Original Pattonville campus; retain for pre-1971 yearbooks.
63045,Holman Middle School,Holman Junior High; Pattonville Junior High,Pattonville R-III,Public Middle School,1956,,70,70,11055 St Charles Rock Road,11055 St Charles Rock Road St Ann MO 63074,Served ZIP/community,Borderline,Current,High,Historical Pattonville middle-school identity on original high-school site.
63045,Pattonville Heights Middle School,Pattonville Heights School; Pattonville Junior High,Pattonville R-III,Public Middle School,1966,,60,60,195 Fee Fee Road,195 Fee Fee Road Maryland Heights MO 63043,Served ZIP/community,Borderline,Current,High,Adjacent Pattonville middle school; retain for historical attendance coverage.
63045,Willow Brook Elementary School,Willow Brook School,Pattonville R-III,Public Elementary,1959,,67,67,11022 Schuetz Road,11022 Schuetz Road Creve Coeur MO 63146,Served ZIP/community,Borderline,Current,High,Historical Pattonville school; district-wide attendance boundaries changed repeatedly.
63045,Parkwood Elementary School,Parkwood School,Pattonville R-III,Public Elementary,1965,,61,61,3199 Parkwood Lane,3199 Parkwood Lane Maryland Heights MO 63043,Served ZIP/community,Borderline,Current,Medium,Adjacent Pattonville elementary; retained for broad community coverage.
63045,Rose Acres Elementary School,Rose Acres School,Pattonville R-III,Public Elementary,1967,,59,59,2905 Rose Acres Lane,2905 Rose Acres Lane Maryland Heights MO 63043,Served ZIP/community,Borderline,Current,Medium,Opened during major Pattonville expansion; retain for historical attendance research.
63045,Remington Elementary School,Remington Elementary; Remington Traditional School,Pattonville R-III,Public K-8,1955,,71,71,102 Fee Fee Road,102 Fee Fee Road Maryland Heights MO 63043,Served ZIP/community,Borderline,Current/Successor,Medium,Historical Pattonville school identity.
63045,Remington Traditional School,Remington Elementary School,Pattonville R-III,Public K-8,1982,2024,42,42,102 Fee Fee Road,102 Fee Fee Road Maryland Heights MO 63043,Served ZIP/community,Borderline,Closed/Renamed,Medium,Retain as independent institutional name for yearbook searches.
63045,Academy of Innovation at Remington,Remington Traditional School,Pattonville R-III,Public K-8,2024,,2,2,102 Fee Fee Road,102 Fee Fee Road Maryland Heights MO 63043,Served ZIP/community,Borderline,Current/Successor,Low,Recent successor institution.
63045,Penn-Junction School,Penn-Junction School,Pattonville predecessor,Public Elementary,1936,1950,14,14,St Charles Rock Road/Penn Junction area,St Louis County MO,Served ZIP/community,Borderline,Closed/Annexed,Very High,Created by merger of Penn and Junction schools; annexed into Pattonville in 1950.
63045,Penn School,Penn School,Pattonville predecessor,Public Elementary,Unknown,1936,#VALUE!,#VALUE!,Near Penn Junction,St Louis County MO,Served ZIP/community,Borderline,Closed/Merged,Very High,Historical predecessor to Penn-Junction.
63045,Junction School,Junction School,Pattonville predecessor,Public Elementary,1869,1936,67,67,St Charles Rock Road and Natural Bridge,St Louis County MO,Served ZIP/community,Borderline,Closed/Merged,Very High,One-room school dating to 1869; exact modern ZIP relationship requires mapping.
63045,Mount Pleasant School,Mount Pleasant School,Pattonville predecessor,Public Elementary,Unknown,1951,#VALUE!,#VALUE!,Mount Pleasant area,St Louis County MO,Served ZIP/community,Borderline,Closed/Merged,High,Historical Pattonville predecessor.
63045,Pattonville Grade School,Pattonville Grade School,Pattonville predecessor,Public Elementary,Before 1930,1950s,#VALUE!,#VALUE!,Pattonville area,St Louis County MO,Served ZIP/community,Probable,Closed/Replaced,Very High,Original Pattonville grade school serving grades 1-8.
63045,Maryland Heights School,Maryland Heights Grade School; Maryland Heights High,Maryland Heights School District,Public Elementary/Secondary,1924,1962,38,38,115 Harding,115 Harding Maryland Heights MO 63043,Served ZIP/community,Borderline,Closed/Merged,High,Historical Maryland Heights school; district merged into Pattonville in 1962.
63045,Maryland Heights High School,Maryland Heights High,Maryland Heights School District,Public High School,1924,1962,38,38,115 Harding,115 Harding Maryland Heights MO 63043,Served ZIP/community,Borderline,Closed/Merged,High,Students transferred to Pattonville after 1962.
63045,Carver School for Negroes,Carver School,Maryland Heights School District,Public Elementary,Unknown,1962,#VALUE!,#VALUE!,Adie Road/Harding Avenue,Harding Avenue Maryland Heights MO 63043,Served ZIP/community,Borderline,Closed,Very High,Separate Black school; critical archival target.
63045,Carver School - Adie Road Campus,Carver School for Negroes,Maryland Heights School District,Public Elementary,Unknown,1951,#VALUE!,#VALUE!,End of Adie Road,Maryland Heights MO 63043,Served ZIP/community,Borderline,Closed/Replaced,Very High,Earlier Carver campus.
63045,Carver School - Harding Avenue Campus,Carver School for Negroes,Maryland Heights School District,Public Elementary,1951,1962,11,11,Harding Avenue,Maryland Heights MO 63043,Served ZIP/community,Borderline,Closed,Very High,Two-room school built in 1951.
63045,Old Elm Grove School,Elm Grove School #9; Little Red Schoolhouse,Pattonville/Hazelwood predecessor,Public Elementary,1852,1952,100,100,450 Brookes Drive / Elm Grove area,Relocated to Brookes Park Hazelwood MO 63042,Served ZIP/community,Borderline,Closed/Relocated,Very High,Historic one-room school built 1852. Closed 1952 and moved in 1966. Major archival target.
63045,Cold Water School #2,Cold Water School,Hazelwood predecessor,Public Elementary,1859,1950s,#VALUE!,#VALUE!,15875 New Halls Ferry Road,Florissant MO 63031,Served ZIP/community,Borderline,Closed/Museum,Very High,Historic school identified in state historic survey; retain because northern Hazelwood community overlaps Earth City/Bridgeton.
63045,Prigge/Larimore School #6,Prigge School; Larimore School,Hazelwood predecessor,Public Elementary,1870,1950s,#VALUE!,#VALUE!,12125 Larimore Road,12125 Larimore Road Florissant MO 63031,Served ZIP/community,Borderline,Closed,High,Historic one-room school identified in state historic survey.
63045,Brown School #1,Brown School,Hazelwood predecessor,Public Elementary,1860,1950s,#VALUE!,#VALUE!,19710 Old Jamestown Road,19710 Old Jamestown Road Florissant MO 63031,Served ZIP/community,Borderline,Closed,High,Historic Hazelwood predecessor; state survey dates surviving building to 1860.
63045,Melrose School #57,Melrose School,Hazelwood predecessor,Public Elementary,c.1859,1950s,#VALUE!,#VALUE!,18820 Melrose Road,18820 Melrose Road Florissant MO 63031,Served ZIP/community,Borderline,Closed/Converted,High,Historic Hazelwood predecessor identified in state school survey.
63045,Hyatt School #10,Hyatt School,Hazelwood predecessor,Public Elementary,1870,1950s,#VALUE!,#VALUE!,1920 Shackelford Road,1920 Shackelford Road Florissant MO 63031,Served ZIP/community,Borderline,Closed/Converted,High,Historic Hazelwood predecessor; surviving building identified by Missouri historic survey.
63045,Twillman School,Twillman School,Hazelwood predecessor,Public Elementary,1850,,176,176,11831 Bellefontaine Road,11831 Bellefontaine Road St Louis MO 63138,Served ZIP/community,Borderline,Current/Successor,High,Original one-room school constructed 1850; current building substantially remodeled. Hazelwood district identifies it as a historical school.
63045,North Technical High School,North Technical School,Special School District of St Louis County,Public Vocational High School,Unknown,,#VALUE!,#VALUE!,1700 Derhake Road,1700 Derhake Road Florissant MO 63033,Served ZIP/community,Borderline,Current,Medium,Vocational school serving northern county; retain for completeness.
63045,Northview High School,Northview School,Special School District of St Louis County,Public Special Education/High School,Unknown,,#VALUE!,#VALUE!,1520 Derhake Road,1520 Derhake Road Florissant MO 63033,Served ZIP/community,Borderline,Current,Low,Special education institution; retain for completeness.
63045,Hazelwood Central High School,Hazelwood High School; Hazelwood Central,Hazelwood School District,Public High School,1954,,72,72,1865 Dunn Road / 15875 New Halls Ferry Road,15875 New Halls Ferry Road Florissant MO 63031,Served ZIP/community,Borderline,Current/Successor,High,Original Hazelwood High opened 1954; second building opened 1966 and later became Central. Keep both institutional phases.
63045,Hazelwood High School - Original,Hazelwood High School,Hazelwood School District,Public High School,1954,1965,11,11,1865 Dunn Road,1865 Dunn Road Florissant MO 63031,Served ZIP/community,Borderline,Closed/Replaced,Very High,Original Hazelwood high school; now used as Hazelwood Opportunity Center. Critical yearbook target.
63045,Hazelwood High School - Second Building,Hazelwood High School; later Hazelwood Central,Hazelwood School District,Public High School,1965,,61,61,15875 New Halls Ferry Road,15875 New Halls Ferry Road Florissant MO 63031,Served ZIP/community,Borderline,Current/Successor,Very High,Opened 1966 and held 2
63074,Buder Elementary School,Buder School,Ritenour School District,Public Elementary,Unknown,,#VALUE!,#VALUE!,10350 Baltimore Avenue,10350 Baltimore Ave St Ann MO 63074,Address,Confirmed,Current,High,Current Ritenour elementary school physically in 63074.
63074,Hoech Middle School,Hoech Junior High; Hoech School,Ritenour School District,Public Middle School,Unknown,,#VALUE!,#VALUE!,3312 Ashby Road,3312 Ashby Rd St Ann MO 63074,Address,Confirmed,Current,High,Current Ritenour middle school physically in 63074.
63074,Holman Middle School,Holman Junior High; Pattonville Junior High,Pattonville R-III,Public Middle School,1960,,66,66,11055 St Charles Rock Road,11055 St Charles Rock Rd St Ann MO 63074,Address,Confirmed,Current,Very High,Dedicated August 28 1960; originally named Pattonville Junior High but renamed Holman Junior High before completion. Became Holman Middle School in 1982.
63074,Drummond Elementary School,Robert Drummond Elementary School,Pattonville R-III,Public Elementary,2002,,24,24,3721 St Bridget Lane,3721 St Bridget Ln St Ann MO 63074,Address,Confirmed,Current,High,Opened August 2002 as replacement for schools removed due to Lambert Airport expansion.
63074,Briar Crest Elementary School,Briar Crest School,Pattonville R-III,Public Elementary,1965,2018,53,53,2900 Adie Road,2900 Adie Rd St Ann MO 63074,Address,Confirmed,Closed/Replaced,Very High,Former Pattonville elementary school. Site became Pattonville Early Childhood Center in 2018.
63074,Pattonville Early Childhood Center,Pattonville Preschool; Early Childhood Center,Pattonville R-III,Public Early Childhood,2018,,8,8,2900 Adie Road,2900 Adie Rd St Ann MO 63074,Address,Confirmed,Current/Successor,Medium,Opened at former Briar Crest site for 2018-19 school year.
63074,St. Ann Elementary School,St. Ann School; St. Ann Elementary,Pattonville R-III,Public Elementary,Unknown,1980s,#VALUE!,#VALUE!,St Bridget Lane near Airway Drive-In,St Ann MO 63074,Historical Address,Confirmed,Closed,Very High,Historical Pattonville elementary school located on St Bridget Lane. Pattonville historical sources identify it as a former school that closed in the 1980s.
63074,Pattonville Elementary School,Pattonville Grade School; Fee Fee District No. 16 School,Pattonville R-III,Public Elementary,Before 1930,1967,#VALUE!,#VALUE!,Fee Fee Road near St Charles Rock Road,St Ann MO 63074,Historical Address,Confirmed,Closed/Replaced,Very High,Original Pattonville grade school. Pattonville history says the district had one grade school serving grades 1-8 in the early 1930s. Replaced by Parkwood beginning in 1967.
63074,Penn Elementary School,Penn School,Pattonville predecessor,Public Elementary,Before 1940,1940s,#VALUE!,#VALUE!,Old St Charles Rock Road,St Ann/Bridgeton area,Served ZIP/community,Confirmed,Closed/Merged,Very High,One-room school. Closed in the 1940s. Important 1940s residency/yearbook research target.
63074,Junction Elementary School,Junction School,Pattonville predecessor,Public Elementary,1869,1954,85,85,McKelvey Road near Vigus Quarry,McKelvey Road area,Served ZIP/community,Confirmed,Closed/Merged,Very High,One-room school. Pattonville historical sources identify closure in 1954.
63074,Penn-Junction School,Penn Junction School,Penn-Junction / Pattonville,Public Elementary,1955,1980s,#VALUE!,#VALUE!,Old St Charles Rock Road / near Pattonville High,St Ann/Bridgeton area,Served ZIP/community,Confirmed,Closed,Very High,Opened 1955 replacing Penn and Junction schools. Closed in the 1980s. Building reportedly remains and was later used as a Christian school.
63074,Mount Pleasant Elementary School,Mount Pleasant School,Pattonville predecessor,Public Elementary,Unknown,1978,#VALUE!,#VALUE!,Warson Road at Kratky Lane,St Louis County MO,Served ZIP/community,Confirmed,Closed,High,Pattonville predecessor school; closed 1978. Physical location is outside modern 63074 but historical Pattonville/St Ann relevance warrants retention.
63074,Bridgeton School,Bridgeton Elementary School,Bridgeton School District / Pattonville,Public Elementary,Unknown,1980s,#VALUE!,#VALUE!,Bridgeton area,Bridgeton MO 63044,Served ZIP/community,Confirmed,Closed/Merged,High,Bridgeton district was annexed into Pattonville in 1950. School reportedly remained open until the 1980s.
63074,Bridgeton High School,Bridgeton Senior High School,Bridgeton School District,Public High School,Unknown,1950,#VALUE!,#VALUE!,Bridgeton area,Bridgeton MO 63044,Served ZIP/community,Probable,Closed/Merged,Very High,Retain because Bridgeton residents in historical 63074-area communities could have attended before the 1950 annexation.
63074,Pattonville High School,Pattonville High School,Pattonville R-III,Public High School,1936,,90,90,11055 St Charles Rock Road,2497 Creve Coeur Mill Rd Maryland Heights MO 63043,Served ZIP/community,Confirmed,Current/Relocated,Very High,Original Pattonville High opened in 1936 at 11055 St Charles Rock Road in St Ann. Current campus opened 1971.
63074,Pattonville High School - Original Campus,Pattonville High School,Pattonville R-III,Public High School,1936,1971,35,35,11055 St Charles Rock Road,11055 St Charles Rock Rd St Ann MO 63074,Address,Confirmed,Closed/Relocated,Very High,Original Pattonville High location; essential for 1936-1970 yearbook searches.
63074,Pattonville High School - Current Campus,Pattonville High School,Pattonville R-III,Public High School,1971,,55,55,2497 Creve Coeur Mill Road,2497 Creve Coeur Mill Rd Maryland Heights MO 63043,Served ZIP/community,Confirmed,Current,Very High,Current campus is outside 63074 but continues to serve St Ann residents.
63074,Positive School,POSITIVE School,Pattonville R-III,Public Alternative High School,1981,,45,45,Pattonville area,St Ann/Pattonville area,Served ZIP/community,Confirmed,Current/Integrated,Medium,Alternative high-school program established in 1981; associated with Pattonville High School.
63074,Pattonville Heights Middle School,Pattonville Heights School; Pattonville Heights Junior High,Pattonville R-III,Public Middle School,1966,,60,60,195 Fee Fee Road,195 Fee Fee Rd Maryland Heights MO 63043,Served ZIP/community,Borderline,Current,High,Adjacent Pattonville middle school; historical attendance boundaries can cross modern ZIP lines.
63074,Parkwood Elementary School,Parkwood School,Pattonville R-III,Public Elementary,1965,,61,61,3199 Parkwood Lane,3199 Parkwood Ln Maryland Heights MO 63043,Served ZIP/community,Borderline,Current,High,Opened 1965; replaced Pattonville Elementary beginning in 1967.
63074,Carrollton Oaks Elementary School,Carrollton Oaks School,Pattonville R-III,Public Elementary,1967,2002,35,35,4385 Holmford Drive,4385 Holmford Dr Bridgeton MO 63044,Served ZIP/community,Borderline,Closed,High,Closed in 2002; airport acquired site. Included because Pattonville attendance areas extended into adjacent communities.
63074,Carrollton Elementary School,Carrollton School,Pattonville R-III,Public Elementary,Unknown,2002,#VALUE!,#VALUE!,Bridgeton area,Bridgeton MO 63044,Served ZIP/community,Borderline,Closed,High,Historical Pattonville elementary identity; retain separately until relationship to Carrollton Oaks is fully resolved.
63074,Bridgeway Elementary School,Bridgeway School,Pattonville R-III,Public Elementary,1963,,63,63,11635 Oakbury Court,11635 Oakbury Ct Bridgeton MO 63044,Served ZIP/community,Borderline,Current,High,Adjacent Pattonville elementary serving the broader St Ann/Bridgeton community.
63074,Willow Brook Elementary School,Willow Brook School,Pattonville R-III,Public Elementary,1959,,67,67,11022 Schuetz Road,11022 Schuetz Rd Creve Coeur MO 63146,Served ZIP/community,Borderline,Current,Medium,Historical Pattonville school; included because district attendance boundaries changed substantially over time.
63074,Ritenour High School,Ritenour Senior High School,Ritenour School District,Public High School,1927,,99,99,9100 St Charles Rock Road,9100 St Charles Rock Rd St Louis MO 63114,Served ZIP/community,Confirmed,Current,Very High,"Ritenour high school historically served the St Ann community. Pattonville history specifically states that before Pattonville High existed, Pattonville-area students attended Ritenour, Normandy and University City high schools."
63074,Ritenour High School - Historical,Ritenour High School,Ritenour School District,Public High School,1927,,99,99,St Charles Rock Road,St Louis County MO,Served ZIP/community,Confirmed,Historical/Successor,Very High,Ritenour district is one of the oldest county districts; high-school yearbooks are a major repository target for pre-Pattonville and Ritenour-area residents.
63074,Ritenour Middle School,Ritenour Junior High,Ritenour School District,Public Middle School,Unknown,,#VALUE!,#VALUE!,2500 Marshall Avenue,2500 Marshall Ave St Louis MO 63114,Served ZIP/community,Borderline,Current,High,Historical Ritenour middle-school identity; physical campus outside 63074.
63074,DeHart School,Lewis DeHart Eight Room Elementary School,Ritenour School District,Public Elementary,1945,1980,35,35,Woodson Road/Breckenridge Hills,St Louis County MO,Served ZIP/community,Borderline,Closed,Very High,Ritenour board approved DeHart and Iveland elementary buildings in 1943; DeHart opened in 1945 and closed in 1980. Important mid-century yearbook target.
63074,Iveland Elementary School,Iveland School,Ritenour School District,Public Elementary,1940s,,#VALUE!,#VALUE!,1836 Dyer Avenue,1836 Dyer Ave St Louis MO 63114,Served ZIP/community,Borderline,Current,High,One of two Ritenour elementary buildings approved in 1943. Current Iveland remains a Ritenour school.
63074,Buck School,Buck Schoolhouse,Ritenour predecessor,Public Elementary,1846,Unknown,#VALUE!,#VALUE!,Ritenour area,St Louis County MO,Served ZIP/community,Borderline,Historical,Very High,"Ritenour history begins with Buck School, a one-room log cabin built in 1846. Retain as historical predecessor."
63074,Lackland Avenue School,Lackland School,Ritenour predecessor,Public Elementary/High School,1900s,1915,#VALUE!,#VALUE!,Lackland Avenue and Sims Avenue,Overland MO 63114,Served ZIP/community,Borderline,Closed/Merged,Very High,Ritenour identifies this as the site of the first high-school class for African Americans in St Louis County in 1913; merged with Elmwood Park School in 1915.
63074,Elmwood Park School,Elmwood Park School,Ritenour predecessor,Public Elementary,1900s,Unknown,#VALUE!,#VALUE!,Chicago Heights Boulevard and Dielman Road,St Louis County MO,Served ZIP/community,Borderline,Historical/Successor,Very High,Ritenour school for African American children; combined with Lackland Avenue School in 1915.
63074,Holy Trinity School,Holy Trinity Parish School,Holy Trinity Parish / Archdiocese of St Louis,Parochial PK-8,Unknown,2024,#VALUE!,#VALUE!,10901 St Henry Lane,10901 St Henry Ln St Ann MO 63074,Address,Confirmed,Closed/Converted,Very High,Former Catholic school on property acquired by Ritenour in 2024 for the Ritenour Center for Educational Excellence. Important private-school yearbook target.
63074,Holy Trinity Catholic School,Holy Trinity School,Holy Trinity Parish / Archdiocese of St Louis,Parochial PK-8,Unknown,2024,#VALUE!,#VALUE!,10901 St Henry Lane,10901 St Henry Ln St Ann MO 63074,Address,Confirmed,Closed/Converted,Very High,Alternate name appearing in school/property records; retain separately as search identity.
63074,Hope Lutheran School - St. Ann,Hope Lutheran School; Hope Lutheran School-St Ann,Lutheran Church / Hope Lutheran,Private PK-8,Unknown,,#VALUE!,#VALUE!,10701 St Cosmas Lane,10701 St Cosmas Ln St Ann MO 63074,Address,Confirmed,Current/Unknown,High,Private Lutheran school physically in 63074; historical founding date needs additional verification.
63074,St. Ann Catholic School,St. Ann School,St. Ann Catholic Parish / Archdiocese of St Louis,Parochial K-8,Unknown,,#VALUE!,#VALUE!,St Ann area,Normandy MO 63121,Served ZIP/community,Borderline,Current,High,"Important Catholic-school search term, but current campus is in 63121. Do not confuse with St. Ann Elementary School in St Ann 63074."
63074,American Trade School,American Trade School,Private/Vocational,Postsecondary Trade School,Unknown,,#VALUE!,#VALUE!,3925 Industrial Drive,3925 Industrial Dr St Ann MO 63074,Address,Confirmed,Current,Medium,Current vocational institution; not likely to have traditional yearbooks but retained for college/postsecondary completeness.
63074,Olivet University - St. Louis Campus,Olivet University St. Louis; St. Ann Campus,Olivet University,College/University,Unknown,,#VALUE!,#VALUE!,10257 St Charles Rock Road,10257 St Charles Rock Rd St Ann MO 63074,Address,Confirmed,Current,Medium,Current postsecondary institution at St Ann address; likely low yearbook value.
63074,St. Ann School District,Historical St. Ann public school district,St. Ann predecessor district,Public School District,Unknown,Unknown,#VALUE!,#VALUE!,St Ann area,St Ann MO 63074,Served ZIP/community,Lead,Historical/Unknown,High,Retain as a district-level search identity while county school records are reconstructed.
63074,Ritenour Consolidated School District,Ritenour Consolidated District,Ritenour School District,School District,1910,,116,116,Ritenour area,St Louis County MO,Served ZIP/community,Confirmed,Historical/Successor,High,Ritenour was organized as a consolidated district in 1910; land was added from Scudder District in 1940 and 1949.
63074,Pattonville School District,School District of Pattonville; Pattonville Consolidated School District R-3; Pattonville R-III,Pattonville R-III,School District,1930,,96,96,St Charles Rock Road,11097 St Charles Rock Rd St Ann MO 63074,Address,Confirmed,Current,High,Pattonville became a town school district in 1930 and is currently headquartered in St Ann.
63114,Ritenour High School,Ritenour Senior High School; Ritenour High,Ritenour School District,Public High School,1918,,108,108,9100 St Charles Rock Road,9100 St Charles Rock Rd St Louis MO 63114,Address,Confirmed,Current,Very High,Ritenour's first graduating class was 1918; current high school building opened 1950. First yearbook was published in 1929 under the name Melaureus.
63114,Ritenour High School - Forest Avenue Campus,Ritenour High School,Ritenour School District,Public High School,1924,1950,26,26,8740 Forest Avenue,2500 Marshall Ave St Louis MO 63114,Address,Confirmed,Closed/Converted,Very High,Original 1924 high-school building; became Ritenour Junior High after the new high school opened. Current Ritenour Middle occupies the site.
63114,Ritenour High School - Old Overland Campus,Overland School; Ritenour/Overland School,Ritenour School District,Public High School,1918,1924,6,6,2420 Woodson Road,2420 Woodson Rd St Louis MO 63114,Address,Confirmed,Closed/Replaced,Very High,Ritenour High School operated in the old Overland School building before moving to Forest Avenue in 1924.
63114,Ritenour Middle School,Ritenour Junior High School,Ritenour School District,Public Middle School,1924,,102,102,2500 Marshall Avenue,2500 Marshall Ave St Louis MO 63114,Address,Confirmed,Current/Successor,Very High,Original Ritenour High School building from 1924; became junior high in late 1940s and middle school in 1981. Historical yearbooks may be under Ritenour Junior High.
63114,Ritenour Junior High School,Ritenour Junior High,Ritenour School District,Public Middle School,1940s,1981,#VALUE!,#VALUE!,2500 Marshall Avenue,2500 Marshall Ave St Louis MO 63114,Address,Confirmed,Successor,Very High,Institutional name used after original high-school building became junior high.
63114,Marion Elementary School,Marion School,Ritenour School District,Public Elementary,1925,,101,101,2634 Sims Avenue,2634 Sims Ave St Louis MO 63114,Address,Confirmed,Current,Very High,Original Marion school opened 1925; old building demolished after 1990 bond issue and replaced with current structure.
63114,New Overland School,New Overland Elementary School,Ritenour School District,Public Elementary,1929,1975,46,46,2318 Woodson Road at Palmer,Overland Post Office site,Address,Confirmed,Closed/Demolished,Very High,Built 1929; closed 1975. Building sold to USPS in 1997 and demolished. Excellent historical school target.
63114,Overland School,Ritenour or Overland School,Ritenour predecessor,Rural/Public Elementary,1907,1924,17,17,2420 Woodson Road north of Lackland,2420 Woodson Rd St Louis MO 63114,Address,Confirmed,Closed/Replaced,Very High,1907 school building; later housed Ritenour High School before 1924. Current Ritenour administrative center is at this location.
63114,Home Heights School,Home Heights School,Ritenour School District,Public Elementary,1907,1976,69,69,3238 Marshall Avenue at St Charles,Marshall/St Charles area,Address,Confirmed,Closed/Demolished,Very High,Original building opened 1907; four-room brick replacement opened 1916. Closed 1976 and demolished 1998.
63114,Midland School,Midland Elementary School,Ritenour School District,Public Elementary,1925,1976,51,51,8710 Forest Avenue,8710 Forest Ave St Louis County MO,Served ZIP/community,Confirmed,Closed/Demolished,Very High,Built 1925 next to original Ritenour High School. Closed 1976 and demolished 1991.
63114,Marvin Elementary School,Marvin School,Ritenour School District,Public Elementary,1928,,98,98,3510 Woodson Road,3510 Woodson Rd St Louis County MO,Served ZIP/community,Confirmed,Current,High,Historic Ritenour school built 1928 and still part of district school history.
63114,Iveland Elementary School,Iveland School,Ritenour School District,Public Elementary,1936,,90,90,1836 Dyer Avenue,1836 Dyer Ave St Louis MO 63114,Address,Confirmed,Current,Very High,Historic school opened 1936; one of Ritenour's oldest surviving school identities.
63114,Buder Elementary School,Buder School,Ritenour School District,Public Elementary,1939,1981,42,42,10350 Baltimore Avenue,10350 Baltimore Ave St Ann MO 63074,Served ZIP/community,Borderline,Closed/Successor,High,Opened 1939 after replacing Ashby School. Physical address is now 63074 but historical Ritenour attendance relationship warrants retention.
63114,Ashby School,Ashby Road School,Ritenour predecessor,Rural/Public Elementary,1936,1939,3,3,Ashby Road and Clarendon Avenue,Ashby Road area,Served ZIP/community,Confirmed,Closed/Replaced,Very High,Portable building relocated from Ritenour/Overland School; housed grades 1-4 from 1936-1939 before Buder opened.
63114,DeHart Elementary School,Lewis DeHart Eight Room Elementary School,Ritenour School District,Public Elementary,1945,1980,35,35,Woodson Road / Breckenridge Hills,St Louis County MO,Served ZIP/community,Confirmed,Closed/Demolished,Very High,Opened 1945 after 1943 board approval. Closed 1980; property sold 1988 and building demolished.
63114,Elmwood Park School,Elmwood Park School,Ritenour predecessor,Public Elementary,1900s,1915,#VALUE!,#VALUE!,Chicago Heights Boulevard and Dielman Road,St Louis County MO,Served ZIP/community,Confirmed,Closed/Merged,Very High,Historical school for African-American children. Combined with Lackland Avenue School in 1915.
63114,Lackland Avenue School,Lackland School,Ritenour predecessor,Public Elementary/High School,1888,1915,27,27,2358 Lackland Avenue,2358 Lackland Ave Overland MO,Served ZIP/community,Confirmed,Closed/Merged,Very High,Ritenour's African-American school. Hosted St Louis County's first high-school classes for African-American students in 1913.
63114,Lackland Avenue High School Classes,Lackland Avenue School,Ritenour predecessor,Public High School,1913,1915,2,2,2358 Lackland Avenue,2358 Lackland Ave Overland MO,Served ZIP/community,Confirmed,Closed/Merged,Very High,"Not a separate campus, but important institutional identity for searching historical records."
63114,Buck School,Buck Schoolhouse,Ritenour predecessor,Rural/Public Elementary,1846,Unknown,#VALUE!,#VALUE!,Woodson and Lackland roads,2420 Woodson Rd St Louis MO 63114,Served ZIP/community,Confirmed,Historical,Very High,One-room log cabin built 1846; district's foundational school.
63114,Ritenour School,Ritenour School; Ritenour/Overland School,Ritenour predecessor,Public Elementary,1867,1907,40,40,Woodson/Lackland area,2420 Woodson Rd St Louis MO 63114,Served ZIP/community,Confirmed,Closed/Replaced,Very High,Ritenour district records identify the 1867 formation of the district from Buck School and a nearby African-American school.
63114,Pattonville High School,Pattonville High School,Pattonville R-III,Public High School,1936,,90,90,2497 Creve Coeur Mill Road,2497 Creve Coeur Mill Rd Maryland Heights MO 63043,Served ZIP/community,Borderline,Current,Very High,"Pattonville-area residents historically attended Ritenour, Normandy and University City before Pattonville High opened. Current campus outside ZIP but district overlap warrants retention."
63114,Pattonville High School - Original Campus,Pattonville High School,Pattonville R-III,Public High School,1936,1971,35,35,11055 St Charles Rock Road,11055 St Charles Rock Rd St Ann MO 63074,Served ZIP/community,Borderline,Closed/Relocated,Very High,Original campus; important for historical Pattonville records.
63114,Pattonville Junior High,Holman Junior High; Holman Middle School,Pattonville R-III,Public Middle School,1960,,66,66,11055 St Charles Rock Road,11055 St Charles Rock Rd St Ann MO 63074,Served ZIP/community,Borderline,Current/Successor,High,Opened 1960 and later renamed Holman; included because Pattonville attendance areas overlap 63114.
63114,Parkwood Elementary School,Parkwood School,Pattonville R-III,Public Elementary,1965,,61,61,3199 Parkwood Lane,3199 Parkwood Ln Maryland Heights MO 63043,Served ZIP/community,Borderline,Current,High,Pattonville elementary serving portions of the adjacent area.
63114,St. Ann Elementary School,St. Ann School,Pattonville R-III,Public Elementary,Unknown,1980s,#VALUE!,#VALUE!,St Bridget Lane,St Ann MO 63074,Served ZIP/community,Borderline,Closed,High,Former Pattonville elementary school; closed in the 1980s.
63114,Penn-Junction School,Penn Junction School,Pattonville predecessor,Public Elementary,1955,1980s,#VALUE!,#VALUE!,St Charles Rock Road area,St Ann/Bridgeton,Served ZIP/community,Borderline,Closed,High,Opened 1955 after Penn and Junction schools closed.
63114,Normandy High School,Normandy Senior High School,Normandy Schools Collaborative,Public High School,1920s,,#VALUE!,#VALUE!,6701 St Charles Rock Road,6701 St Charles Rock Rd St Louis MO 63133,Served ZIP/community,Confirmed,Current,Very High,"63114 is served by Normandy as well as Ritenour and Pattonville. Historical yearbooks are available for many years including 1931, 1933, 1935, 1937, 1938, 1942, 1947, 1949, 1950, 1964 and 1966."
63114,Normandy High School - Historical Campus,Normandy High School,Normandy School District,Public High School,Unknown,Unknown,#VALUE!,#VALUE!,Normandy area,Normandy MO,Served ZIP/community,Borderline,Historical/Successor,Very High,Search separately because campus and institutional names changed over time.
63114,Normandy Junior High School,Normandy Junior High,Normandy School District,Public Middle School,Unknown,Unknown,#VALUE!,#VALUE!,Normandy area,St Louis County MO,Served ZIP/community,Borderline,Historical/Current,High,Retain as separate historical search identity.
63114,Bel-Nor School,Bel-Nor School,Normandy School District,Public Elementary,Unknown,Unknown,#VALUE!,#VALUE!,Bel-Nor area,Bel-Nor MO 63121,Served ZIP/community,Borderline,Historical/Current,High,63114 includes portions of Bel-Nor and Normandy attendance territory.
63114,Bel-Ridge School,Bel-Ridge School,Normandy School District,Public Elementary,Unknown,Unknown,#VALUE!,#VALUE!,Bel-Ridge area,Bel-Ridge MO 63114,Address,Probable,Historical/Current,High,Historical/current elementary-school identity associated with Normandy area; verify district records.
63114,Christian Academy of Greater St. Louis,Christian Academy of Greater St. Louis,Private Christian,Private K-12,Unknown,,#VALUE!,#VALUE!,11050 Saint Charles Rock Road,11050 St Charles Rock Rd St Ann MO 63074,Served ZIP/community,Borderline,Current,Medium,Private school identified as serving 63114 area; current address outside ZIP.
63114,Incarnate Word Academy,Incarnate Word Academy,Religious of the Incarnate Word,Private Catholic High School,1932,,94,94,2788 Normandy Drive,2788 Normandy Dr St Louis MO 63121,Served ZIP/community,Borderline,Current,Very High,"Adjacent Catholic girls' high school; historical yearbooks exist, including 1958, and should be retained for broad residency research."
63114,Loretto Academy,Loretto Academy,Religious/private Catholic,Private School,Unknown,Unknown,#VALUE!,#VALUE!,St Louis County,St Louis County MO,Served ZIP/community,Lead,Historical,High,Historical Catholic school lead requiring archive verification.
63114,St. Louis Community College - Florissant Valley,Florissant Valley Community College,St. Louis Community College,Community College,1965,,61,61,3400 Pershall Road,3400 Pershall Rd St Louis MO 63135,Served ZIP/community,Borderline,Current,Medium,Outside ZIP but major public college serving North County; retain for later college inventory rather than treating as a 63114 institution.
63114,Ritenour Adult Education,Ritenour Adult Education,Ritenour School District,Adult Education,Unknown,,#VALUE!,#VALUE!,2420 Woodson Road,2420 Woodson Rd St Louis MO 63114,Address,Confirmed,Current,Low,Current adult education program; low yearbook value but useful for complete institutional inventory.
63121,Normandy High School,Normandy Senior High School; Normandy High,Normandy School District,Public High School,1922,,104,104,6701 St Charles Rock Road,6701 St Charles Rock Rd St Louis MO 63133,Served ZIP/community,Confirmed,Current,Very High,Normandy High began in 1922 in the former Eden Seminary. Current campus is just outside 63121 but the school historically served Normandy/Bel-Nor residents.
63121,Normandy High School - Eden Seminary Campus,Eden Seminary; Original Normandy High School,Normandy School District,Public High School,1922,1958,36,36,6701 St Charles Rock Road,6701 St Charles Rock Rd St Louis MO 63133,Historical community,Confirmed,Closed/Replaced,Very High,Former seminary purchased by Normandy for use as high school. Fire damaged building in 1949; remaining first floor demolished in 1958.
63121,Normandy High School - Original High School Classes,Washington School High School,Normandy School District,Public High School,1907,1912,5,5,Old Washington School,Normandy/Bel-Nor area,Served ZIP/community,Confirmed,Closed,Very High,First Normandy high-school classes were taught at old Washington School beginning in 1907. School closed in 1912 because it could not meet accreditation requirements.
63121,Normandy Junior High School,Normandy Junior High; Normandy Junior High/Middle,Normandy School District,Public Middle School,1934,1949,15,15,6701 St Charles Rock Road,6701 St Charles Rock Rd St Louis MO 63133,Served ZIP/community,Confirmed,Closed/Relocated,Very High,Junior high building added to Normandy High campus in 1934; separate Natural Bridge facility constructed beginning 1948.
63121,Normandy Junior High School - Natural Bridge Campus,Normandy Junior High School,Normandy School District,Public Middle School,1949,,77,77,7855 Natural Bridge Road,7855 Natural Bridge Rd St Louis MO 63121,Address,Confirmed,Current/Successor,Very High,New junior high facility opened around 1949; current Normandy Middle School complex occupies the historical Natural Bridge site.
63121,Normandy Middle School at Lucas Crossing,Normandy Middle School; Normandy Junior High,Normandy Schools Collaborative,Public Middle School,1949,,77,77,7855 Natural Bridge Road,7855 Natural Bridge Rd St Louis MO 63121,Address,Confirmed,Current,Very High,Current successor institution at historical junior-high site.
63121,Washington School,Washington School,Normandy predecessor/Public District,Public Elementary,1894,1930,36,36,Valhalla Cemetery / Washington area,Normandy area,Served ZIP/community,Confirmed,Closed/Replaced,Very High,First school constructed by Normandy district; district history says school was built in 1894 and new Washington building followed in 1895.
63121,Washington School - 1895 Building,New Washington School,Normandy School District,Public Elementary,1895,1930,35,35,Valhalla Cemetery area,Normandy MO,Served ZIP/community,Confirmed,Closed/Replaced,Very High,Replacement Washington building constructed in 1895.
63121,Washington School - 1930 Building,Washington School,Normandy School District,Public Elementary,1930,,96,96,1730 N Hanley Road,1730 N Hanley Rd St Louis MO 63114,Served ZIP/community,Borderline,Current,Very High,1930 replacement school; physical address is now 63114 but historically part of Normandy system.
63121,Normandy School,Normandy School,Normandy School District,Public Elementary,1897,,129,129,7629 Natural Bridge Road,7629 Natural Bridge Rd Normandy MO 63121,Address,Confirmed,Historical/Converted,Very High,One of Normandy district's original schools. Historic building dates to 1897 and is now used by Murchison Tabernacle CME Church.
63121,Roosevelt School,Roosevelt School,Normandy School District,Public Elementary,1930,1938,8,8,7629 Natural Bridge Road,7629 Natural Bridge Rd Normandy MO 63121,Address,Confirmed,Closed/Renamed,Very High,Normandy School was later used as Roosevelt School; Missouri historic survey identifies the 1897 building under both names.
63121,Lincoln School,Lincoln School,Normandy School District,Public Elementary,1900,,126,126,6815 Robbins Avenue,6815 Robbins Ave Pagedale MO 63133,Served ZIP/community,Confirmed,Historical/Current Unknown,Very High,"One of Normandy's earliest expansion schools, established around 1900. Historic survey identifies the building at 6815 Robbins."
63121,Garfield School,Garfield School,Normandy School District,Public Elementary,1906,,120,120,6506 Wright Way,6506 Wright Way Pine Lawn MO 63121,Address,Confirmed,Current/Repurposed,Very High,Established 1906. Current/repurposed building is associated with Beyond Housing. SHSMO holds a 1923 Garfield School graduating-class photo and program.
63121,McKinley School,McKinley School,Normandy School District,Public Elementary,1906,,120,120,2100-2132 Lucas & Hunt Road,2100-2132 Lucas & Hunt Rd St Louis County MO,Served ZIP/community,Confirmed,Current/Repurposed,Very High,Established 1906-07. Current building has historical significance and later housed Normandy programs.
63121,Harrison School,Harrison School; Wheaton School,Normandy School District,Public Elementary,1907,,119,119,8121 Albin Avenue,8121 Albin Ave St Louis County MO,Served ZIP/community,Confirmed,Closed/Repurposed,Very High,Established 1907. Historic survey also calls it Wheaton School. Not currently in use.
63121,Bel-Nor School,Bel-Nor Elementary School,Normandy School District,Public Elementary,1926,,100,100,3101 Nordic Drive,3101 Nordic Dr St Louis MO 63121,Address,Confirmed,Current,Very High,Built in the 1920s and identified by Normandy as the first district school not named for a president.
63121,Jefferson School,Jefferson School,Normandy School District,Public Elementary,1929,,97,97,4315 Cardwell Drive,4315 Cardwell Dr St Louis MO 63121,Address,Confirmed,Current/Repurposed,Very High,Normandy added Jefferson School in 1929. Current school identity remains in district.
63121,Bel-Ridge School,Bel-Ridge School,Normandy School District,Public Elementary,1953,,73,73,Bel-Ridge area,Bel-Ridge MO 63121,Served ZIP/community,Confirmed,Historical/Current Unknown,Very High,Normandy district added Bel-Ridge School after WWII; district history identifies it as one of the later elementary schools.
63121,Pine Lawn School,Pine Lawn School,Normandy School District,Public Elementary,1971,,55,55,6506 Wright Way,Pine Lawn MO 63121,Address,Confirmed,Current/Repurposed,High,Normandy district history identifies Pine Lawn School as a 1971 addition; may occupy/relate to former Garfield site.
63121,Barack Obama Elementary School,Barack Obama School; Normandy Elementary,Normandy Schools Collaborative,Public Elementary,Unknown,,#VALUE!,#VALUE!,3883 Jennings Station Road,3883 Jennings Station Rd St Louis MO 63121,Address,Confirmed,Current,High,Current Normandy elementary school; institutional predecessor/renaming history should be tracked separately.
63121,Barack Obama Middle School,Barack Obama Middle School,Normandy Schools Collaborative,Public Middle School,Unknown,,#VALUE!,#VALUE!,7855 Natural Bridge Road,7855 Natural Bridge Rd St Louis MO 63121,Address,Confirmed,Current,High,Current school identity associated with Normandy Middle/Lucas Crossing complex; verify exact grade/configuration chronology.
63121,Jefferson School,Jefferson Elementary School,Normandy Schools Collaborative,Public Elementary,1937,,89,89,4315 Cardwell Drive,4315 Cardwell Dr St Louis MO 63121,Address,Confirmed,Current/Successor,Very High,Historic survey dates current building to 1937 even though district history traces Jefferson School to 1929.
63121,Washington Elementary School,Washington School,Normandy Schools Collaborative,Public Elementary,1930,,96,96,1730 N Hanley Road,1730 N Hanley Rd St Louis MO 63114,Served ZIP/community,Borderline,Current,High,Current Washington school in Normandy district; postal address now 63114.
63121,Normandy Early Learning Center,Normandy Early Childhood Center,Normandy Schools Collaborative,Public Early Childhood,Unknown,,#VALUE!,#VALUE!,3417 St Thomas More Lane,3417 St Thomas More Ln St Louis MO 63121,Address,Confirmed,Current,Medium,Current early-childhood facility.
63121,Normandy Positive Alternative Learning Center,PAL Center; McKinley School Annex,Normandy Schools Collaborative,Alternative Education,Unknown,,#VALUE!,#VALUE!,6834 Normandale Drive,6834 Normandale Dr St Louis MO 63121,Address,Confirmed,Current/Successor,Medium,Program historically associated with McKinley School.
63121,University of Missouri-St. Louis,UMSL; University of Missouri at St. Louis,University of Missouri System,Public University,1963,,63,63,1 University Boulevard,1 University Blvd St Louis MO 63121,Address,Confirmed,Current,Very High,Major higher-education repository target. Normandy School District purchased Bellerive Country Club property in 1958; University of Missouri acquired the Normandy Residence Center in 1963 and created UMSL.
63121,University of Missouri-St. Louis - Normandy Residence Center,Normandy Residence Center,Normandy School District / University of Missouri,College/University,1960,1963,3,3,Natural Bridge Road,UMSL campus St Louis MO 63121,Address,Confirmed,Closed/Converted,Very High,Normandy School District created a junior-college/residence-center concept; Residence Center opened September 1960 and was transferred to University of Missouri in 1963.
63121,Incarnate Word Academy,Incarnate Word Academy,Religious of the Incarnate Word,Private Catholic High School,1932,,94,94,2788 Normandy Drive,2788 Normandy Dr St Louis MO 63121,Address,Confirmed,Current,Very High,Private Catholic girls' high school physically in 63121; strong yearbook target.
63121,St. Vincent's Home for Children,St. Vincent Home for Children; St Vincent Orphan Home,Daughters of Charity / St Vincent,Residential School/Orphanage,Unknown,,#VALUE!,#VALUE!,7301 St Charles Rock Road,7301 St Charles Rock Rd Normandy MO 63121,Address,Confirmed,Closed/Converted,Very High,"Not a conventional school, but SHSMO holds St Vincent Home yearbooks from 1956-1965. Important residency/identity evidence source."
63121,St. Vincent's Orphan Home School,St. Vincent Orphan Home,St Vincent de Paul / Daughters of Charity,Institutional School,Unknown,Unknown,#VALUE!,#VALUE!,7301 St Charles Rock Road,7301 St Charles Rock Rd Normandy MO 63121,Address,Confirmed,Historical,Very High,Separate institutional-school identity to search because children may appear in school records/yearbooks under the home rather than a public-school name.
63121,Normandy Catholic School,Normandy Catholic School,Archdiocese of St Louis / Local Parish,Parochial School,Unknown,Unknown,#VALUE!,#VALUE!,Normandy area,St Louis County MO,Served ZIP/community,Lead,Historical/Unknown,High,Generic historical Catholic-school lead; investigate parish/archdiocesan directories before treating as confirmed institution.
63121,St. Ann Catholic School,St. Ann School,St Ann Parish / Archdiocese of St Louis,Parochial School,Unknown,,#VALUE!,#VALUE!,St Ann area,St Louis County MO,Served ZIP/community,Borderline,Current/Historical,High,Adjacent Catholic institution that may have served residents in the 63121/Normandy area; retain for investigation.
63121,Third African American School,Unnamed African American School,Normandy School District predecessor,Public Elementary,1894,1895,1,1,Normandy area,Normandy MO 63121,Served ZIP/community,Confirmed,Closed/Transferred,Very High,Normandy district had an unnamed African American school when it organized in 1894. It closed in 1895 and students transferred to the new Washington building.
63121,Washington School African American Department,African American students at Washington School,Normandy School District,Public Elementary,1895,Unknown,#VALUE!,#VALUE!,Washington School,Normandy area,Served ZIP/community,Confirmed,Historical,Very High,Normandy's 1894-95 school reorganization transferred African American students from the unnamed school into the new Washington building.
63121,Normandy School District,Normandy School District; Normandy Schools Collaborative,Normandy School District,Public School District,1894,,132,132,Normandy area,3855 Lucas and Hunt Rd St Louis MO 63121,Address,Confirmed,Current/Successor,Very High,"District formally established July 12, 1894. Historical district identity is essential for searching archives."
63121,Normandy Schools Collaborative,Normandy School District,Normandy Schools Collaborative,Public School District,2014,,12,12,3855 Lucas and Hunt Road,3855 Lucas and Hunt Rd St Louis MO 63121,Address,Confirmed,Current,High,Missouri Board of Education removed district accreditation in 2013 and state takeover/reorganization produced Normandy Schools Collaborative in 2014.
63121,Ferguson-Florissant School District Schools in Normandy,Bermuda Elementary and historical FFSD schools,Ferguson-Florissant R-II,Public School District,Unknown,,#VALUE!,#VALUE!,Normandy area,Normandy MO 63121,Served ZIP/community,Confirmed,Current,High,Normandy contains territory served by Ferguson-Florissant as well as Normandy; Bermuda Elementary is specifically identified in Normandy.
63121,Bermuda Elementary School,Bermuda School,Ferguson-Florissant R-II,Public Elementary,Unknown,,#VALUE!,#VALUE!,11600 Old Halls Ferry Road?,Normandy MO 63121,Address/Community,Confirmed,Current,High,Current Ferguson-Florissant elementary serving part of Normandy; exact historical address/configuration should be verified.
63121,University City High School,University City High School,University City School District,Public High School,1920s,,#VALUE!,#VALUE!,7401 Balson Avenue,7401 Balson Ave University City MO 63130,Served ZIP/community,Borderline,Current,High,"Historical Normandy students attended surrounding districts when Normandy lacked an accredited high school, making U City a relevant pre-1922 search target."
63121,Normandy Area Historical Association,Normandy Area Historical Association,Local historical organization,Archive/Community Organization,Unknown,,#VALUE!,#VALUE!,Normandy area,St Louis County MO,Served ZIP/community,Confirmed,Current,Very High,"Not a school, but critical repository lead. Its records at SHSMO include Normandy High yearbooks and school-history materials."
63134,Berkeley High School,Berkeley Senior High School; Berkeley High,Kinloch School District / Berkeley School District / Ferguson-Florissant R-II,Public High School,1937,2004,67,67,8710 Walter Avenue,8710 Walter Ave Berkeley MO 63134,Address,Confirmed,Closed,Very High,Originally Kinloch High School; Berkeley School District took over in 1937 and renamed it Berkeley High. Closed 2004 and replaced by McCluer South-Berkeley.
63134,Berkeley High School - Hancock Campus,Kinloch High School / Berkeley High School,Kinloch/Berkeley School District,Public High School,1937,1947,10,10,5924 Hancock Avenue,5924 Hancock Ave Berkeley MO 63134,Address,Confirmed,Closed/Relocated,Very High,First Berkeley High campus. Berkeley alumni history identifies this as the original 1937 building.
63134,Berkeley High School - Caroline Avenue Campus,Berkeley High School,Berkeley School District,Public High School,1947,1955,8,8,6033 Caroline Avenue,6033 Caroline Ave Berkeley MO 63134,Address,Confirmed,Closed/Relocated,Very High,"Second Berkeley High campus, used 1947-1955."
63134,Berkeley High School - Walter Avenue Campus,Berkeley High School,Berkeley School District / Ferguson-Florissant R-II,Public High School,1955,2004,49,49,8710 Walter Avenue,8710 Walter Ave Berkeley MO 63134,Address,Confirmed,Closed,Very High,Long-running Berkeley High campus and primary source for 1955-2004 yearbooks.
63134,McCluer South-Berkeley High School,McCluer South-Berkeley High; Berkeley High successor,Ferguson-Florissant R-II,Public High School,2004,,22,22,201 Brotherton Lane,201 Brotherton Ln Ferguson MO 63135,Served ZIP/community,Confirmed,Current/Successor,Very High,Opened after Berkeley High closed in 2004. Current high school serving Berkeley; physical address is 63135.
63134,Berkeley Middle School,Berkeley Junior High School,Ferguson-Florissant R-II,Public Middle School,Unknown,,#VALUE!,#VALUE!,8300 Frost Avenue,8300 Frost Ave Berkeley MO 63134,Address,Confirmed,Current,Very High,Current Berkeley middle school; historical predecessor name should be searched separately for yearbooks.
63134,Berkeley Junior High School,Berkeley Junior High,Berkeley School District / Ferguson-Florissant R-II,Public Middle School,Unknown,,#VALUE!,#VALUE!,8300 Frost Avenue,8300 Frost Ave Berkeley MO 63134,Address,Probable,Historical/Successor,Very High,Retain separate name because historical yearbooks may be catalogued under Berkeley Junior High rather than Berkeley Middle.
63134,Berkeley Elementary School,Berkeley Elementary,Berkeley School District / Ferguson-Florissant R-II,Public Elementary,Unknown,,#VALUE!,#VALUE!,8300 Frost Avenue,8300 Frost Ave Berkeley MO 63134,Address,Confirmed,Current/Successor,High,Current Berkeley elementary/intermediate institution at Frost Avenue.
63134,Berkeley Intermediate School,Berkeley Intermediate,Ferguson-Florissant R-II,Public Intermediate,Unknown,,#VALUE!,#VALUE!,8300 Frost Avenue,8300 Frost Ave Berkeley MO 63134,Address,Confirmed,Current,Medium,Current Ferguson-Florissant school at Berkeley campus.
63134,Holman Elementary School,Holman School,Berkeley School District / Ferguson-Florissant R-II,Public Elementary,Unknown,,#VALUE!,#VALUE!,8811 Harold Drive,8811 Harold Dr Berkeley MO 63134,Address,Confirmed,Current,Very High,Current elementary school physically in 63134. Berkeley sources identify Holman as serving a portion of Berkeley.
63134,Holman School,Holman Elementary,Berkeley School District,Public Elementary,Unknown,,#VALUE!,#VALUE!,8811 Harold Drive,8811 Harold Dr Berkeley MO 63134,Address,Confirmed,Historical/Current,Very High,Retain historical name separately for yearbook and district-record searches.
63134,Airport Elementary School,Airport School,Berkeley School District / Ferguson-Florissant R-II,Public Elementary,1954,2019,65,65,8429 Airport Road,8429 Airport Rd Berkeley MO 63134,Address,Confirmed,Closed,Very High,Built 1954; closed 2019 due to declining enrollment; city purchased property in 2023 for conversion to Berkeley Community Center.
63134,Airport Elementary School - Historical Campus,Airport School,Berkeley School District,Public Elementary,1954,2019,65,65,8429 Airport Road,8429 Airport Rd Berkeley MO 63134,Address,Confirmed,Closed/Converted,Very High,Separate institutional identity for archival searches; city documentation confirms school and gymnasium were constructed in 1954.
63134,Nuroad School,Nuroad School,Kinloch School District,Public Elementary,Unknown,1937,#VALUE!,#VALUE!,Kinloch/Berkeley area,Kinloch MO 63140,Served ZIP/community,Confirmed,Closed/Transferred,Very High,White residents of northern Kinloch attended Nuroad; its history is directly tied to the 1937 Berkeley split. Important pre-Berkeley search term.
63134,Scudder Avenue School,Scudder Avenue School,Kinloch School District,Public Elementary,1902,1937,35,35,Kinloch/Berkeley area,Kinloch MO 63140,Served ZIP/community,Confirmed,Closed/Reassigned,Very High,White Kinloch school after Kinloch District 18 formed in 1902. Berkeley's creation removed northern Kinloch from the district.
63134,Kinloch High School,Kinloch High School,Kinloch School District,Public High School,1937,1976,39,39,Kinloch/Berkeley area,Kinloch MO 63140,Served ZIP/community,Confirmed,Closed,Very High,Black high school established in 1937/38 after Berkeley split. Berkeley High was the former white Kinloch high school. Kinloch High closed after 1975 annexation.
63134,Kinloch High School - Dunbar Campus,Dunbar School; Dunbar High School Program,Kinloch School District,Public Elementary/High School,1914,1937,23,23,Kinloch area,Kinloch MO 63140,Served ZIP/community,Confirmed,Closed/Replaced,Very High,Kinloch's Black students received high-school instruction at Dunbar beginning in 1936 before the dedicated Kinloch High building.
63134,Dunbar School,Paul Laurence Dunbar Elementary School; Dunbar School,Kinloch School District,Public Elementary,1913,1967,54,54,Kinloch area,Kinloch MO 63140,Served ZIP/community,Confirmed,Closed,Very High,"First school specifically for Black children in Kinloch, opened 1913/14. Later housed high-school classes before Kinloch High opened."
63134,Vernon School,Vernon School; W.T. Vernon School,Kinloch/Ferguson predecessor,Public Elementary,1885,1967,82,82,Kinloch area,Kinloch MO 63140,Served ZIP/community,Confirmed,Closed,Very High,Black school serving Kinloch and west Ferguson. Initial one-room school opened 1885; later Vernon buildings served until closure in 1967.
63134,Vernon School - 1927 Building,Vernon School,Kinloch School District,Public Elementary,1927,1967,40,40,Kinloch area,Kinloch MO 63140,Served ZIP/community,Confirmed,Closed,Very High,New Vernon School opened in 1927 for Black students from Kinloch and west Ferguson. Remained segregated until closure in 1967.
63134,Our Lady of the Angels School,Holy Angels School; Our Lady of the Angels Elementary,Holy Angels Parish / Archdiocese of St Louis,Parochial Elementary,1931,2002,71,71,Kinloch/Berkeley area,Kinloch MO 63140,Served ZIP/community,Confirmed,Closed,Very High,Black Catholic parish school opened in 1931 and operated until 2002. Major archival/yearbook target.
63134,Holy Angels School,Holy Angels Parish School,Holy Angels Parish / Archdiocese of St Louis,Parochial Elementary,1931,1952,21,21,Kinloch area,Kinloch MO 63140,Served ZIP/community,Confirmed,Closed/Renamed,Very High,Early institutional name for Our Lady of the Angels School. Search both names.
63134,Berkeley School District,Berkeley School District,Berkeley School District,Public School District,1937,1975,38,38,7500 block of Airport Road,63134,Address/Community,Confirmed,Closed/Merged,Very High,Created after Berkeley incorporated in 1937. Took over the existing Kinloch High School for white Berkeley students and created separate district administration.
63134,Berkeley School District Elementary System,Berkeley School District schools,Berkeley School District,Public Elementary,1937,1975,38,38,Berkeley,63134,Address/Community,Confirmed,Closed/Merged,Very High,District operated multiple elementary schools before 1975 Ferguson-Florissant annexation; individual historical names need continued reconstruction.
63134,Kinloch School District,Kinloch District No. 18,Kinloch School District,Public School District,1902,1975,73,73,Kinloch/Berkeley area,Kinloch MO 63140,Served ZIP/community,Confirmed,Closed/Merged,Very High,Created in 1902 from parts of Ferguson and Scudder. Critical predecessor district for Berkeley/Kinloch records.
63134,Scudder School District,Scudder District No. 17; Fairmont District No. 17,Scudder School District,Public School District,1800s,1960,#VALUE!,#VALUE!,Northwest St Louis County,St Louis County MO,Served ZIP/community,Confirmed,Closed/Annexed,High,Scudder territory was annexed by Berkeley in 1960 after several reductions. Historical records can explain school attendance before Berkeley.
63134,Ferguson-Florissant School District,Ferguson-Florissant R-II,Ferguson-Florissant R-II,Public School District,1938,,88,88,Berkeley/Florissant/Ferguson,St Louis County MO,Served ZIP/community,Confirmed,Current/Successor,Very High,1975 court-ordered merger/annexation brought Berkeley and Kinloch into Ferguson-Florissant.
63134,Mark Twain School,Mark Twain School,Ferguson-Florissant R-II,Public Elementary/Middle,Unknown,,#VALUE!,#VALUE!,Berkeley area,St Louis County MO,Served ZIP/community,Probable,Current/Successor,High,Current FFSD institution associated with Berkeley-area education; exact ZIP and historical configuration should be verified.
63134,Johnson-Wabash Elementary School,Johnson School; Wabash School,Ferguson-Florissant R-II,Public Elementary,Unknown,,#VALUE!,#VALUE!,Johnson-Wabash area,Ferguson MO 63135,Served ZIP/community,Borderline,Current,High,Current school serves portions of Berkeley outside the city's central area. Retain because historical attendance boundaries crossed municipal/ZIP lines.
63134,Walnut Grove Primary School,Walnut Grove School,Ferguson-Florissant R-II,Public Elementary,Unknown,,#VALUE!,#VALUE!,Calverton Park area,Calverton Park MO 63135,Served ZIP/community,Borderline,Current,High,Current FFSD school serving some Berkeley residents.
63134,Airport Elementary School - Berkeley Community Center,Former Airport Elementary,Berkeley City / former Berkeley School District,Community/Education Facility,2023,,3,3,8429 Airport Road,8429 Airport Rd Berkeley MO 63134,Address,Confirmed,Converted,Medium,Former school property purchased by Berkeley in 2023; conversion provides a future repository/local-history contact.
63134,Robertson School District,Robertson School District,Robertson predecessor,Public School District,Unknown,1964,#VALUE!,#VALUE!,Robertson area near airport,St Louis County MO,Served ZIP/community,Borderline,Closed/Merged,High,Robertson high school closed in 1964; Berkeley/FFSD history is relevant to airport-area residents.
63134,Robertson High School,Robertson High School,Robertson School District,Public High School,Unknown,1964,#VALUE!,#VALUE!,Robertson area,St Louis County MO,Served ZIP/community,Borderline,Closed,Very High,Closed in 1964. Students were subsequently assigned to Berkeley High; highly relevant to historical residency.
63134,Robertson Elementary School,Robertson School,Robertson School District,Public Elementary,Unknown,1964,#VALUE!,#VALUE!,Robertson area,St Louis County MO,Served ZIP/community,Borderline,Closed/Merged,High,Historical Robertson school identity; exact building/location requires further archival verification.
63134,McCluer High School,McCluer Senior High School,Ferguson-Florissant R-II,Public High School,1957,,69,69,1896 S New Florissant Road,1896 S New Florissant Rd Florissant MO 63031,Served ZIP/community,Borderline,Current,High,Some Berkeley-area students attended Ferguson-Florissant high schools after the 1975 merger; include as attendance-area lead.
63134,McCluer North High School,McCluer North,Ferguson-Florissant R-II,Public High School,1975,,51,51,705 Waterford Drive,705 Waterford Dr Florissant MO 63033,Served ZIP/community,Borderline,Current,High,Current FFSD high school; retained because district boundary/attendance assignments have changed since 1975.
63134,McCluer South-Berkeley High School,McCluer South-Berkeley High,Ferguson-Florissant R-II,Public High School,2004,,22,22,201 Brotherton Lane,201 Brotherton Ln Ferguson MO 63135,Served ZIP/community,Confirmed,Current/Successor,Very High,Successor to Berkeley High; the most important current high-school identity for Berkeley residents.
63134,University of Missouri-St. Louis,UMSL,University of Missouri System,Public University,1963,,63,63,1 University Boulevard,1 University Blvd St Louis MO 63121,Served ZIP/community,Borderline,Current,Medium,Outside 63134; retained as a metro college only if later college inventory uses broad service-area logic.
63135,Ferguson High School,Ferguson Senior High School; Ferguson High,Ferguson School District / Ferguson-Florissant R-II,Public High School,1939,1962,23,23,701 January Avenue,701 January Ave Ferguson MO 63135,Address,Confirmed,Closed/Converted,Very High,"Opened in 1939 with students transferred from Vogt High. Last graduating class was 1962; became Ferguson Junior High and later Ferguson Middle School. Yearbook was ""The Crest."""
63135,Ferguson High School - January Avenue Campus,Ferguson High School,Ferguson School District,Public High School,1939,1962,23,23,701 January Avenue,701 January Ave Ferguson MO 63135,Address,Confirmed,Closed/Converted,Very High,WPA-era high school building. This is the primary Ferguson High yearbook target for 1940-1962.
63135,Ferguson Junior High School,Ferguson Junior High,Ferguson-Florissant R-II,Public Middle School,1962,,64,64,701 January Avenue,701 January Ave Ferguson MO 63135,Address,Confirmed,Successor,Very High,Ferguson High became Ferguson Junior High after the 1962 high-school consolidation.
63135,Ferguson Middle School,Ferguson Middle School,Ferguson-Florissant R-II,Public Middle School,Unknown,,#VALUE!,#VALUE!,701 January Avenue,701 January Ave Ferguson MO 63135,Address,Confirmed,Current/Successor,Very High,Current successor to Ferguson Junior High and former Ferguson High campus.
63135,Vogt High School,John M. Vogt High School; Vogt School,Ferguson School District,Public High School,1931,1939,8,8,200 Church Street,200 Church St Ferguson MO 63135,Address,Confirmed,Closed/Converted,Very High,"Opened Sept. 9, 1931; served as Ferguson High until 1939. School publications began here, including ""The Crest"" yearbook and ""The Scoop"" newspaper."
63135,Vogt Junior High School,Vogt Junior High,Ferguson School District / Ferguson-Florissant R-II,Public Middle School,1939,1981,42,42,200 Church Street,200 Church St Ferguson MO 63135,Address,Confirmed,Closed/Converted,Very High,Vogt became junior high after Ferguson High opened in 1939.
63135,Vogt School,Vogt School,Ferguson-Florissant R-II,Public Elementary/Administrative,1931,,95,95,200 Church Street,200 Church St Ferguson MO 63135,Address,Confirmed,Repurposed,Very High,"After junior-high use, Vogt became elementary, administrative center and other district facilities. Historic building remains."
63135,Central School,Central Elementary School,Ferguson School District / Ferguson-Florissant R-II,Public Elementary,1878,,148,148,201 Wesley Avenue,201 Wesley Ave Ferguson MO 63135,Address,Confirmed,Current,Very High,Ferguson's first major permanent school. Original structure dates to 1878/1880 and remains in use. National Register property.
63135,Central School - Early Ferguson School,Ferguson School; Wesley Avenue School,Ferguson predecessor,Public Elementary,1867,1880,13,13,Near Wesley Avenue / Florissant Road,201 Wesley Ave Ferguson MO 63135,Address,Confirmed,Closed/Replaced,Very High,Ferguson school system began with a one-room school around 1867; second room added by 1870 before the 1880 Central building.
63135,Griffith School,Griffith Elementary School,Ferguson School District,Public Elementary,1927,Unknown,#VALUE!,#VALUE!,Chambers Road,Chambers Rd Ferguson MO 63135,Address,Confirmed,Historical,Very High,Small frame elementary school added in 1927 to relieve Central. Search independently because records may appear as Griffith School.
63135,Griffith Intermediate School,Griffith School,Ferguson-Florissant R-II,Public Intermediate,Unknown,,#VALUE!,#VALUE!,200 Church Street / Ferguson area,Ferguson MO 63135,Served ZIP/community,Confirmed,Current,High,Current Ferguson-Florissant institution. Historical relationship to Griffith elementary requires separate yearbook search.
63135,Vernon School,Vernon School,Ferguson School District,Public Elementary,1885,Unknown,#VALUE!,#VALUE!,Ferguson area near Florissant Road,St Louis County MO 63135,Address,Confirmed,Historical,Very High,Ferguson established a separate school for Black children in 1885. Important early African-American school identity.
63135,Vernon School - Ferguson Campus,Vernon School,Ferguson School District,Public Elementary,1885,Unknown,#VALUE!,#VALUE!,Near Florissant Road/Farachi Pizza site,Ferguson MO 63135,Address,Confirmed,Historical,Very High,Separate from Kinloch's later Vernon School. Ferguson Historical Society identifies this as Ferguson's school for Black children.
63135,Ferguson School for Colored Children,Vernon School,Ferguson School District,Public Elementary,1885,Unknown,#VALUE!,#VALUE!,Ferguson,St Louis County MO 63135,Address,Confirmed,Historical,Very High,"Alternate institutional/search name. Use when searching newspapers, directories and county records."
63135,Lee-Hamilton Intermediate School,Lee-Hamilton School,Ferguson-Florissant R-II,Public Intermediate,Unknown,,#VALUE!,#VALUE!,Lee-Hamilton area,Ferguson MO 63135,Address,Confirmed,Current,High,Current FFSD school physically in 63135.
63135,Holman Primary School,Holman School,Ferguson-Florissant R-II,Public Elementary,Unknown,,#VALUE!,#VALUE!,63135 area,Ferguson MO 63135,Address,Confirmed,Current,High,Current FFSD elementary institution in the ZIP.
63135,Johnson-Wabash 6th Grade Center,Johnson-Wabash School,Ferguson-Florissant R-II,Public Middle/Intermediate,Unknown,,#VALUE!,#VALUE!,63135 area,Ferguson MO 63135,Address,Confirmed,Current,High,Current FFSD school serving Ferguson-area students.
63135,Parker Road Primary School,Parker Road School,Ferguson-Florissant R-II,Public Elementary,Unknown,,#VALUE!,#VALUE!,63135 area,Ferguson MO 63135,Address,Confirmed,Current,High,Current FFSD elementary school.
63135,Robinwood Intermediate School,Robinwood School,Ferguson-Florissant R-II,Public Intermediate,Unknown,,#VALUE!,#VALUE!,63135 area,Ferguson MO 63135,Address,Confirmed,Current,High,Current FFSD school; retain as modern institutional identity for future records.
63135,Commons Lane Primary School,Commons Lane School,Ferguson-Florissant R-II,Public Elementary,Unknown,,#VALUE!,#VALUE!,63135 area,Ferguson MO 63135,Address,Confirmed,Current,High,Current FFSD school.
63135,Walnut Grove Primary School,Walnut Grove School,Ferguson-Florissant R-II,Public Elementary,Unknown,,#VALUE!,#VALUE!,63135 area,Ferguson MO 63135,Served ZIP/community,Borderline,Current,High,Current FFSD school; exact postal address may fall outside 63135 depending on campus configuration.
63135,McCluer High School,McCluer Senior High School,McCluer School / Ferguson-Florissant R-II,Public High School,1957,,69,69,1896 S New Florissant Road,1896 S New Florissant Rd Florissant MO 63031,Served ZIP/community,Borderline,Current,Very High,"When Ferguson High closed in 1962, Ferguson students transferred to McCluer. Important successor institution even though current campus is outside 63135."
63135,McCluer Junior High School,McCluer Junior High,Ferguson-Florissant R-II,Public Middle School,1957,1962,5,5,1896 S New Florissant Road,1896 S New Florissant Rd Florissant MO 63031,Served ZIP/community,Borderline,Converted,High,Opened as junior high in 1957 and became McCluer High after Ferguson High closed in 1962.
63135,McCluer South-Berkeley High School,McCluer South-Berkeley High,Ferguson-Florissant R-II,Public High School,2004,,22,22,201 Brotherton Lane,201 Brotherton Ln Ferguson MO 63135,Address,Confirmed,Current,Very High,Current high school physically in 63135 and successor to Berkeley High; important for post-2004 residency records.
63135,STEAM Academy at McCluer South-Berkeley High,STEAM Academy,Ferguson-Florissant R-II,Public High School/Academy,Unknown,,#VALUE!,#VALUE!,201 Brotherton Lane,201 Brotherton Ln Ferguson MO 63135,Address,Confirmed,Current,High,Current specialized program at McCluer South-Berkeley.
63135,North County Technical High School,North County Technical School,Ferguson-Florissant R-II / St Louis County districts,Public Technical High School,1960s,,#VALUE!,#VALUE!,North County area,St Louis County MO,Served ZIP/community,Borderline,Current,High,Regional vocational/technical school; include because students from Ferguson attended and yearbooks/publications may contain residency evidence.
63135,St. Louis Community College - Florissant Valley,Florissant Valley Community College,St. Louis Community College,Community College,1965,,61,61,3400 Pershall Road,3400 Pershall Rd St Louis MO 63135,Address,Confirmed,Current,Very High,"This is physically in 63135 and is therefore a major college target for the repository. Search yearbooks, student newspapers, commencement programs and directories."
63135,St. Louis Community College - Florissant Valley Student Publications,Florissant Valley Community College publications,St. Louis Community College,College Publications,1965,,61,61,3400 Pershall Road,3400 Pershall Rd St Louis MO 63135,Address,Confirmed,Current,Very High,"Even where formal yearbooks are absent, student newspapers, commencement programs and directories may establish enrollment/residency."
63135,St. Louis Community College - Florissant Valley - Former St. Louis County Junior College,St. Louis County Junior College District,St. Louis County,Community College,1963,1965,2,2,Florissant Valley,3400 Pershall Rd St Louis MO 63135,Address,Confirmed,Predecessor,Very High,Search under both institutional names for early 1960s records.
63135,St. Louis County Junior College - Florissant Valley,St. Louis County Junior College,St. Louis County Junior College District,Community College,1963,1965,2,2,3400 Pershall Road,3400 Pershall Rd St Louis MO 63135,Address,Confirmed,Predecessor,Very High,Early institutional identity before St. Louis Community College system.
63135,St. Ferdinand School,St. Ferdinand Elementary School,St. Ferdinand Parish / Archdiocese of St Louis,Parochial School,1840s,,#VALUE!,#VALUE!,St Ferdinand area,Florissant MO,Served ZIP/community,Borderline,Current/Historical,High,Very old Catholic school in adjacent Florissant; include because 63135 boundaries and historic parish service areas changed.
63135,St. Angela Merici School,St. Angela School,Archdiocese of St Louis,Parochial Elementary,Unknown,,#VALUE!,#VALUE!,63135 area,St Louis County MO 63135,Address,Probable,Current/Historical,High,Catholic school serving Ferguson-area families; verify historical opening/name chronology.
63135,St. Peter School,St. Peter Catholic School,Archdiocese of St Louis,Parochial Elementary,Unknown,,#VALUE!,#VALUE!,63135 area,Ferguson MO 63135,Address,Probable,Current/Historical,High,Include as Catholic-school lead; exact historical records need parish verification.
63135,Trinity Catholic High School,Trinity Catholic High School,Archdiocese of St Louis,Private Catholic High School,1957,2025,68,68,1720 Redman Road,1720 Redman Rd St Louis MO 63138,Served ZIP/community,Borderline,Closed,Very High,Regional Catholic high school that served Ferguson-area students. Closed in 2025; yearbooks and alumni records are important to capture.
63135,Ferguson Public School District,Ferguson School District,Ferguson School District,Public School District,1867,1952,85,85,Ferguson,63135,Address/Community,Confirmed,Closed/Merged,Very High,Ferguson operated independently until merger with Florissant in 1952. Historical records should be searched under this exact district name.
63135,Ferguson School District of the City of Ferguson,Ferguson School District,Ferguson School District,Public School District,1903,1952,49,49,Ferguson,63135,Address/Community,Confirmed,Closed/Merged,Very High,District formally established as the School District of the City of Ferguson in 1903.
63135,Ferguson-Florissant R-II,Ferguson-Florissant Reorganized School District R-II,Ferguson-Florissant R-II,Public School District,1952,,74,74,Ferguson/Florissant,63135,Served ZIP/community,Confirmed,Current,Very High,Created by 1952 merger of Ferguson and Florissant districts. Absorbed Berkeley and Kinloch in 1975.
63135,Ferguson-Florissant School District - Ferguson Schools,Ferguson schools,FFSD,Public School District,1952,,74,74,Ferguson,63135,Address/Community,Confirmed,Current,Very High,Use district-level search because many historical Ferguson schools changed names and grade configurations.
63135,Florissant School District,Florissant School District,Florissant School District,Public School District,Unknown,1952,#VALUE!,#VALUE!,Florissant,St Louis County MO,Served ZIP/community,Borderline,Closed/Merged,High,Predecessor district merged with Ferguson in 1952; relevant to later FFSD records.
63135,St. Louis County Junior College District,St. Louis County Junior College District,St. Louis County,Community College District,1962,1965,3,3,St Louis County,63135,Served ZIP/community,Confirmed,Closed/Merged,High,Predecessor system for Florissant Valley community college.
63138,Hazelwood East High School,Hazelwood East Senior High School,Hazelwood School District,Public High School,1974,,52,52,11300 Dunn Road,11300 Dunn Rd St Louis MO 63138,Address,Confirmed,Current,Very High,Established 1974; first classes operated on split sessions while new building was constructed; permanent facility opened fall 1976. Yearbook is Pegasus.
63138,Hazelwood East High School - Split Session,Hazelwood East; Hazelwood Senior High split sessions,Hazelwood School District,Public High School,1974,1976,2,2,1865 Dunn Road,1865 Dunn Rd St Louis MO 63138,Address,Confirmed,Historical,Very High,East students attended the existing Hazelwood High/Central building during construction. Important for 1975-76 records because the institution existed before the present building.
63138,Hazelwood High School,Hazelwood Senior High School; Hazelwood High,Hazelwood School District,Public High School,1954,1977,23,23,1865 Dunn Road,1865 Dunn Rd St Louis MO 63138,Address,Confirmed,Closed/Renamed,Very High,First Hazelwood High School opened in 1954 at 1865 Dunn Road. It later became the old Hazelwood Central campus and was used by East/West students during split sessions. District history confirms the building is still used as a school.
63138,Hazelwood High School - Original Campus,Hazelwood High School,Hazelwood School District,Public High School,1954,1966,12,12,1865 Dunn Road,1865 Dunn Rd St Louis MO 63138,Address,Confirmed,Closed/Converted,Very High,Original Hazelwood High building. Search this name independently for 1954-65 publications and records.
63138,Hazelwood Central High School - Dunn Road Campus,Hazelwood High School; Hazelwood Central,Hazelwood School District,Public High School,1966,1977,11,11,1865 Dunn Road,1865 Dunn Rd St Louis MO 63138,Address,Confirmed,Closed/Converted,Very High,Hazelwood's second high-school facility opened in 1966; Central designation appeared in the 1970s. Students used this building until new Central campus opened.
63138,East Middle School,East Middle; East Middle School 8th Grade Center,Hazelwood School District,Public Middle School,1976,,50,50,11300 Dunn Road,11300 Dunn Rd St Louis MO 63138,Address,Confirmed,Current/Successor,Very High,Current East Middle/8th-grade academy is associated with Hazelwood East High campus. Historical middle-school records should be searched separately.
63138,Hazelwood East Middle School,Hazelwood East Junior High School,Hazelwood School District,Public Middle School,1976,2017,41,41,11300 Dunn Road,11300 Dunn Rd St Louis MO 63138,Address,Confirmed,Closed/Absorbed,Very High,Original East Middle School identity before 8th-grade academy was absorbed into East High.
63138,Southeast Middle School,Southeast Junior High School,Hazelwood School District,Public Middle School,1960s,,#VALUE!,#VALUE!,918 Prigge Road,918 Prigge Rd St Louis MO 63138,Address,Confirmed,Current,Very High,Current Hazelwood middle school. Search historical publications under both Junior High and Middle School names.
63138,Larimore Elementary School,Larimore School,Hazelwood School District,Public Elementary,1950s,,#VALUE!,#VALUE!,1025 Trampe Lane,1025 Trampe Ln St Louis MO 63138,Address,Confirmed,Current,Very High,Long-running Hazelwood elementary serving Spanish Lake. Current NCES address is 1025 Trampe Lane.
63138,Twillman Elementary School,Twillman School; Twillman Schoolhouse,Hazelwood School District,Public Elementary,1850,,176,176,11831 Bellefontaine Road,11831 Bellefontaine Rd St Louis MO 63138,Address,Confirmed,Current,Very High,Original one-room schoolhouse constructed in 1850. New three-room building built around 1928. PTA founded 1922; current building extensively remodeled 1975-76.
63138,Twillman Schoolhouse,Twillman School,Hazelwood predecessor,Public Elementary,1850,1928,78,78,11831 Bellefontaine Road,11831 Bellefontaine Rd St Louis MO 63138,Address,Confirmed,Replaced,Very High,Original one-room Twillman school. Historic identity should be retained for archival searches even though building was replaced.
63138,Twillman School - 1928 Building,Twillman School,Hazelwood School District,Public Elementary,1928,,98,98,11831 Bellefontaine Road,11831 Bellefontaine Rd St Louis MO 63138,Address,Confirmed,Current/Remodeled,Very High,Three-room school built around 1928 and later incorporated into the current school facility.
63138,Arrowpoint Elementary School,Arrowpoint School,Hazelwood School District,Public Elementary,Unknown,,#VALUE!,#VALUE!,2017 Arrowpoint Drive,2017 Arrowpoint Dr St Louis MO 63138,Address,Confirmed,Current,High,Current Hazelwood elementary school in 63138. Later construction than the historic schools; exact opening year should be added when archival district records are located.
63138,Fort Bellefontaine Campus,Fort Bellefontaine School,Hazelwood School District,Public Alternative/Middle-High,Unknown,,#VALUE!,#VALUE!,13290 Bellefontaine Road,13290 Bellefontaine Rd St Louis MO 63138,Address,Confirmed,Current,High,Current alternative/secondary campus in 63138. Retain as institutional identity for student records even if conventional yearbook production is unlikely.
63138,Fort Bellefontaine School,Fort Bellefontaine Campus,Hazelwood School District,Public Alternative,Unknown,,#VALUE!,#VALUE!,13290 Bellefontaine Road,13290 Bellefontaine Rd St Louis MO 63138,Address,Confirmed,Current/Successor,Medium,Search separately from the current campus name because historical records may use Fort Bellefontaine School.
63138,Discovery Hall,Discovery Hall,Hazelwood School District,Public Alternative/Middle-High,Unknown,,#VALUE!,#VALUE!,13315 Bellefontaine Road,13315 Bellefontaine Rd St Louis MO 63138,Address,Confirmed,Current,Medium,Current alternative/secondary facility. Low yearbook probability but useful institutional record target.
63138,Bissell Hall,Bissell Hall,Hazelwood School District,Public Alternative/Middle-High,Unknown,,#VALUE!,#VALUE!,13298 Bellefontaine Road,13298 Bellefontaine Rd St Louis MO 63138,Address,Confirmed,Current,Medium,Current alternative/secondary facility.
63138,Lewis and Clark Hall,Lewis And Clark Hall,Hazelwood School District,Public Alternative/Middle-High,Unknown,,#VALUE!,#VALUE!,13311 Bellefontaine Road,13311 Bellefontaine Rd St Louis MO 63138,Address,Confirmed,Current,Medium,Current alternative/secondary facility.
63138,Spanish Lake Campus,Spanish Lake School / Spanish Lake Campus,Hazelwood School District,Public Alternative/Middle-High,Unknown,,#VALUE!,#VALUE!,13312 Bellefontaine Road,13312 Bellefontaine Rd St Louis MO 63138,Address,Confirmed,Current,Medium,Current alternative/secondary campus; search historical district publications for predecessor names.
63138,Twin Rivers,Twin Rivers School,Hazelwood School District,Public Alternative/Middle-High,Unknown,,#VALUE!,#VALUE!,13316 Bellefontaine Road,13316 Bellefontaine Rd St Louis MO 63138,Address,Confirmed,Current,Medium,Current alternative/secondary campus.
63138,Hazelwood Opportunity Center,Hazelwood Opportunity Center,Hazelwood School District,Public Alternative,Unknown,,#VALUE!,#VALUE!,1865 Dunn Road,1865 Dunn Rd St Louis MO 63138,Address,Confirmed,Current,Medium,Current alternative program at historic first Hazelwood High campus.
63138,St. Louis County School for Handicapped Children,Ackerman School predecessor,Special School District / County,Special Education,1950s,,#VALUE!,#VALUE!,North County,St Louis County,Served ZIP/community,Borderline,Historical,Medium,Students from Hazelwood and surrounding districts were served by county special-education programs. Include for broad institutional search.
63138,Ackerman School,Ackerman School,Special School District of St Louis County,Special Education,Unknown,,#VALUE!,#VALUE!,Florissant area,Florissant MO,Served ZIP/community,Borderline,Current,Medium,"Ackerman serves students from Hazelwood, Ferguson-Florissant, Jennings and Riverview Gardens districts; relevant for residency records even though campus is outside ZIP."
63138,Northview High School,Northview High School,Special School District of St Louis County,Special Education,Unknown,,#VALUE!,#VALUE!,Florissant area,Florissant MO,Served ZIP/community,Borderline,Current,Medium,Regional special-education high school serving North County districts.
63138,Trinity Catholic High School,Trinity Catholic High School,Archdiocese of St Louis,Private Catholic High School,1948,2025,77,77,1720 Redman Road,1720 Redman Rd St Louis MO 63138,Address,Confirmed,Closed,Very High,Established 1948; Catholic high school serving North County. Closed in 2025. Major yearbook/alumni-record target.
63138,Trinity Catholic High School - Historical Name,Trinity Catholic High School,Archdiocese of St Louis,Private Catholic High School,1948,,78,78,1720 Redman Road,1720 Redman Rd St Louis MO 63138,Address,Confirmed,Historical/Closed,Very High,Search under Trinity Catholic and older parish/academy terminology. National private-school records give 1948 establishment.
63138,Our Lady of Good Counsel School,Our Lady of Good Counsel School,Our Lady of Good Counsel Parish / Archdiocese of St Louis,Parochial Elementary,1950s,,#VALUE!,#VALUE!,Spanish Lake/Bellefontaine Neighbors,St Louis County,Served ZIP/community,Borderline,Historical/Current Unknown,High,Bellefontaine Neighbors history identifies Our Lady of Good Counsel as a major local Catholic institution after 1950; exact historical address and school chronology need parish verification.
63138,St. Jerome School,St. Jerome Catholic School,St Jerome Parish / Archdiocese of St Louis,Parochial Elementary,1950s,,#VALUE!,#VALUE!,Spanish Lake/Bellefontaine Neighbors,St Louis County,Served ZIP/community,Borderline,Historical/Current Unknown,High,Bellefontaine Neighbors history identifies St Jerome as a local Catholic institution. Retain until exact school-address chronology is established.
63138,Grace Lutheran School,Grace Lutheran School,Grace Lutheran Church,Private Lutheran School,1950s,,#VALUE!,#VALUE!,Spanish Lake/Bellefontaine Neighbors,St Louis County,Served ZIP/community,Borderline,Historical/Current Unknown,High,Bellefontaine Neighbors history identifies Grace Lutheran as a school serving the community.
63138,Stormin Academy,Stormin Academy,Private School,Private School,Unknown,,#VALUE!,#VALUE!,63138 area,St Louis County,Address/Community,Lead,Historical/Unknown,Medium,Bellefontaine Neighbors historical material identifies Stormin Academy as a local school; retain for investigation.
63138,Riverview Gardens Senior High School,Riverview Gardens High School; RGHS,Riverview Gardens School District,Public High School,1950s,,#VALUE!,#VALUE!,1218 Shepley Drive,1218 Shepley Dr St Louis MO 63137,Served ZIP/community,Borderline,Current/Successor,Very High,Outside ZIP but served Bellefontaine Neighbors and surrounding 63138 residents. Extensive surviving yearbook collection makes this an important residency-record target.
63138,Riverview Gardens High School - Historical Campus,Riverview Gardens High School,Riverview Gardens School District,Public High School,1950s,,#VALUE!,#VALUE!,1218 Shepley Drive,1218 Shepley Dr St Louis MO 63137,Served ZIP/community,Borderline,Current/Successor,Very High,"Current campus outside ZIP; historical attendance area included Bellefontaine Neighbors, which had RGHS serving the city by 1960."
63138,Riverview Gardens School District,Riverview Gardens School District,Riverview Gardens School District,Public School District,Unknown,,#VALUE!,#VALUE!,North St Louis County,St Louis County,Served ZIP/community,Confirmed,Current,Very High,Important district for Bellefontaine Neighbors/Spanish Lake. Search district publications in addition to school yearbooks.
63138,Hazelwood School District,Hazelwood School District,Hazelwood School District,Public School District,Unknown,,#VALUE!,#VALUE!,North St Louis County,St Louis County,Address/Community,Confirmed,Current,Very High,Primary public district for 63138. Historical district records should be searched independently from individual schools.
63138,Hazelwood School District - Spanish Lake Schools,Spanish Lake/Hazelwood schools,Hazelwood School District,Public School District,Unknown,,#VALUE!,#VALUE!,Spanish Lake,63138,Address/Community,Confirmed,Current,High,Useful umbrella identity because individual elementary/middle school names changed repeatedly.
63138,Bellefontaine Neighbors School,Bellefontaine Neighbors School,Bellefontaine Neighbors predecessor,Public Elementary,1950,Unknown,#VALUE!,#VALUE!,Bellefontaine Neighbors,63138,Address/Community,Confirmed,Historical,Very High,Bellefontaine Neighbors history states the city had one public school at incorporation in 1950. This unnamed school should be investigated to identify the exact building/name.
63138,Bellefontaine Neighbors Public School,Bellefontaine Neighbors School,Bellefontaine Neighbors / local district,Public Elementary,1950s,Unknown,#VALUE!,#VALUE!,Bellefontaine Neighbors,63138,Address/Community,Probable,Historical,Very High,The city's history says one public school existed when the city incorporated in 1950; later schools included Gibson and Danforth. Need archival identification of the original school.
63138,Gibson Elementary School,Gibson School,Hazelwood/Riverview Gardens area,Public Elementary,1950s,,#VALUE!,#VALUE!,Bellefontaine Neighbors,63138,Served ZIP/community,Confirmed,Current/Historical,Very High,Bellefontaine Neighbors historical source specifically identifies Gibson Elementary as one of the schools added during the city's 1950s-60s growth.
63138,Danforth Elementary School,Danforth School,Hazelwood/Riverview Gardens area,Public Elementary,1950s,,#VALUE!,#VALUE!,Bellefontaine Neighbors,63138,Served ZIP/community,Confirmed,Current/Historical,Very High,Bellefontaine Neighbors historical source specifically identifies Danforth Elementary as a school serving the city after its rapid postwar growth.
63138,Fort Bellefontaine Military Reservation School,Post/fort school,Federal/military,School,Unknown,1834,#VALUE!,#VALUE!,Fort Bellefontaine,13290 Bellefontaine Rd St Louis MO 63138,Address,Confirmed,Historical,Medium,"Fort Bellefontaine was abandoned in 1834; any later military/civilian school records should be treated separately. Included as a historical lead, not a 1940-era conventional school."
63140,Kinloch High School,Kinloch Senior High School; Kinloch High,Kinloch School District / Ferguson-Florissant R-II,Public High School,1937,1976,39,39,Kinloch,Kinloch MO 63140,Address,Confirmed,Closed,Very High,Primary Black high school for Kinloch after the 1937 Berkeley split. Closed following 1975 annexation into Ferguson-Florissant. Major yearbook target.
63140,Kinloch High School - Original Campus,Kinloch High,Kinloch School District,Public High School,1937,1976,39,39,Kinloch,Kinloch MO 63140,Address,Confirmed,Closed,Very High,"Search under Kinloch High, Kinloch Senior High and Kinloch High School for yearbooks and commencement programs."
63140,Dunbar School,Paul Laurence Dunbar School; Dunbar Elementary; Dunbar High School,Kinloch School District,Public Elementary/Secondary,1913,1967,54,54,Kinloch,Kinloch MO 63140,Address,Confirmed,Closed,Very High,First school specifically serving Black children in Kinloch. High-school classes were conducted here beginning in 1936 before Kinloch High opened.
63140,Dunbar School - High School Program,Dunbar High School,Kinloch School District,Public Secondary,1936,1937,1,1,Kinloch,Kinloch MO 63140,Address,Confirmed,Closed/Replaced,Very High,Temporary high-school program before construction/opening of Kinloch High. Important archival search name.
63140,Vernon School,Vernon School; W.T. Vernon School,Kinloch School District,Public Elementary,1885,1967,82,82,Kinloch,Kinloch MO 63140,Address,Confirmed,Closed,Very High,Black school serving Kinloch and west Ferguson. Original one-room school dates to 1885; later 1927 building remained until 1967.
63140,Vernon School - 1927 Building,Vernon School,Kinloch School District,Public Elementary,1927,1967,40,40,Kinloch,Kinloch MO 63140,Address,Confirmed,Closed,Very High,Replacement Vernon building opened 1927 for Black students from Kinloch and west Ferguson.
63140,Nuroad School,Nuroad School,Kinloch School District,Public Elementary,Unknown,1937,#VALUE!,#VALUE!,North Kinloch,Kinloch MO 63140,Served ZIP/community,Confirmed,Closed/Reassigned,Very High,School for white residents of northern Kinloch before Berkeley separated in 1937. Critical pre-Berkeley institutional name.
63140,Scudder Avenue School,Scudder School; Fairmont School,Scudder District No. 17 / Kinloch predecessor,Public Elementary,Unknown,1902,#VALUE!,#VALUE!,Kinloch/Scudder area,Kinloch MO 63140,Served ZIP/community,Confirmed,Closed/Merged,Very High,"Predecessor school district serving territory later incorporated into Kinloch. Search under Scudder, Fairmont and District 17."
63140,Kinloch District No. 18,Kinloch School District,Kinloch School District,Public School District,1902,1975,73,73,Kinloch,Kinloch MO 63140,Address/Community,Confirmed,Closed/Merged,Very High,Created in 1902 from parts of Ferguson and Scudder. Central institutional identity for pre-1975 Kinloch records.
63140,Kinloch School District,Kinloch District No. 18,Kinloch School District,Public School District,1902,1975,73,73,Kinloch,Kinloch MO 63140,Address/Community,Confirmed,Closed/Merged,Very High,Use both names in archive searches. District was dissolved/absorbed after 1975 Ferguson-Florissant annexation.
63140,Berkeley School District,Berkeley School District,Berkeley School District,Public School District,1937,1975,38,38,Berkeley/Kinloch boundary,St Louis County,Served ZIP/community,Confirmed,Closed/Merged,High,"Although Berkeley was a separate white district, its 1937 creation directly altered Kinloch school boundaries and absorbed the northern white population."
63140,Ferguson-Florissant R-II,Ferguson-Florissant Reorganized School District R-II,Ferguson-Florissant R-II,Public School District,1952,,74,74,Kinloch/Berkeley/Ferguson,St Louis County,Served ZIP/community,Confirmed,Current,Very High,Absorbed Kinloch and Berkeley in 1975. Post-1975 student records for Kinloch residents will often be held under FFSD.
63140,Kinloch Elementary School,Kinloch Elementary,Kinloch School District / Ferguson-Florissant R-II,Public Elementary,Unknown,1975,#VALUE!,#VALUE!,Kinloch,Kinloch MO 63140,Address,Probable,Closed/Merged,Very High,Generic institutional name appears in later Kinloch records; likely encompasses former elementary facilities. Keep until individual campus identities can be resolved.
63140,Kinloch Elementary School - Ferguson-Florissant era,Kinloch Elementary School,Ferguson-Florissant R-II,Public Elementary,1975,,51,51,Kinloch,Kinloch MO 63140,Address,Probable,Historical,Very High,Post-annexation elementary identity. Needs verification against district building records.
63140,Kinloch School,Kinloch School,Kinloch School District,Public Elementary,Unknown,1975,#VALUE!,#VALUE!,Kinloch,Kinloch MO 63140,Address,Probable,Closed,High,Generic name appearing in historical references; retain as search alias until exact building is identified.
63140,Our Lady of the Angels School,Holy Angels School; Our Lady of the Angels Parish School,Holy Angels Parish / Archdiocese of St Louis,Parochial Elementary,1931,2002,71,71,Kinloch,Kinloch MO 63140,Address,Confirmed,Closed,Very High,Black Catholic parish school founded in 1931. Operated for decades and closed in 2002. Major yearbook/parish-record target.
63140,Holy Angels School,Holy Angels Parish School,Holy Angels Parish / Archdiocese of St Louis,Parochial Elementary,1931,1952,21,21,Kinloch,Kinloch MO 63140,Address,Confirmed,Renamed/Continued,Very High,Early name for Our Lady of the Angels school. Search both names.
63140,St. John the Baptist School,St. John the Baptist Catholic School,Archdiocese of St Louis,Parochial Elementary,Unknown,,#VALUE!,#VALUE!,Kinloch/Florissant area,St Louis County,Served ZIP/community,Borderline,Current/Historical Unknown,High,Include as Catholic-school lead because parish boundaries historically crossed North County communities.
63140,St. Ferdinand School,St. Ferdinand Parish School,Archdiocese of St Louis,Parochial Elementary,1840s,,#VALUE!,#VALUE!,Florissant,Florissant MO,Served ZIP/community,Borderline,Current/Historical,High,Historically important Catholic school in adjacent Florissant. Retain because Kinloch families may have attended depending on parish boundaries.
63140,Trinity Catholic High School,Trinity Catholic High School,Archdiocese of St Louis,Private Catholic High School,1948,2025,77,77,1720 Redman Road,1720 Redman Rd St Louis MO 63138,Served ZIP/community,Borderline,Closed,Very High,Regional Catholic high school serving North County residents including Kinloch. Closed in 2025; preserve yearbooks and alumni records.
63140,McCluer High School,McCluer Senior High School,Ferguson-Florissant R-II,Public High School,1957,,69,69,1896 S New Florissant Road,1896 S New Florissant Rd Florissant MO 63031,Served ZIP/community,Borderline,Current,Very High,Post-1975 FFSD attendance possibility. Include because Kinloch students could be reassigned to McCluer after district merger.
63140,McCluer South-Berkeley High School,McCluer South-Berkeley High,Ferguson-Florissant R-II,Public High School,2004,,22,22,201 Brotherton Lane,201 Brotherton Ln Ferguson MO 63135,Served ZIP/community,Borderline,Current,Very High,Current FFSD high school serving portions of the former Berkeley/Kinloch area; retain for post-2004 records.
63140,McCluer North High School,McCluer North,Ferguson-Florissant R-II,Public High School,1975,,51,51,705 Waterford Drive,705 Waterford Dr Florissant MO 63033,Served ZIP/community,Borderline,Current,High,"Current FFSD high school. Attendance-area assignments changed over time, so retain as a possible post-1975 Kinloch school."
63140,Hazelwood East High School,Hazelwood East Senior High School,Hazelwood School District,Public High School,1974,,52,52,11300 Dunn Road,11300 Dunn Rd St Louis MO 63138,Served ZIP/community,Borderline,Current,Medium,Adjacent district and likely relevant to some North County residents; retain as a borderline school until attendance-boundary research is complete.
63140,Riverview Gardens Senior High School,Riverview Gardens High School,Riverview Gardens School District,Public High School,1950s,,#VALUE!,#VALUE!,1218 Shepley Drive,1218 Shepley Dr St Louis MO 63137,Served ZIP/community,Borderline,Current/Successor,High,Regional high school whose attendance area has historically crossed North County municipal boundaries. Include pending historical boundary verification.
63140,Riverview Gardens School District,Riverview Gardens School District,Riverview Gardens School District,Public School District,Unknown,,#VALUE!,#VALUE!,North St Louis County,St Louis County,Served ZIP/community,Borderline,Current,High,Retain because historical Kinloch-area attendance boundaries may intersect the district.
63140,Special School District of St. Louis County,Special School District of St. Louis County,SSD,Public Special Education,1957,,69,69,St Louis County,St Louis County,Served ZIP/community,Confirmed,Current,Medium,Regional special-education district serving Kinloch and North County students. Student records may provide residency evidence.
63140,Northview High School,Northview High School,Special School District of St Louis County,Public Special Education High School,Unknown,,#VALUE!,#VALUE!,Florissant area,Florissant MO,Served ZIP/community,Borderline,Current,Medium,Regional special-education high school; include as a possible post-1957 records source.
63140,Ackerman School,Ackerman School,Special School District of St Louis County,Public Special Education,Unknown,,#VALUE!,#VALUE!,Florissant area,Florissant MO,Served ZIP/community,Borderline,Current,Medium,Regional special-education institution; not necessarily located in 63140 but potentially served Kinloch students.
63140,St. Louis Community College - Florissant Valley,Florissant Valley Community College,St. Louis Community College,Community College,1965,,61,61,3400 Pershall Road,3400 Pershall Rd St Louis MO 63135,Served ZIP/community,Borderline,Current,Very High,"Regional college serving Kinloch/North County. Search yearbooks, student newspapers, directories and commencement programs."
63140,St. Louis County Junior College - Florissant Valley,St. Louis County Junior College,St Louis County Junior College District,Community College,1963,1965,2,2,Florissant Valley,3400 Pershall Rd St Louis MO 63135,Served ZIP/community,Borderline,Predecessor,Very High,Search early college records under this name before 1965.
63145,Lambert-St. Louis International Airport Schools,Lambert Airport School; Airport school facilities,St. Louis County / Lambert Airport,Military/Industrial School,Unknown,Unknown,#VALUE!,#VALUE!,Lambert Airport,St Louis MO 63145,Address,Lead,Historical/Unknown,Medium,Airport-area employees and families had changing school arrangements; retain as research lead rather than confirmed conventional school.
63145,Airport Elementary School,Airport School,Berkeley School District / Ferguson-Florissant R-II,Public Elementary,1954,2019,65,65,8429 Airport Road,8429 Airport Rd Berkeley MO 63134,Served ZIP/community,Confirmed,Closed,Very High,Important school for the airport/Berkeley area. Built 1954 and closed 2019. Physical address is 63134 but airport-area attendance makes it relevant to 63145.
63145,Berkeley High School,Berkeley Senior High School; Berkeley High,Berkeley School District / Ferguson-Florissant R-II,Public High School,1937,2004,67,67,8710 Walter Avenue,8710 Walter Ave Berkeley MO 63134,Served ZIP/community,Confirmed,Closed,Very High,"Primary high school for Berkeley and airport-area residents. Search yearbooks, newspapers, commencement programs and alumni directories."
63145,Hazelwood High School,Hazelwood Senior High School; Hazelwood High,Hazelwood School District,Public High School,1954,1977,23,23,1865 Dunn Road,1865 Dunn Rd St Louis MO 63138,Served ZIP/community,Borderline,Closed/Converted,Very High,Airport-area North County attendance could intersect Hazelwood. Retain for historical boundary research.
63145,Hazelwood Central High School,Hazelwood Central High,Hazelwood School District,Public High School,1966,,60,60,1865 Dunn Road,1865 Dunn Rd St Louis MO 63138,Served ZIP/community,Borderline,Current/Successor,High,Old Hazelwood High campus and successor institutional identity; relevant to North County residents.
63145,Hazelwood East High School,Hazelwood East Senior High School,Hazelwood School District,Public High School,1974,,52,52,11300 Dunn Road,11300 Dunn Rd St Louis MO 63138,Served ZIP/community,Borderline,Current,High,Regional airport-area high school. Retain until historical attendance boundaries are fully mapped.
63145,Twillman Elementary School,Twillman School; Twillman Schoolhouse,Hazelwood School District,Public Elementary,1850,,176,176,11831 Bellefontaine Road,11831 Bellefontaine Rd St Louis MO 63138,Served ZIP/community,Borderline,Current,High,Very old Hazelwood school. Include because airport-area boundaries historically shifted.
63145,Larimore Elementary School,Larimore School,Hazelwood School District,Public Elementary,1950s,,#VALUE!,#VALUE!,1025 Trampe Lane,1025 Trampe Ln St Louis MO 63138,Served ZIP/community,Borderline,Current,High,North County school serving communities adjacent to airport.
63145,Kinloch High School,Kinloch Senior High School; Kinloch High,Kinloch School District / Ferguson-Florissant R-II,Public High School,1937,1976,39,39,Kinloch,Kinloch MO 63140,Served ZIP/community,Borderline,Closed,Very High,Kinloch was directly adjacent to Lambert Airport and its population was affected by airport expansion. Retain for airport-area residency evidence.
63145,Dunbar School,Paul Laurence Dunbar School; Dunbar Elementary,Kinloch School District,Public Elementary/Secondary,1913,1967,54,54,Kinloch,Kinloch MO 63140,Served ZIP/community,Borderline,Closed,Very High,"Important Black school serving Kinloch, immediately adjacent to airport territory."
63145,Vernon School,W.T. Vernon School,Kinloch School District,Public Elementary,1885,1967,82,82,Kinloch,Kinloch MO 63140,Served ZIP/community,Borderline,Closed,Very High,Historical Black school serving Kinloch and west Ferguson; relevant to airport-area families.
63145,Our Lady of the Angels School,Holy Angels School; Our Lady of the Angels Parish School,Holy Angels Parish / Archdiocese of St Louis,Parochial Elementary,1931,2002,71,71,Kinloch,Kinloch MO 63140,Served ZIP/community,Borderline,Closed,Very High,Important Catholic school serving Kinloch; retain because parish boundaries and airport-area population overlapped.
63145,Vogt High School,John M. Vogt High School; Vogt School,Ferguson School District,Public High School,1931,1939,8,8,200 Church Street,200 Church St Ferguson MO 63135,Served ZIP/community,Borderline,Closed/Converted,Very High,Predecessor Ferguson high school. Important for historical airport-area residents before Ferguson High opened.
63145,Ferguson High School,Ferguson Senior High School; Ferguson High,Ferguson School District / Ferguson-Florissant R-II,Public High School,1939,1962,23,23,701 January Avenue,701 January Ave Ferguson MO 63135,Served ZIP/community,Borderline,Closed/Converted,Very High,Primary Ferguson high school through 1962; search yearbooks and alumni records.
63145,McCluer High School,McCluer Senior High School,McCluer School / Ferguson-Florissant R-II,Public High School,1957,,69,69,1896 S New Florissant Road,1896 S New Florissant Rd Florissant MO 63031,Served ZIP/community,Borderline,Current,High,Regional successor for many Ferguson-area students after Ferguson High closed.
63145,St. Louis Community College - Florissant Valley,Florissant Valley Community College,St. Louis Community College,Community College,1965,,61,61,3400 Pershall Road,3400 Pershall Rd St Louis MO 63135,Served ZIP/community,Borderline,Current,Very High,Regional college serving airport-area North County residents.
63145,St. Louis County Junior College - Florissant Valley,St. Louis County Junior College,St. Louis County Junior College District,Community College,1963,1965,2,2,Florissant Valley,3400 Pershall Rd St Louis MO 63135,Served ZIP/community,Borderline,Predecessor,Very High,Early institutional name; search 1963-65 records under this name.
63145,St. Louis University,St. Louis University; Saint Louis University,Saint Louis University,Private University,1818,,208,208,1 N Grand Blvd,1 N Grand Blvd St Louis MO 63103,Served ZIP/community,Borderline,Current,High,Metro-area college. Include in the broad college layer because ZIP-based residency may lead to college records outside the immediate school district.
63145,University of Missouri-St. Louis,UMSL,University of Missouri System,Public University,1963,,63,63,1 University Boulevard,1 University Blvd St Louis MO 63121,Served ZIP/community,Borderline,Current,Very High,"North County public university and likely higher-volume source of student publications, directories and enrollment records."
63145,Washington University in St. Louis,Washington University; Washington University in St. Louis,Washington University,Private University,1853,,173,173,1 Brookings Drive,1 Brookings Dr St Louis MO 63130,Served ZIP/community,Borderline,Current,High,Metro-area university; retain for later college repository phase.
63145,Lindenwood University,Lindenwood College,Lindenwood University,Private University,1827,,199,199,209 S Kingshighway St,209 S Kingshighway St Charles MO 63301,Served ZIP/community,Borderline,Current,Medium,Metro-region college; not physically near the ZIP but may be relevant to residency documentation.
63145,St. Louis County School Districts - Airport Area,Airport-area school attendance boundaries,Multiple,School District Boundary,1940,,86,86,Airport vicinity,St Louis County,Community,Confirmed,Historical/Changing,Very High,Do not treat this as a school. Placeholder for boundary research because Lambert expansion repeatedly altered Berkeley/Kinloch/Hazelwood/Ferguson-area residential geography.
63145,Lambert Airport Residential Community Schools,Lambert Airport neighborhood schools,Multiple districts,Public/Parochial,1940,,86,86,Airport vicinity,St Louis County,Community,Probable,Historical,Very High,Placeholder for schools whose historical addresses disappeared or whose attendance boundaries changed after airport expansion.
63147,Baden Elementary School,Baden School; Baden Elementary,St. Louis Public Schools,Public Elementary,Unknown,2010,#VALUE!,#VALUE!,5814 Thekla Avenue,5814 Thekla Ave St Louis MO 63147,Address,Confirmed,Closed,Very High,Closed in 2010. Major historical school for Baden neighborhood.
63147,Earl Nance Sr. Elementary School,Earl Nance School; Nance Elementary,St. Louis Public Schools,Public Elementary,2002,,24,24,8959 Riverview Boulevard,8959 Riverview Blvd St Louis MO 63147,Address,Confirmed,Current,High,One of district's newer facilities; current school opened in 2002. Not a likely 1940s yearbook source but retain for modern records.
63147,Herzog Elementary School,Herzog School; Herzog Academy,St. Louis Public Schools,Public Elementary,Unknown,,#VALUE!,#VALUE!,5831 Pamplin Place,5831 Pamplin Pl St Louis MO 63147,Address,Confirmed,Current,Very High,Current SLPS school in ZIP. Historical opening date needs district-building research.
63147,River Roads Lutheran School,River Roads Lutheran,Private Lutheran,Private Elementary/Middle,Unknown,,#VALUE!,#VALUE!,8623 Church Road,8623 Church Rd St Louis MO 63147,Address,Confirmed,Current,Very High,Current private school. LCMS accreditation records establish it as an established Lutheran school; search church/school archives for founding date.
63147,Baden School District,Baden School District,Baden local district,Public School District,Unknown,Unknown,#VALUE!,#VALUE!,Baden,St Louis MO 63147,Community,Probable,Historical,Very High,Retain as district-level search term because historical Baden schools may appear under district rather than SLPS.
63147,Baden Public School,Baden Public School,Baden local district,Public Elementary,Unknown,Unknown,#VALUE!,#VALUE!,Baden,St Louis MO 63147,Community,Probable,Historical,Very High,"Generic predecessor identity; investigate through city directories, Sanborn maps and SLPS records."
63147,Baden High School,Baden High School / Baden Secondary School,St. Louis Public Schools,Public High School,Unknown,Unknown,#VALUE!,#VALUE!,Baden,St Louis MO 63147,Served ZIP/community,Lead,Historical,Very High,Do not treat as confirmed yet; retained because Baden-area residents may have attended North St Louis high schools and archival references may use Baden as a school name.
63147,Beaumont High School,Beaumont High School,St. Louis Public Schools,Public High School,1926,2014,88,88,3836 Natural Bridge Avenue,3836 Natural Bridge Ave St Louis MO 63107,Served ZIP/community,Borderline,Closed,Very High,Important North St Louis high school; Baden residents historically could attend depending on attendance boundaries.
63147,North High School,North High School,St. Louis Public Schools,Public High School,1900s,,#VALUE!,#VALUE!,North St Louis,St Louis MO,Served ZIP/community,Borderline,Current/Successor,Very High,Important North City high-school identity; include because Baden residents' secondary-school boundaries changed repeatedly.
63147,Riverview Gardens High School,Riverview Gardens Senior High School,Riverview Gardens School District,Public High School,1950s,,#VALUE!,#VALUE!,1218 Shepley Drive,1218 Shepley Dr St Louis MO 63137,Served ZIP/community,Borderline,Current/Successor,High,Across city/county boundary; retain for North County/North City residents near Riverview.
63147,St. Louis Community College - Florissant Valley,Florissant Valley Community College,St. Louis Community College,Community College,1965,,61,61,3400 Pershall Road,3400 Pershall Rd St Louis MO 63135,Served ZIP/community,Borderline,Current,High,Regional postsecondary source for later residency records.
63147,University of Missouri-St. Louis,UMSL,University of Missouri System,Public University,1963,,63,63,1 University Boulevard,1 University Blvd St Louis MO 63121,Served ZIP/community,Borderline,Current,High,Regional college; include in later college inventory.
63304,Francis Howell High School,Francis Howell High; Howell High,Francis Howell R-III,Public High School,1881,,145,145,7001 Highway 94 South,7001 Hwy 94 S St Charles MO 63304,Address,Confirmed,Current,Very High,School traces its institutional history to 1881. Current campus is at 7001 Hwy 94 South. Yearbook: Howelltonian.
63304,Francis Howell High School - Original School,Francis Howell High,Francis Howell predecessor,Public High School,1881,1958,77,77,Francis Howell area,St Charles County,Community,Confirmed,Replaced,Very High,Institutional predecessor to current Francis Howell High. Search early annuals/yearbooks under Howell High and Francis Howell High.
63304,Francis Howell Central High School,Francis Howell Central; Howell Central,FH R-III,Public High School,1987,,39,39,5199 Highway N,5199 Hwy N St Charles MO 63304,Address,Confirmed,Current,Very High,Second major FH high school. Current campus in 63304.
63304,Francis Howell Middle School,Francis Howell Junior High,FH R-III,Public Middle School,Unknown,,#VALUE!,#VALUE!,825 O'Fallon Road,825 O'Fallon Rd St Charles MO 63304,Address,Confirmed,Current,Very High,Search historical publications under Junior High as well as Middle School.
63304,Bryan Middle School,Bryan Junior High School,FH R-III,Public Middle School,Unknown,,#VALUE!,#VALUE!,605 Independence Road,605 Independence Rd St Charles MO 63304,Address,Confirmed,Current,Very High,Institutional name may have changed with grade reconfiguration.
63304,Hollenbeck Middle School,Hollenbeck Junior High,FH R-III,Public Middle School,Unknown,,#VALUE!,#VALUE!,4555 Central School Road,4555 Central School Rd St Charles MO 63304,Address,Confirmed,Current,Very High,Current middle school in 63304.
63304,Saeger Middle School,Saeger Junior High,FH R-III,Public Middle School,Unknown,,#VALUE!,#VALUE!,5201 Highway N,5201 Hwy N St Charles MO 63304,Address,Confirmed,Current,Very High,Current middle school; search Junior High predecessor records.
63304,Castlio Elementary School,Castlio School,FH R-III,Public Elementary,Unknown,,#VALUE!,#VALUE!,1020 Dingledine Road,1020 Dingledine Rd St Charles MO 63304,Address,Confirmed,Current,Very High,Long-running FH elementary institution; current building and additions documented by county records.
63304,Central Elementary School,Central School,FH R-III,Public Elementary,Unknown,,#VALUE!,#VALUE!,4525 Central School Road,4525 Central School Rd St Charles MO 63304,Address,Confirmed,Current,Very High,Historical school identity likely predates current building. Search Central School rather than only current name.
63304,Independence Elementary School,Independence School,FH R-III,Public Elementary,Unknown,,#VALUE!,#VALUE!,4800 Meadows Parkway,4800 Meadows Pkwy St Charles MO 63304,Address,Confirmed,Current,High,Current FH elementary.
63304,Westwood Trail Academy,Westwood Trail School,FH R-III,Public Alternative,Unknown,,#VALUE!,#VALUE!,810 Westwood Industrial Drive,810 Westwood Industrial Dr St Charles MO 63304,Address,Confirmed,Current,Medium,Alternative school; yearbook probability low.
63304,Early Childhood Family Education Center,ECFEC,FH R-III,Public Early Childhood,Unknown,,#VALUE!,#VALUE!,4535 Central School Road,4535 Central School Rd St Charles MO 63304,Address,Confirmed,Current,Low,Modern early childhood institution.
63304,Early Childhood Family Education Center - Meadows,ECFEC,FH R-III,Public Early Childhood,Unknown,,#VALUE!,#VALUE!,4810 Meadows Parkway,4810 Meadows Pkwy St Charles MO 63304,Address,Confirmed,Current,Low,Modern early-childhood facility.
63304,Messiah Lutheran School,Messiah Lutheran School,Messiah Lutheran Church,Private Lutheran,Unknown,,#VALUE!,#VALUE!,5911 Highway 94 South,5911 Hwy 94 S St Charles MO 63304,Address,Confirmed,Current,High,Private school in ZIP; church/school archives should be searched.
63304,St. Cletus School,St. Cletus Parish School,Archdiocese of St Louis,Parochial School,Unknown,Unknown,#VALUE!,#VALUE!,St Charles County,St Charles County,Served ZIP/community,Borderline,Current/Historical,High,Catholic-school lead for St Peters/Cottleville/Weldon Spring area.
63304,Immaculate Conception School,Immaculate Conception School,Archdiocese of St Louis,Parochial School,Unknown,,#VALUE!,#VALUE!,2089 Hanley Road,Dardenne Prairie MO 63368,Served ZIP/community,Borderline,Current,High,Postal/attendance boundaries make this a possible school for western 63304 residents.
63304,Francis Howell School District,Francis Howell R-III,Francis Howell R-III,Public School District,Unknown,,#VALUE!,#VALUE!,St Charles County,St Charles County,Community,Confirmed,Current,Very High,Primary district for 63304. District-level records should be searched separately from school yearbooks.
63304,Fort Zumwalt School District,Fort Zumwalt R-II,Fort Zumwalt R-II,Public School District,Unknown,,#VALUE!,#VALUE!,St Charles County,St Charles County,Community,Confirmed,Current,High,Parts of 63304 may intersect Fort Zumwalt attendance/service boundaries.
63304,St. Charles Community College,St. Charles County Community College,St Charles Community College,Public Community College,1987,,39,39,4601 Mid Rivers Mall Drive,4601 Mid Rivers Mall Dr St Peters MO 63376,Served ZIP/community,Borderline,Current,Very High,"Regional community college; search student newspapers, directories, commencement programs and yearbooks."
63304,Lindenwood College,Lindenwood University,Lindenwood,Private College,1827,,199,199,209 S Kingshighway,St Charles MO 63301,Served ZIP/community,Borderline,Current,High,Important St Charles-area college for later residency records.
63341,Walnut Grove School,Sycamore School; Walnut Grove District No. 68,St Charles County School District No. 68,Public Elementary,1881,1951,70,70,Defiance/Darst Bottom,Defiance MO 63341,Community,Confirmed,Closed,Very High,First public school in Defiance area. Organized around 1881 as Sycamore; renamed Walnut Grove before 1897. One-room school closed after 1950 annexation.
63341,Sycamore School,Sycamore School,Walnut Grove predecessor,Public Elementary,1881,1897,16,16,Defiance/Darst Bottom,Defiance MO 63341,Community,Confirmed,Renamed,Very High,Original name of the Defiance public school before it became Walnut Grove.
63341,Walnut Grove District No. 68,Walnut Grove School District No. 68,St Charles County,Public School District,1910,1950,40,40,Defiance,Defiance MO 63341,Community,Confirmed,Annexed,Very High,District reorganized in February 1910. Voters approved annexation to Consolidated School District No. 2 in 1950.
63341,Consolidated School District No. 2,Consolidated District No. 2 of St Charles County,St Charles County,Public School District,1950,Unknown,#VALUE!,#VALUE!,Defiance/New Melle area,St Charles County,Community,Confirmed,Predecessor,Very High,Predecessor to modern Francis Howell R-III. Critical district-level search term.
63341,Francis Howell R-III,Francis Howell Reorganized School District No. 3,Francis Howell R-III,Public School District,1950s,,#VALUE!,#VALUE!,St Charles County,St Charles County,Community,Confirmed,Current,Very High,Modern district serving Defiance.
63341,Daniel Boone Elementary School,Daniel Boone School,Francis Howell R-III,Public Elementary,1955,,71,71,201 W Highway D,201 W Hwy D New Melle MO 63365,Served ZIP/community,Confirmed,Current,Very High,"Opened Sept. 6, 1955 as second elementary for Reorganized District No. 3; serves New Melle/Defiance area."
63341,Francis Howell Middle School,Francis Howell Junior High,FH R-III,Public Middle School,Unknown,,#VALUE!,#VALUE!,825 O'Fallon Road,825 O'Fallon Rd St Charles MO 63304,Served ZIP/community,Confirmed,Current,Very High,Defiance students commonly attend Francis Howell Middle. Search both Middle and Junior High names.
63341,Francis Howell High School,Francis Howell High; Howell High,FH R-III,Public High School,1881,,145,145,7001 Highway 94 South,7001 Hwy 94 S St Charles MO 63304,Served ZIP/community,Confirmed,Current,Very High,Defiance is explicitly within the historical/current FH attendance area.
63341,Washington High School,Washington Senior High School,School District of Washington,Public High School,Unknown,,#VALUE!,#VALUE!,Washington MO 63090,Served ZIP/community,Borderline,Current,Very High,A small portion of Defiance is in School District of Washington; important borderline high-school target.,
63341,Washington Middle School,Washington Junior High,School District of Washington,Public Middle School,Unknown,,#VALUE!,#VALUE!,Washington MO 63090,Served ZIP/community,Borderline,Current,High,Include for the portion of Defiance in Washington R-II.,
63341,Washington School District,School District of Washington,School District of Washington,Public School District,Unknown,,#VALUE!,#VALUE!,Washington/Defiance,St Charles/Franklin County,Served ZIP/community,Borderline,Current,Very High,Small Defiance-area portion attends Washington district.
63341,Defiance School,Defiance School,Defiance predecessor,Public Elementary,Unknown,Unknown,#VALUE!,#VALUE!,Defiance,Defiance MO 63341,Address,Probable,Historical,Very High,Generic historical identity to investigate in county school maps/directories.
63341,Defiance School District,Defiance local school district,Defiance predecessor,Public School District,Unknown,Unknown,#VALUE!,#VALUE!,Defiance,Defiance MO 63341,Community,Probable,Historical,Very High,Placeholder for pre-consolidation district records; do not delete until district lineage is fully reconstructed.
63341,New Melle Public School,New Melle Public School,New Melle predecessor,Public Elementary,1800s,1955,#VALUE!,#VALUE!,New Melle,New Melle MO,Served ZIP/community,Confirmed,Closed/Replaced,Very High,New Melle had a public school and two parochial schools before 1900. Daniel Boone opened in 1955 as successor/new consolidated education center.
63341,New Melle Parochial School 1,Unnamed New Melle Parochial School,St Paul Lutheran / local parish,Parochial Elementary,1800s,Unknown,#VALUE!,#VALUE!,New Melle,New Melle MO,Served ZIP/community,Confirmed,Historical,Very High,New Melle history documents two parochial schools before 1900; exact names require church archive research.
63341,New Melle Parochial School 2,Unnamed New Melle Parochial School,Local parish,Parochial Elementary,1800s,Unknown,#VALUE!,#VALUE!,New Melle,New Melle MO,Served ZIP/community,Confirmed,Historical,Very High,Second historical parochial school documented by city history. Exact identity remains to be resolved.
63341,St. Paul Lutheran School,St. Paul Lutheran Church School,St. Paul Lutheran Church,Parochial School,Unknown,Unknown,#VALUE!,#VALUE!,New Melle,New Melle MO,Served ZIP/community,Probable,Historical/Current Unknown,High,New Melle's Lutheran congregation dates to 1844; investigate church archives for school chronology.
63341,Defiance Area Rural Schools,Various one-room district schools,Multiple local districts,Public Elementary,1800s,1950s,#VALUE!,#VALUE!,Defiance area,Defiance MO 63341,Community,Confirmed,Historical,Very High,Rural school consolidation means several buildings may have disappeared from modern school lists. Continue reconstructing from county plat maps and district records.
63341,St. Charles Community College,St Charles County Community College,St Charles Community College,Community College,1987,,39,39,4601 Mid Rivers Mall Drive,St Peters MO 63376,Served ZIP/community,Borderline,Current,High,Regional college; later-stage residency-record target.
63367,Liberty High School,Liberty High,Wentzville R-IV,Public High School,2013,,13,13,2275 Sommers Road,2275 Sommers Rd Lake St Louis MO 63367,Address,Confirmed,Current,Very High,Opened 2013 as third Wentzville high school. Current major 63367 high school.
63367,Timberland High School,Timberland High,Wentzville R-IV,Public High School,1991,,35,35,559 E Highway N,Wentzville MO 63385,Served ZIP/community,Borderline,Current,Very High,Regional Wentzville high school; attendance boundaries have included Lake St Louis-area residents.
63367,Emil E. Holt Sr. High School,Wentzville High School; Wentzville Holt High,Wentzville R-IV,Public High School,1969,,57,57,600 Campus Drive,Wentzville MO 63385,Served ZIP/community,Confirmed,Current/Successor,Very High,Officially renamed Holt in 1969; historically known simply as Wentzville High School. Important for pre-Liberty Lake St Louis residents.
63367,Wentzville High School,Wentzville High,Wentzville R-IV,Public High School,Unknown,1969,#VALUE!,#VALUE!,Wentzville,Wentzville MO 63385,Served ZIP/community,Confirmed,Renamed,Very High,Use as separate search identity because yearbooks before 1969 will use Wentzville High.
63367,Wentzville Middle School,Wentzville Junior High,Wentzville R-IV,Public Middle School,Unknown,,#VALUE!,#VALUE!,Wentzville,Wentzville MO 63385,Served ZIP/community,Confirmed,Current,High,Search historical junior-high identity.
63367,Wentzville South Middle School,Wentzville South Junior High,Wentzville R-IV,Public Middle School,Unknown,,#VALUE!,#VALUE!,Wentzville,Wentzville MO 63385,Served ZIP/community,Borderline,Current,High,Attendance-area school for southern/eastern Wentzville/Lake St Louis residents.
63367,Frontier Middle School,Frontier Junior High,Wentzville R-IV,Public Middle School,Unknown,,#VALUE!,#VALUE!,9233 Highway DD,O'Fallon MO 63368,Served ZIP/community,Confirmed,Current,Very High,Current middle school frequently assigned to Lake St Louis/63367 residents.
63367,Green Tree Elementary School,Green Tree School,Wentzville R-IV,Public Elementary,Unknown,,#VALUE!,#VALUE!,1000 Ronald Reagan Drive,1000 Ronald Reagan Dr Lake St Louis MO 63367,Address,Confirmed,Current,Very High,Current school physically in ZIP.
63367,Duello Elementary School,Duello School,Wentzville R-IV,Public Elementary,Unknown,,#VALUE!,#VALUE!,1814 Duello Road,1814 Duello Rd Lake St Louis MO 63367,Address,Confirmed,Current,Very High,Current elementary physically in ZIP.
63367,Prairie View Elementary School,Prairie View School,Wentzville R-IV,Public Elementary,Unknown,,#VALUE!,#VALUE!,1550 Feise Road,O'Fallon MO 63368,Served ZIP/community,Confirmed,Current,High,Current Wentzville school serving 63367 area.
63367,Discovery Ridge Elementary School,Discovery Ridge School,Wentzville R-IV,Public Elementary,Unknown,,#VALUE!,#VALUE!,2523 Sommers Road,O'Fallon MO 63367,Address,Confirmed,Current,Very High,Current elementary physically in ZIP.
63367,Crossroads Elementary School,Crossroads School,Wentzville R-IV,Public Elementary,Unknown,,#VALUE!,#VALUE!,7500 Town Square Avenue,Dardenne Prairie MO 63368,Served ZIP/community,Borderline,Current,High,Current Wentzville school; attendance area can overlap 63367.
63367,Lakeview Elementary School,Lakeview School,Wentzville R-IV,Public Elementary,Unknown,,#VALUE!,#VALUE!,63367 area,63367,Address/Community,Probable,Current/Historical,High,Appears in current school listings for 63367; exact campus/ZIP history should be resolved.
63367,Lake St. Louis Rural Schools,Various rural one-room schools,Multiple local districts,Public Elementary,1800s-1900s,1960s,#VALUE!,#VALUE!,Present Lake St Louis area,Lake St Louis MO 63367,Community,Probable,Historical,Very High,The Lake St Louis planned community was built over previously rural territory; reconstruct predecessor schools from county district maps.
63367,Boone-Duden Area Schools,Boone/Duden rural schools,Francis Howell/Wentzville predecessors,Public Elementary,1800s,1950s,#VALUE!,#VALUE!,Western St Charles County,St Charles County,Served ZIP/community,Borderline,Historical,Very High,Rural school consolidation preceded modern Wentzville boundaries.
63367,Wentzville School District,Wentzville R-IV,Wentzville R-IV,Public School District,Unknown,,#VALUE!,#VALUE!,Wentzville/Lake St Louis,St Charles County,Community,Confirmed,Current,Very High,Primary district for 63367.
63367,St. Charles Community College,St Charles County Community College,St Charles Community College,Community College,1987,,39,39,4601 Mid Rivers Mall Drive,St Peters MO 63376,Served ZIP/community,Borderline,Current,Very High,Regional college for Lake St Louis residents.
63368,Fort Zumwalt West High School,Fort Zumwalt West Senior High,Fort Zumwalt R-II,Public High School,1998,,28,28,1251 Turtle Creek Drive,O'Fallon MO 63368,Address,Confirmed,Current,Very High,Current Fort Zumwalt high school physically in ZIP.
63368,Fort Zumwalt West Middle School,Fort Zumwalt West Junior High,Fort Zumwalt R-II,Public Middle School,2001,,25,25,150 Waterford Crossing,O'Fallon MO 63368,Address,Confirmed,Current,Very High,"Opened Sept. 4, 2001. School's own history confirms first-year yearbook material."
63368,Fort Zumwalt North High School,Fort Zumwalt High School,Fort Zumwalt R-II,Public High School,1960,,66,66,1230 Tom Ginnever Avenue,O'Fallon MO 63366,Served ZIP/community,Confirmed,Current/Successor,Very High,First Fort Zumwalt high school. Established 1960 as Fort Zumwalt High; renamed North in 1987.
63368,Fort Zumwalt High School,Former Fort Zumwalt High,Fort Zumwalt R-II,Public High School,1960,1987,27,27,1230 Tom Ginnever Avenue,O'Fallon MO 63366,Served ZIP/community,Confirmed,Renamed,Very High,Separate historical identity needed for 1960-1986 yearbook searches.
63368,Fort Zumwalt South High School,Fort Zumwalt South,Fort Zumwalt R-II,Public High School,1987,,39,39,8050 Mexico Road,St Peters MO 63376,Served ZIP/community,Borderline,Current,High,Second FZ high school; attendance areas can include eastern/western O'Fallon residents.
63368,Fort Zumwalt East High School,Fort Zumwalt East,Fort Zumwalt R-II,Public High School,2007,,19,19,6001 Highway 94,St Peters MO 63376,Served ZIP/community,Borderline,Current,High,Current Fort Zumwalt high school serving parts of broader O'Fallon/St Peters area.
63368,Dardenne Elementary School,Dardenne School,Fort Zumwalt R-II,Public Elementary,Unknown,,#VALUE!,#VALUE!,2621 Highway K,O'Fallon MO 63368,Address,Confirmed,Current,Very High,Current Fort Zumwalt elementary physically in ZIP.
63368,Ostmann Elementary School,Ostmann School,Fort Zumwalt R-II,Public Elementary,Unknown,,#VALUE!,#VALUE!,200 Meriwether Lewis Drive,O'Fallon MO 63368,Address,Confirmed,Current,Very High,Current school in Dardenne Prairie/63368.
63368,Pheasant Point Elementary School,Pheasant Point School,Fort Zumwalt R-II,Public Elementary,Unknown,,#VALUE!,#VALUE!,3450 Pheasant Meadow Drive,O'Fallon MO 63368,Address,Confirmed,Current,Very High,Current FZ elementary physically in ZIP.
63368,Twin Chimneys Elementary School,Twin Chimneys School,Fort Zumwalt R-II,Public Elementary,Unknown,,#VALUE!,#VALUE!,7396 Twin Chimneys Boulevard,O'Fallon MO 63368,Address,Confirmed,Current,Very High,Current elementary physically in ZIP.
63368,Emge Elementary School,Emge School,Fort Zumwalt R-II,Public Elementary,Unknown,,#VALUE!,#VALUE!,250 Fallon Parkway,O'Fallon MO 63368,Address,Confirmed,Current,Very High,Current FZ elementary in ZIP.
63368,Francis Howell Union High School,Francis Howell Union,FH R-III,Public Alternative High School,Unknown,,#VALUE!,#VALUE!,801 Corporate Centre Drive,O'Fallon MO 63368,Address,Confirmed,Current,High,Current FH alternative high school physically in ZIP.
63368,Francis Howell Middle School,Francis Howell Junior High,FH R-III,Public Middle School,Unknown,,#VALUE!,#VALUE!,825 O'Fallon Road,St Charles MO 63304,Served ZIP/community,Confirmed,Current,Very High,Current FH middle school serving portions of 63368.
63368,Francis Howell Central High School,Francis Howell Central,FH R-III,Public High School,1987,,39,39,5199 Highway N,St Charles MO 63304,Served ZIP/community,Confirmed,Current,Very High,Current FH high school; attendance boundaries overlap 63368.
63368,John Weldon Elementary School,John Weldon School,FH R-III,Public Elementary,Unknown,,#VALUE!,#VALUE!,7370 Weldon Spring Road,Dardenne Prairie MO 63368,Address,Confirmed,Current,Very High,Current FH elementary physically in ZIP.
63368,Saeger Middle School,Saeger Junior High,FH R-III,Public Middle School,Unknown,,#VALUE!,#VALUE!,5201 Highway N,St Charles MO 63304,Served ZIP/community,Borderline,Current,High,FH middle school potentially serving portions of 63368.
63368,Crossroads Elementary School,Crossroads School,Wentzville R-IV,Public Elementary,Unknown,,#VALUE!,#VALUE!,7500 Town Square Avenue,Dardenne Prairie MO 63368,Address,Confirmed,Current,Very High,Current Wentzville elementary physically in ZIP.
63368,Frontier Middle School,Frontier Junior High,Wentzville R-IV,Public Middle School,Unknown,,#VALUE!,#VALUE!,9233 Highway DD,O'Fallon MO 63368,Address,Confirmed,Current,Very High,Current Wentzville middle school physically in ZIP.
63368,Prairie View Elementary School,Prairie View School,Wentzville R-IV,Public Elementary,Unknown,,#VALUE!,#VALUE!,1550 Feise Road,O'Fallon MO 63368,Address,Confirmed,Current,Very High,Current Wentzville elementary physically in ZIP.
63368,Barfield Early Childhood Center,Barfield Early Childhood,Wentzville R-IV,Public Early Childhood,Unknown,,#VALUE!,#VALUE!,2025 Hanley Road,O'Fallon MO 63368,Address,Confirmed,Current,Low,Modern early-childhood facility.
63368,Liberty High School,Liberty High,Wentzville R-IV,Public High School,2013,,13,13,2275 Sommers Road,Lake St Louis MO 63367,Served ZIP/community,Confirmed,Current,Very High,Some 63368 residents attend Liberty; current physical campus is 63367.
63368,Immaculate Conception School,Immaculate Conception School,Archdiocese of St Louis,Parochial School,Unknown,,#VALUE!,#VALUE!,2089 Hanley Road,Dardenne Prairie MO 63368,Address,Confirmed,Current,Very High,Private Catholic elementary/middle school physically in ZIP.
63368,Oakhaven Montessori School,Oakhaven Montessori,Oakhaven Montessori,Private School,Unknown,,#VALUE!,#VALUE!,7267 Highway N,Dardenne Prairie MO 63368,Address,Confirmed,Current,High,Current private school in ZIP.
63368,Future Apostle Academy,Future Apostle Academy,Private School,Private School,Unknown,,#VALUE!,#VALUE!,563 Springhurst Parkway,O'Fallon MO 63368,Address,Confirmed,Current,Medium,Current private school; likely little yearbook value but retain.
63368,O'Fallon Public School System,O'Fallon Public School District,O'Fallon predecessor,Public School District,1869,Unknown,#VALUE!,#VALUE!,O'Fallon,O'Fallon MO,Community,Confirmed,Historical,Very High,O'Fallon public school system was organized in 1869. Important predecessor identity before modern Fort Zumwalt district.
63368,Fort Zumwalt School District,Fort Zumwalt R-II,Fort Zumwalt R-II,Public School District,Unknown,,#VALUE!,#VALUE!,O'Fallon/St Peters,St Charles County,Community,Confirmed,Current,Very High,Primary historical/current district for much of 63368.
63368,Francis Howell School District,Francis Howell R-III,Francis Howell R-III,Public School District,Unknown,,#VALUE!,#VALUE!,St Charles County,St Charles County,Community,Confirmed,Current,Very High,One of three districts overlapping ZIP.
63368,Wentzville School District,Wentzville R-IV,Wentzville R-IV,Public School District,Unknown,,#VALUE!,#VALUE!,St Charles County,St Charles County,Community,Confirmed,Current,Very High,One of three districts overlapping ZIP.
63368,Woodlawn Seminary,Woodlawn Seminary,O'Fallon private institution,Private Seminary/School,1878,Unknown,#VALUE!,#VALUE!,O'Fallon near Fort Zumwalt Park,O'Fallon MO 63366,Served ZIP/community,Confirmed,Historical,Very High,Opened 1878 to provide classical education for young women. Important historical O'Fallon educational institution.
63368,Assumption School,Assumption Parish School,Assumption Parish / Archdiocese of St Louis,Parochial School,1870s,Unknown,#VALUE!,#VALUE!,O'Fallon,O'Fallon MO 63366,Served ZIP/community,Confirmed,Historical/Current,Very High,O'Fallon Catholic education traces to the arrival of the Sisters of the Most Precious Blood in 1873 and Assumption parish school system.
63368,St. Paul Lutheran School,St. Paul Lutheran School,O'Fallon Lutheran,Parochial School,Unknown,Unknown,#VALUE!,#VALUE!,O'Fallon,O'Fallon MO,Served ZIP/community,Probable,Historical/Current,High,Retain pending church archive reconstruction.
63368,St. Charles Community College,St Charles County Community College,St Charles Community College,Community College,1987,,39,39,4601 Mid Rivers Mall Drive,St Peters MO 63376,Served ZIP/community,Confirmed,Current,Very High,Regional college; important repository target.
63368,St. Charles Community College - Dardenne Creek Campus,Dardenne Creek Campus,St Charles Community College,Community College,2017,,9,9,St Charles County,Dardenne Prairie MO 63368,Address,Confirmed,Current,High,Dardenne Creek Campus opened 2017; current postsecondary institution physically in 63368.